batch,Dec_CrossAttn_L0,Dec_CrossAttn_L1,Dec_CrossAttn_L2,Dec_CrossAttn_L3,Dec_CrossAttn_L4,Dec_CrossAttn_L5,Dec_FFN_L0,Dec_FFN_L1,Dec_FFN_L2,Dec_FFN_L3,Dec_FFN_L4,Dec_FFN_L5,Dec_SelfAttn_L0,Dec_SelfAttn_L1,Dec_SelfAttn_L2,Dec_SelfAttn_L3,Dec_SelfAttn_L4,Dec_SelfAttn_L5,Enc_FFN_L0,Enc_FFN_L1,Enc_FFN_L2,Enc_FFN_L3,Enc_FFN_L4,Enc_FFN_L5,Enc_SelfAttn_L0,Enc_SelfAttn_L1,Enc_SelfAttn_L2,Enc_SelfAttn_L3,Enc_SelfAttn_L4,Enc_SelfAttn_L5
batch 0,0.838902,0.656017,0.618186,0.603393,0.686045,0.621702,0.582143,0.463231,0.463992,0.543984,0.551563,0.780866,0.790929,0.219889,0.164337,0.136361,0.290275,0.412862,0.836071,0.655306,0.550724,0.449361,0.394644,0.433458,1.615267,0.788200,0.511225,0.398298,0.386475,0.337461
batch 1,0.780389,0.630462,0.633026,0.624850,0.717101,0.587716,0.567111,0.467693,0.475999,0.542300,0.550725,0.757240,0.722757,0.230768,0.156601,0.136697,0.294995,0.407212,0.740309,0.527203,0.471559,0.433654,0.408841,0.476860,1.550849,0.739556,0.544653,0.480845,0.437064,0.369230
batch 2,0.879546,0.690664,0.607452,0.607454,0.658269,0.626535,0.592521,0.476913,0.473719,0.526990,0.529607,0.751565,0.859349,0.248900,0.170140,0.128221,0.270859,0.405718,0.836678,0.610958,0.575842,0.437207,0.408908,0.447269,1.610121,0.783317,0.543285,0.455450,0.393832,0.355907
batch 3,0.774579,0.643924,0.625191,0.644819,0.719513,0.601316,0.544220,0.466512,0.465460,0.521279,0.516571,0.716230,0.705761,0.258108,0.163781,0.140697,0.288009,0.377360,0.684243,0.500190,0.445082,0.427680,0.390924,0.473057,1.338751,0.662967,0.509189,0.431131,0.404885,0.363676
batch 4,0.778506,0.654940,0.621883,0.653563,0.721535,0.621062,0.553131,0.472023,0.475871,0.531053,0.539137,0.786510,0.745639,0.248811,0.166779,0.134792,0.288650,0.431592,0.756020,0.560416,0.472649,0.425440,0.423021,0.446553,1.503197,0.721713,0.545428,0.477853,0.419651,0.361151
batch 5,0.846475,0.634932,0.603080,0.602465,0.648196,0.571194,0.584019,0.457874,0.456050,0.510305,0.534818,0.735225,0.762202,0.235572,0.164189,0.134117,0.286650,0.395702,0.758412,0.602605,0.500486,0.436728,0.425973,0.442343,1.604771,0.752304,0.522042,0.439511,0.399031,0.354597
batch 6,0.891041,0.693256,0.672325,0.668781,0.699098,0.666943,0.615178,0.490183,0.486242,0.546490,0.531748,0.761978,0.880991,0.248688,0.175136,0.137768,0.282707,0.420564,0.748145,0.568526,0.489234,0.459356,0.377628,0.487300,1.525366,0.722366,0.513695,0.449848,0.407082,0.372637
batch 7,0.687204,0.570619,0.572965,0.569792,0.653210,0.577669,0.541300,0.454811,0.453809,0.526671,0.503844,0.753726,0.657128,0.253605,0.171335,0.129930,0.251235,0.408151,0.661659,0.515136,0.466439,0.449040,0.376306,0.470815,1.376835,0.710279,0.522028,0.448014,0.411158,0.381538
batch 8,0.756712,0.632990,0.587239,0.599850,0.669342,0.586605,0.555687,0.460948,0.454844,0.516406,0.524717,0.758644,0.691021,0.245478,0.167842,0.129505,0.268534,0.413142,0.732740,0.540717,0.472389,0.430685,0.417755,0.442258,1.499834,0.729755,0.544349,0.435929,0.423165,0.370667
batch 9,0.926068,0.714358,0.660116,0.649059,0.708067,0.606675,0.595639,0.483539,0.468513,0.515063,0.515157,0.732461,0.863595,0.223162,0.179670,0.130844,0.277043,0.387139,0.772698,0.614360,0.541488,0.421076,0.407540,0.440721,1.613559,0.702421,0.505544,0.411772,0.369191,0.327662
batch 10,0.713002,0.628216,0.587191,0.591834,0.666901,0.556979,0.510667,0.452210,0.449093,0.513864,0.500510,0.753063,0.662367,0.230665,0.168107,0.136837,0.263428,0.399008,0.722687,0.537243,0.456470,0.457252,0.408590,0.470405,1.392800,0.709407,0.534055,0.468907,0.411038,0.363337
batch 11,0.779695,0.663843,0.593412,0.605496,0.619266,0.554503,0.574052,0.465633,0.476789,0.526062,0.539893,0.715607,0.786029,0.238038,0.164640,0.129046,0.251001,0.363726,0.761511,0.628645,0.543631,0.414260,0.371739,0.443926,1.597130,0.745908,0.528505,0.429396,0.367640,0.331827
batch 12,0.678693,0.590338,0.585928,0.595687,0.662491,0.570118,0.516770,0.441088,0.441056,0.507787,0.503241,0.726432,0.610130,0.264208,0.164560,0.131192,0.259373,0.390715,0.673924,0.503883,0.461996,0.453275,0.410645,0.463720,1.409641,0.715591,0.539817,0.463486,0.432479,0.385422
batch 13,0.741894,0.612026,0.597625,0.608476,0.704785,0.592343,0.534479,0.456751,0.445840,0.513337,0.505138,0.742932,0.666811,0.253818,0.176939,0.140360,0.287378,0.403368,0.659772,0.496298,0.439574,0.440785,0.384588,0.446206,1.358409,0.731069,0.535327,0.444902,0.434801,0.382866
batch 14,0.801831,0.659096,0.610566,0.618390,0.723614,0.616747,0.575573,0.481821,0.476700,0.531987,0.527126,0.723140,0.754916,0.257264,0.188856,0.137524,0.278140,0.396368,0.750607,0.580410,0.489158,0.445380,0.382291,0.478927,1.522997,0.742723,0.512774,0.452718,0.411466,0.371650
batch 15,0.718374,0.591884,0.589740,0.582755,0.647961,0.567356,0.526662,0.448384,0.443690,0.512624,0.486279,0.734912,0.667522,0.262594,0.171995,0.141590,0.262660,0.419111,0.655718,0.488026,0.438208,0.427983,0.383278,0.468493,1.457620,0.681847,0.531242,0.456818,0.434208,0.397999
batch 16,0.836420,0.681519,0.623607,0.623538,0.664692,0.611588,0.553747,0.464582,0.480974,0.513389,0.498569,0.705155,0.803615,0.240587,0.172126,0.141877,0.251963,0.375152,0.764463,0.565286,0.493465,0.429102,0.384903,0.463725,1.495847,0.708559,0.526723,0.478997,0.380777,0.356550
batch 17,0.733385,0.587830,0.587712,0.588638,0.663545,0.560986,0.536658,0.448354,0.442277,0.509152,0.496723,0.714346,0.684096,0.244373,0.169047,0.148419,0.262656,0.379995,0.707480,0.542948,0.491860,0.437478,0.358873,0.490987,1.517733,0.706882,0.525057,0.450020,0.405582,0.383042
batch 18,0.759037,0.666445,0.597078,0.630131,0.667842,0.608807,0.553906,0.465828,0.461856,0.520680,0.509473,0.745796,0.701804,0.255328,0.166149,0.134066,0.264459,0.403028,0.729854,0.560788,0.476402,0.465323,0.412038,0.448154,1.490426,0.737026,0.547488,0.479153,0.413832,0.372170
batch 19,0.911462,0.691145,0.624049,0.584079,0.678084,0.574522,0.642473,0.484025,0.465741,0.527223,0.521817,0.733767,0.902757,0.216452,0.169118,0.133636,0.259349,0.396555,0.832636,0.603470,0.534074,0.431712,0.383269,0.429150,1.458569,0.690701,0.484354,0.383005,0.395820,0.310027
batch 20,0.708016,0.626095,0.595889,0.625089,0.692750,0.601223,0.528417,0.457022,0.453169,0.507624,0.498289,0.743387,0.651213,0.265932,0.175451,0.137210,0.265834,0.400895,0.749790,0.535136,0.488150,0.461702,0.407495,0.457342,1.579874,0.733742,0.557744,0.473033,0.427467,0.379380
batch 21,0.762951,0.637153,0.621339,0.640677,0.687854,0.602681,0.548533,0.464872,0.460237,0.524336,0.505121,0.749726,0.711305,0.257702,0.171428,0.146922,0.275153,0.400640,0.705117,0.529370,0.471504,0.434538,0.406827,0.480602,1.500481,0.736801,0.538940,0.458803,0.424793,0.389762
batch 22,0.834773,0.646719,0.611668,0.627244,0.666028,0.548124,0.639646,0.474931,0.475586,0.525123,0.533580,0.695475,0.836347,0.250300,0.170251,0.135361,0.260855,0.362481,0.781119,0.603770,0.525438,0.444210,0.406950,0.418232,1.629981,0.743247,0.542903,0.435967,0.386260,0.354014
batch 23,0.759300,0.633273,0.601766,0.626528,0.729782,0.633754,0.553794,0.473273,0.473608,0.528270,0.514410,0.783632,0.700905,0.250159,0.171476,0.139731,0.280265,0.435429,0.670073,0.524364,0.457048,0.464757,0.375409,0.479331,1.407972,0.711280,0.535106,0.443078,0.428437,0.381957
batch 24,0.848045,0.664386,0.629795,0.648875,0.710105,0.591217,0.600518,0.479676,0.481266,0.530756,0.512815,0.748996,0.821272,0.255192,0.176151,0.143856,0.271868,0.400298,0.719857,0.538858,0.484842,0.434772,0.416919,0.482951,1.532974,0.731095,0.517343,0.461624,0.431724,0.375513
batch 25,0.824623,0.676463,0.615377,0.600998,0.630999,0.571164,0.578514,0.463965,0.466487,0.537629,0.526102,0.756204,0.769966,0.224875,0.142632,0.125501,0.264914,0.400715,0.788015,0.627197,0.549525,0.451176,0.393583,0.445498,1.543084,0.730829,0.541167,0.445484,0.389949,0.341036
batch 26,0.781298,0.633951,0.596710,0.590379,0.647406,0.586322,0.564651,0.457612,0.460929,0.512178,0.497239,0.747233,0.775679,0.219861,0.151074,0.127742,0.260631,0.422695,0.761319,0.621916,0.536827,0.454055,0.395005,0.446481,1.630926,0.738535,0.523582,0.418550,0.368979,0.330076
batch 27,0.797786,0.625219,0.587177,0.602623,0.743168,0.608983,0.593595,0.473455,0.486814,0.534342,0.516591,0.778672,0.730041,0.238820,0.175462,0.129529,0.277428,0.427024,0.693774,0.522455,0.439137,0.473500,0.401164,0.440316,1.577617,0.728458,0.539616,0.439057,0.424708,0.388265
batch 28,0.787206,0.626350,0.622979,0.617486,0.752075,0.582900,0.561513,0.464764,0.469035,0.530468,0.528070,0.740915,0.722513,0.224958,0.171123,0.129449,0.274501,0.385900,0.713304,0.557501,0.496804,0.468005,0.451066,0.499325,1.418361,0.682509,0.531241,0.461280,0.404220,0.339850
batch 29,0.695919,0.608695,0.571829,0.593136,0.678744,0.562849,0.533385,0.455942,0.456694,0.507869,0.504478,0.722266,0.656757,0.244245,0.173648,0.131929,0.262590,0.383162,0.727246,0.532918,0.476391,0.440486,0.399041,0.454394,1.481988,0.722205,0.550808,0.449720,0.429774,0.382178
batch 30,0.791679,0.634369,0.623557,0.642064,0.735802,0.621542,0.535891,0.458404,0.464532,0.516021,0.503850,0.755346,0.687132,0.234617,0.157142,0.134882,0.285512,0.414820,0.753106,0.561560,0.477454,0.444289,0.372864,0.477972,1.512183,0.723259,0.561062,0.464080,0.404969,0.372763
batch 31,0.791328,0.660416,0.625663,0.662127,0.725991,0.607401,0.581332,0.471130,0.473899,0.546990,0.535820,0.813729,0.774008,0.230259,0.164737,0.135739,0.295688,0.434742,0.743568,0.519398,0.455591,0.491635,0.401259,0.463661,1.501078,0.697997,0.523872,0.453766,0.404579,0.376953
batch 32,0.685578,0.615737,0.578016,0.594836,0.668822,0.581656,0.527811,0.440353,0.443416,0.508909,0.515980,0.787547,0.622685,0.265859,0.179120,0.152208,0.283763,0.436533,0.720615,0.537534,0.441192,0.473116,0.415654,0.455685,1.519841,0.759954,0.567090,0.464523,0.430226,0.379306
batch 33,0.729946,0.610953,0.582839,0.585167,0.647892,0.577538,0.525009,0.440847,0.450497,0.505355,0.523086,0.753273,0.632037,0.233558,0.169311,0.145755,0.264167,0.402156,0.766088,0.554931,0.525909,0.444606,0.394654,0.435161,1.559731,0.747094,0.543895,0.411638,0.391781,0.365311
batch 34,0.838405,0.650075,0.598450,0.591768,0.651490,0.552164,0.584281,0.463773,0.462279,0.509057,0.504693,0.716954,0.733966,0.270407,0.202996,0.152762,0.265690,0.383563,0.665625,0.533536,0.483490,0.437482,0.412861,0.473098,1.405984,0.695454,0.516945,0.452050,0.408812,0.369630
batch 35,0.726058,0.604954,0.598098,0.613691,0.708322,0.609411,0.540373,0.478872,0.466963,0.520708,0.503915,0.770824,0.668447,0.257799,0.176884,0.136717,0.272930,0.427975,0.681948,0.522223,0.457586,0.454410,0.389825,0.482204,1.439398,0.727299,0.546393,0.467135,0.431277,0.392790
batch 36,0.851587,0.660162,0.631226,0.623346,0.689047,0.589220,0.590802,0.470762,0.475370,0.530683,0.519224,0.758830,0.797999,0.228672,0.155703,0.135900,0.270821,0.410580,0.783882,0.597643,0.513864,0.428545,0.414341,0.435212,1.507123,0.740404,0.527015,0.422996,0.399482,0.325303
batch 37,0.914454,0.689590,0.657388,0.604306,0.670052,0.624711,0.633036,0.490635,0.471148,0.523711,0.534354,0.744965,0.880401,0.216758,0.170820,0.128222,0.276549,0.406230,0.781010,0.608977,0.541304,0.462586,0.387235,0.437930,1.553539,0.723432,0.518600,0.402405,0.380675,0.335384
batch 38,0.728943,0.607411,0.593622,0.597915,0.665302,0.574718,0.551567,0.456952,0.446758,0.509314,0.505719,0.736525,0.661053,0.263570,0.170081,0.149290,0.271032,0.392755,0.719789,0.555774,0.514709,0.417079,0.397017,0.443493,1.479096,0.741428,0.531700,0.446268,0.423900,0.376295
batch 39,0.786231,0.634982,0.586095,0.610664,0.711277,0.591435,0.569280,0.467976,0.465787,0.519711,0.510144,0.749231,0.723881,0.250575,0.174695,0.151879,0.268679,0.412576,0.709360,0.538393,0.513816,0.446059,0.402226,0.464062,1.546354,0.719393,0.527570,0.452869,0.397906,0.369577
batch 40,0.786835,0.612627,0.569936,0.578504,0.699193,0.639979,0.598596,0.458717,0.470066,0.528025,0.538917,0.705727,0.727790,0.229753,0.159582,0.132584,0.279476,0.377930,0.805025,0.618560,0.536256,0.415219,0.414245,0.427718,1.576707,0.723742,0.552866,0.436990,0.407349,0.351153
batch 41,0.756651,0.644268,0.613573,0.640364,0.683479,0.572399,0.553136,0.482521,0.486009,0.534527,0.510159,0.739523,0.712029,0.242763,0.173592,0.145672,0.264968,0.397616,0.729280,0.560702,0.502816,0.467860,0.383876,0.488172,1.599612,0.783281,0.593662,0.487644,0.435895,0.379973
batch 42,0.743385,0.634311,0.599674,0.645028,0.745796,0.622738,0.538172,0.460584,0.469918,0.524057,0.493844,0.725208,0.755358,0.264503,0.172458,0.140893,0.278138,0.394731,0.769195,0.576565,0.513141,0.442585,0.396068,0.455442,1.565071,0.709144,0.507270,0.452759,0.396476,0.356583
batch 43,0.883905,0.684341,0.641368,0.630864,0.639790,0.597848,0.600004,0.469754,0.464917,0.512047,0.529329,0.773836,0.836869,0.226463,0.199185,0.140636,0.270955,0.408215,0.869512,0.655043,0.560152,0.426066,0.441267,0.435484,1.567963,0.775949,0.521932,0.410434,0.358057,0.318099
batch 44,0.796813,0.623456,0.631511,0.619046,0.701840,0.602878,0.571513,0.465116,0.458824,0.540455,0.525787,0.762286,0.754812,0.226161,0.162462,0.136685,0.289817,0.419899,0.745910,0.561454,0.530883,0.412161,0.384148,0.485281,1.526715,0.738797,0.543094,0.473155,0.414675,0.358898
batch 45,0.769846,0.630270,0.610766,0.620815,0.717055,0.628057,0.564604,0.471078,0.463766,0.530263,0.530889,0.763032,0.722835,0.249389,0.172159,0.144622,0.287715,0.413862,0.749688,0.568987,0.491701,0.405257,0.403317,0.468832,1.558751,0.748730,0.548633,0.470690,0.421043,0.370550
batch 46,0.924374,0.696525,0.647977,0.631410,0.688778,0.618498,0.595927,0.485861,0.479804,0.546597,0.534576,0.782050,0.872950,0.239140,0.167543,0.135827,0.282807,0.416344,0.775789,0.618518,0.519108,0.449486,0.414294,0.442773,1.422829,0.716203,0.494801,0.410839,0.356488,0.314035
batch 47,0.845708,0.687939,0.634590,0.633304,0.698848,0.613454,0.578155,0.478605,0.470903,0.546676,0.531302,0.792247,0.831481,0.218768,0.166796,0.132662,0.283035,0.425505,0.812903,0.610062,0.501194,0.410161,0.358773,0.464145,1.555331,0.697821,0.482391,0.421611,0.369595,0.334253
batch 48,0.807697,0.644988,0.625288,0.618335,0.716066,0.582801,0.540152,0.471248,0.471297,0.526792,0.510639,0.759137,0.753522,0.239235,0.157339,0.142985,0.286093,0.407872,0.738828,0.575549,0.483945,0.412069,0.369288,0.486068,1.609947,0.704330,0.552621,0.462733,0.376991,0.357044
batch 49,0.760039,0.618911,0.600227,0.630795,0.671531,0.603780,0.516783,0.447010,0.453101,0.515578,0.507307,0.739733,0.693712,0.232793,0.166281,0.137860,0.269819,0.416714,0.724856,0.573986,0.500397,0.434458,0.370116,0.464094,1.489614,0.733827,0.534975,0.448172,0.403692,0.366615
batch 50,0.710101,0.636386,0.583104,0.618425,0.631977,0.564898,0.565756,0.458937,0.460232,0.518908,0.516616,0.782496,0.725370,0.237732,0.163977,0.140536,0.272035,0.416029,0.778213,0.572944,0.472900,0.498378,0.445568,0.443214,1.571381,0.768226,0.537463,0.460351,0.387226,0.359627
batch 51,0.724291,0.626929,0.598687,0.629182,0.695034,0.613408,0.539271,0.461209,0.454474,0.509239,0.500811,0.724135,0.710115,0.274025,0.172035,0.152408,0.272818,0.403003,0.708797,0.523954,0.450661,0.427859,0.378072,0.473562,1.398142,0.716672,0.564430,0.453505,0.420501,0.384236
batch 52,0.773482,0.643706,0.611360,0.609036,0.685165,0.596938,0.547421,0.455274,0.457333,0.518018,0.522401,0.751800,0.697850,0.250649,0.167503,0.128974,0.266434,0.397774,0.795896,0.579211,0.508910,0.432514,0.389165,0.466473,1.566128,0.757573,0.542140,0.474326,0.398514,0.346489
batch 53,0.743983,0.625476,0.606276,0.617353,0.670600,0.572898,0.554840,0.456933,0.456862,0.527093,0.524566,0.756095,0.710985,0.235345,0.159796,0.131384,0.274626,0.399120,0.709991,0.566773,0.459117,0.446949,0.399825,0.468024,1.553847,0.751226,0.557500,0.453336,0.428476,0.384211
batch 54,0.824427,0.657518,0.636657,0.604499,0.716006,0.603168,0.597701,0.473593,0.466622,0.531186,0.513067,0.743095,0.780958,0.237715,0.157417,0.129092,0.273303,0.401574,0.745348,0.614519,0.528161,0.431482,0.389146,0.452385,1.536654,0.683532,0.492343,0.422849,0.395922,0.325594
batch 55,0.869017,0.692177,0.650412,0.669334,0.797362,0.674642,0.585693,0.477660,0.479743,0.540938,0.544796,0.747995,0.830131,0.219702,0.183735,0.133614,0.307584,0.418735,0.793833,0.572115,0.514693,0.429181,0.417217,0.442165,1.607619,0.688047,0.508951,0.411987,0.370150,0.339816
batch 56,0.812805,0.653297,0.647096,0.611311,0.701644,0.614183,0.556058,0.474734,0.481651,0.542334,0.519311,0.767831,0.836701,0.230859,0.166623,0.141170,0.276382,0.425910,0.760108,0.627937,0.495954,0.448725,0.399591,0.468939,1.603533,0.699211,0.515884,0.429848,0.422130,0.358990
batch 57,0.754127,0.642461,0.606334,0.609274,0.699169,0.569511,0.571344,0.476251,0.463258,0.525248,0.519562,0.751016,0.705371,0.250369,0.171658,0.148272,0.267688,0.403572,0.709847,0.548163,0.491998,0.447094,0.403421,0.459064,1.455846,0.742821,0.536409,0.468778,0.415494,0.371574
batch 58,0.732186,0.612641,0.577428,0.584837,0.670535,0.590695,0.569472,0.471647,0.459412,0.517572,0.529727,0.759694,0.699001,0.242612,0.156802,0.125862,0.286092,0.409983,0.722198,0.512724,0.447739,0.488743,0.499312,0.466650,1.458047,0.712215,0.545416,0.454531,0.416967,0.373022
batch 59,0.848795,0.678897,0.623445,0.612735,0.673404,0.609835,0.596830,0.485998,0.470509,0.538129,0.542327,0.765649,0.801103,0.254862,0.171611,0.131515,0.281366,0.414961,0.741023,0.575792,0.506578,0.436683,0.348127,0.448788,1.496745,0.720485,0.529537,0.452291,0.410207,0.359209
batch 60,0.763861,0.629012,0.605378,0.571094,0.680128,0.600083,0.552341,0.463960,0.461528,0.517089,0.527804,0.720041,0.715834,0.220874,0.156875,0.135368,0.274829,0.391997,0.773713,0.608522,0.542637,0.428511,0.411029,0.451700,1.516542,0.744919,0.519066,0.454559,0.382520,0.333645
batch 61,0.783516,0.615137,0.599017,0.610473,0.671400,0.584898,0.594533,0.470643,0.467520,0.523692,0.539388,0.771353,0.743076,0.254050,0.169419,0.135517,0.274442,0.413664,0.752186,0.564772,0.497888,0.429520,0.384046,0.454933,1.498879,0.746453,0.562242,0.472461,0.409396,0.372495
batch 62,0.836138,0.639474,0.627148,0.629697,0.677780,0.584056,0.597441,0.485218,0.480378,0.543025,0.524615,0.743976,0.789526,0.228602,0.172820,0.139632,0.266215,0.405315,0.717528,0.559136,0.514356,0.446372,0.422246,0.471163,1.535182,0.714056,0.528317,0.445623,0.403271,0.364383
batch 63,0.775512,0.622906,0.574660,0.591325,0.642414,0.567346,0.594603,0.465893,0.457848,0.517253,0.520525,0.739356,0.730441,0.262339,0.176111,0.140704,0.267194,0.395735,0.712168,0.553736,0.464788,0.437776,0.401230,0.459031,1.515261,0.748861,0.568452,0.457024,0.419541,0.374010
batch 64,0.855550,0.647315,0.596702,0.603339,0.678444,0.624534,0.573052,0.466180,0.469088,0.516958,0.515800,0.745453,0.765499,0.258355,0.173882,0.140020,0.280373,0.401191,0.775076,0.588209,0.491249,0.450429,0.399399,0.456051,1.549266,0.766840,0.542997,0.459956,0.399537,0.352499
batch 65,0.852835,0.662373,0.662165,0.627142,0.701660,0.635054,0.566786,0.478468,0.481605,0.549982,0.548374,0.770478,0.794891,0.218217,0.165284,0.143328,0.297062,0.415463,0.808813,0.627022,0.506737,0.439903,0.408365,0.487333,1.616603,0.748015,0.556111,0.452928,0.418180,0.336392
batch 66,0.742577,0.609144,0.608759,0.601978,0.648169,0.556051,0.575503,0.459591,0.460582,0.525477,0.520967,0.725720,0.664373,0.252031,0.172648,0.142660,0.259989,0.382332,0.681727,0.509363,0.446358,0.433620,0.406345,0.474583,1.346396,0.697651,0.527155,0.465756,0.418977,0.387373
batch 67,0.828773,0.633420,0.585063,0.588150,0.664263,0.585108,0.596991,0.470306,0.467849,0.533980,0.535434,0.739630,0.835805,0.227668,0.163791,0.138622,0.274327,0.394022,0.747403,0.578769,0.539915,0.432193,0.404617,0.455473,1.566623,0.703515,0.512464,0.461107,0.403895,0.342781
batch 68,0.814933,0.637449,0.648468,0.655393,0.763287,0.641975,0.577082,0.471355,0.471277,0.545920,0.530504,0.736387,0.750935,0.225490,0.161524,0.128408,0.288607,0.407668,0.724919,0.531490,0.472697,0.465578,0.383747,0.499797,1.501755,0.653390,0.530062,0.445191,0.402647,0.374393
batch 69,0.803992,0.660398,0.613367,0.625337,0.706458,0.592065,0.587168,0.466329,0.470305,0.530986,0.515217,0.758169,0.745744,0.256242,0.172723,0.143860,0.273278,0.409586,0.716686,0.541858,0.486584,0.451698,0.405222,0.468408,1.541222,0.744361,0.569041,0.462837,0.419590,0.381063
batch 70,0.845843,0.699378,0.652458,0.668454,0.741631,0.657535,0.570813,0.481335,0.482538,0.535314,0.527436,0.733742,0.810930,0.235461,0.180206,0.134168,0.296385,0.402401,0.751115,0.589000,0.518524,0.415606,0.381605,0.463597,1.590327,0.681496,0.528984,0.427049,0.405512,0.354478
batch 71,0.747162,0.606799,0.588726,0.596350,0.709659,0.617184,0.567583,0.465479,0.470780,0.518312,0.505534,0.760442,0.728913,0.277878,0.176048,0.147164,0.274878,0.424719,0.662538,0.531973,0.466353,0.433703,0.395048,0.475811,1.440213,0.683126,0.536136,0.448350,0.431261,0.384965
batch 72,0.741550,0.631450,0.584592,0.605770,0.677525,0.580605,0.557254,0.455152,0.457646,0.509371,0.513866,0.752688,0.707421,0.279203,0.175071,0.145095,0.264312,0.403926,0.710827,0.523232,0.485343,0.469765,0.405837,0.445081,1.472404,0.740984,0.557331,0.455682,0.410964,0.366640
batch 73,0.762492,0.628144,0.625969,0.632444,0.707376,0.590227,0.535434,0.470206,0.469445,0.537636,0.508517,0.743821,0.723537,0.245654,0.163741,0.143949,0.276246,0.410773,0.689578,0.512397,0.465563,0.418688,0.384002,0.469488,1.541405,0.734661,0.546978,0.477150,0.444589,0.399231
batch 74,0.739169,0.614802,0.607119,0.613410,0.703198,0.593282,0.532738,0.462116,0.451462,0.502672,0.506818,0.767355,0.678789,0.258310,0.173308,0.135794,0.269731,0.419484,0.704901,0.541415,0.449968,0.429058,0.390647,0.450631,1.425495,0.749107,0.546967,0.454434,0.420572,0.378020
batch 75,0.768223,0.639352,0.619847,0.633118,0.736157,0.606079,0.562836,0.469770,0.472221,0.530946,0.518924,0.746422,0.720228,0.223726,0.164727,0.139998,0.281319,0.411000,0.688897,0.538827,0.491585,0.445240,0.394720,0.466096,1.407805,0.705860,0.524351,0.454780,0.414694,0.364595
batch 76,0.849187,0.675409,0.641737,0.649838,0.707882,0.632112,0.590836,0.481483,0.473456,0.534158,0.525503,0.751191,0.833552,0.255488,0.169016,0.140301,0.277135,0.409650,0.780309,0.607094,0.524744,0.398069,0.416006,0.434449,1.487062,0.731609,0.516892,0.434354,0.393007,0.340623
batch 77,0.749577,0.634115,0.617872,0.633584,0.706467,0.625303,0.562885,0.476860,0.468690,0.546820,0.531333,0.790816,0.736392,0.243822,0.178213,0.140024,0.285742,0.426835,0.700332,0.513382,0.414015,0.446817,0.394716,0.472064,1.458113,0.699168,0.507672,0.438204,0.400168,0.376017
batch 78,0.819787,0.676114,0.647818,0.653640,0.744373,0.655264,0.592143,0.489268,0.482853,0.550307,0.539365,0.838072,0.775088,0.262492,0.173769,0.151554,0.310410,0.454603,0.762194,0.533888,0.439421,0.466302,0.435168,0.460747,1.595950,0.748828,0.561889,0.458005,0.421497,0.375272
batch 79,0.767964,0.645239,0.634231,0.657684,0.692698,0.612649,0.553406,0.474597,0.470960,0.525271,0.533566,0.734464,0.715778,0.255207,0.177105,0.133315,0.291439,0.396131,0.753198,0.574319,0.518277,0.424223,0.382960,0.474991,1.495515,0.753780,0.541740,0.456881,0.406353,0.351337
batch 80,0.797048,0.627454,0.604755,0.612273,0.718431,0.640366,0.562028,0.470704,0.485149,0.541879,0.515319,0.712815,0.806296,0.270978,0.179123,0.148348,0.281400,0.388047,0.726692,0.520478,0.478815,0.425429,0.392581,0.501207,1.510600,0.713623,0.530019,0.456034,0.403685,0.372187
batch 81,0.712882,0.613634,0.586508,0.607933,0.673507,0.588753,0.525993,0.464634,0.464817,0.516952,0.502324,0.756290,0.702576,0.258318,0.182361,0.144433,0.256770,0.416352,0.713341,0.536176,0.456669,0.438234,0.427662,0.468467,1.395475,0.702249,0.514399,0.447224,0.421463,0.364832
batch 82,0.788757,0.664342,0.626367,0.656280,0.755605,0.631740,0.588560,0.469480,0.474138,0.535986,0.510672,0.737180,0.713658,0.252508,0.172147,0.141572,0.290457,0.395100,0.720142,0.537196,0.487861,0.430311,0.404068,0.463830,1.533417,0.743710,0.556863,0.460872,0.425112,0.379838
batch 83,0.851168,0.658392,0.623819,0.608445,0.704558,0.589505,0.618019,0.477419,0.486745,0.535038,0.531258,0.758832,0.772534,0.235944,0.173058,0.141731,0.276996,0.408286,0.722652,0.550066,0.524895,0.442005,0.372538,0.485801,1.458460,0.714366,0.511106,0.457318,0.401304,0.358683
batch 84,0.813186,0.630310,0.628944,0.669243,0.765478,0.614134,0.541767,0.478979,0.487255,0.543159,0.511757,0.730155,0.796849,0.233781,0.164285,0.128587,0.288964,0.397077,0.735795,0.545810,0.485417,0.447730,0.405061,0.516622,1.485327,0.670510,0.515566,0.450190,0.402560,0.394890
batch 85,0.697978,0.598550,0.620230,0.622661,0.684769,0.585655,0.514683,0.451750,0.462476,0.518047,0.497586,0.740288,0.650843,0.236223,0.162943,0.136579,0.264543,0.398534,0.695793,0.523852,0.464137,0.444402,0.392729,0.464280,1.439854,0.725864,0.535885,0.451459,0.416499,0.375647
batch 86,0.826737,0.642845,0.608472,0.604015,0.670223,0.586546,0.589174,0.471637,0.472574,0.536626,0.521603,0.771035,0.769559,0.272852,0.193358,0.139620,0.264339,0.421260,0.739550,0.575612,0.503348,0.441919,0.394874,0.423210,1.479189,0.727904,0.532327,0.456721,0.397618,0.363515
batch 87,0.816071,0.654396,0.612759,0.636406,0.722329,0.619811,0.603958,0.466652,0.468752,0.535791,0.538937,0.797349,0.837025,0.266319,0.175689,0.144799,0.303060,0.441756,0.734330,0.540919,0.459310,0.444838,0.431721,0.473866,1.581036,0.763816,0.540674,0.481400,0.412852,0.378379
batch 88,0.726111,0.629141,0.595596,0.608508,0.646374,0.593648,0.560946,0.464780,0.459420,0.532463,0.523340,0.784239,0.718012,0.257160,0.174852,0.147906,0.274363,0.424212,0.743788,0.516458,0.436706,0.471231,0.410530,0.451809,1.544903,0.750729,0.547012,0.447739,0.411739,0.375579
batch 89,0.736480,0.601285,0.589248,0.583815,0.662385,0.565313,0.548487,0.470591,0.473796,0.534787,0.521456,0.726632,0.667318,0.236168,0.175826,0.141207,0.254178,0.383718,0.723132,0.555842,0.490502,0.464169,0.381628,0.443438,1.502745,0.734835,0.534443,0.446891,0.418549,0.364753
batch 90,0.893744,0.703543,0.642702,0.632019,0.713852,0.637042,0.604571,0.466935,0.464200,0.535143,0.539967,0.782223,0.835409,0.234766,0.167803,0.124970,0.290706,0.418676,0.836335,0.615148,0.547178,0.448035,0.410594,0.432116,1.624660,0.782965,0.545597,0.452370,0.385451,0.330542
batch 91,0.842328,0.682572,0.642360,0.662163,0.737392,0.660447,0.562737,0.488276,0.488391,0.547034,0.536826,0.769530,0.819523,0.241064,0.176736,0.136998,0.302335,0.424426,0.819389,0.621345,0.519078,0.486092,0.417577,0.471815,1.671257,0.771568,0.557759,0.475999,0.384650,0.357452
batch 92,0.832009,0.665693,0.637099,0.623868,0.687970,0.623557,0.551918,0.469909,0.464580,0.522993,0.534590,0.745127,0.813078,0.246909,0.151756,0.130239,0.280789,0.407027,0.755036,0.580097,0.502603,0.438868,0.427604,0.469926,1.627355,0.723638,0.495738,0.455763,0.387950,0.334708
batch 93,0.797086,0.641217,0.602842,0.609124,0.720498,0.585150,0.569572,0.484160,0.484954,0.523833,0.506802,0.772714,0.731715,0.263349,0.187023,0.151082,0.274962,0.417539,0.710970,0.535674,0.481810,0.456184,0.398462,0.465393,1.595276,0.739029,0.560858,0.462648,0.437460,0.389501
batch 94,0.804673,0.652443,0.598887,0.598608,0.695334,0.602432,0.578267,0.470549,0.468157,0.538963,0.518947,0.719854,0.837555,0.247881,0.161936,0.143268,0.281392,0.388670,0.748512,0.604381,0.536876,0.422007,0.356050,0.454428,1.623388,0.722149,0.523961,0.437057,0.397556,0.358294
batch 95,0.810554,0.644707,0.618615,0.609708,0.682851,0.623016,0.586970,0.475918,0.470273,0.541021,0.536588,0.775382,0.768127,0.255591,0.174803,0.140104,0.285049,0.424475,0.710774,0.556555,0.498365,0.420322,0.372126,0.470970,1.525801,0.727025,0.539512,0.462612,0.410995,0.368063
batch 96,0.813414,0.657204,0.642735,0.666789,0.772203,0.595749,0.559671,0.494650,0.490784,0.544065,0.523441,0.768274,0.770463,0.243924,0.169032,0.138014,0.291660,0.415502,0.700038,0.511260,0.470525,0.442894,0.393502,0.501661,1.377931,0.623018,0.500788,0.448892,0.395349,0.354019
batch 97,0.691425,0.609807,0.594578,0.628199,0.729059,0.615088,0.509918,0.455370,0.459154,0.520558,0.510364,0.728039,0.626683,0.233811,0.177375,0.143805,0.274807,0.400205,0.709416,0.522577,0.461274,0.465681,0.390783,0.478262,1.464793,0.715100,0.550432,0.456860,0.424944,0.372089
batch 98,0.908329,0.705859,0.662016,0.662342,0.758075,0.653009,0.642338,0.490727,0.492068,0.547977,0.524882,0.795580,0.916198,0.230875,0.170583,0.133521,0.305668,0.434693,0.779247,0.597463,0.541747,0.442714,0.433984,0.452232,1.584075,0.731692,0.518214,0.438957,0.368881,0.317405
batch 99,0.845169,0.681746,0.624866,0.663639,0.777571,0.650560,0.570377,0.475194,0.484581,0.540622,0.531934,0.736861,0.797983,0.255940,0.174775,0.138212,0.296390,0.404227,0.767751,0.587634,0.523018,0.422367,0.381302,0.453022,1.462993,0.694678,0.509654,0.415427,0.351957,0.338934
batch 100,0.732799,0.605237,0.609030,0.623544,0.697612,0.613037,0.529109,0.454589,0.468514,0.525879,0.510734,0.751681,0.655695,0.255164,0.159266,0.136021,0.269425,0.418047,0.731825,0.515249,0.465700,0.481614,0.377125,0.478890,1.501767,0.675430,0.532623,0.441472,0.426094,0.385256
batch 101,0.755985,0.639279,0.610163,0.629351,0.668372,0.580229,0.554035,0.448662,0.450742,0.516635,0.515730,0.761813,0.706157,0.255934,0.160485,0.143520,0.268945,0.408816,0.725205,0.516956,0.474087,0.451427,0.404960,0.449414,1.532838,0.724854,0.538409,0.450244,0.424710,0.375542
batch 102,0.689375,0.594973,0.590265,0.608985,0.663089,0.581308,0.559158,0.472816,0.473904,0.522085,0.517464,0.715215,0.676969,0.252169,0.174017,0.138785,0.268739,0.384617,0.738511,0.567293,0.488930,0.446230,0.396691,0.455392,1.535494,0.730030,0.544963,0.460869,0.410912,0.372880
batch 103,0.701051,0.597415,0.577774,0.592220,0.688179,0.582643,0.515431,0.458516,0.459340,0.511995,0.510608,0.752450,0.627730,0.257618,0.184838,0.147640,0.272918,0.403586,0.719008,0.510943,0.458870,0.428358,0.409773,0.479244,1.454236,0.686741,0.524094,0.473372,0.395304,0.368002
batch 104,0.846770,0.668671,0.648763,0.641667,0.717224,0.599853,0.616346,0.491369,0.478017,0.540143,0.537072,0.764954,0.826550,0.241444,0.174915,0.140479,0.277840,0.408164,0.753611,0.574308,0.499651,0.461005,0.421375,0.440006,1.568059,0.708751,0.544375,0.438931,0.410816,0.363313
batch 105,0.745008,0.623588,0.600687,0.629279,0.681724,0.595508,0.552077,0.463859,0.466866,0.530406,0.532314,0.753744,0.740524,0.251844,0.158499,0.133552,0.275890,0.414601,0.721325,0.526473,0.486730,0.442776,0.408030,0.469468,1.484963,0.737782,0.559771,0.483276,0.414629,0.386868
batch 106,0.771330,0.641738,0.624513,0.635179,0.689564,0.613205,0.565773,0.470432,0.472201,0.539854,0.535549,0.753461,0.720385,0.246023,0.167630,0.134731,0.282666,0.406009,0.732917,0.541203,0.498358,0.430545,0.392548,0.463084,1.520395,0.745055,0.570777,0.461020,0.427498,0.381341
batch 107,0.722763,0.643626,0.605722,0.630637,0.698867,0.606260,0.543666,0.463838,0.463971,0.522927,0.519553,0.750047,0.721367,0.261617,0.177256,0.141247,0.271205,0.415605,0.707721,0.537787,0.465162,0.451423,0.396602,0.454722,1.508921,0.755018,0.552447,0.452028,0.447351,0.390098
batch 108,0.771434,0.635042,0.602716,0.608199,0.676898,0.603447,0.576987,0.470220,0.469611,0.529307,0.511007,0.742014,0.742680,0.271370,0.170189,0.147993,0.263874,0.405516,0.670828,0.520950,0.461524,0.465068,0.426431,0.467819,1.495083,0.721826,0.536003,0.459508,0.436979,0.383058
batch 109,0.816589,0.631408,0.616256,0.602586,0.696653,0.597670,0.568809,0.471124,0.464053,0.513566,0.502871,0.735108,0.744692,0.261817,0.190254,0.146916,0.284328,0.403651,0.670851,0.520799,0.460419,0.444358,0.388507,0.464023,1.428828,0.680804,0.544236,0.454877,0.431578,0.375126
batch 110,0.794174,0.640302,0.608648,0.628904,0.691537,0.594108,0.553113,0.456249,0.460925,0.512765,0.507111,0.726178,0.722832,0.255059,0.198408,0.140718,0.264412,0.385766,0.809271,0.601456,0.513846,0.451080,0.375884,0.455480,1.565992,0.743523,0.559216,0.448594,0.399688,0.357309
batch 111,0.719606,0.602524,0.576331,0.601426,0.668925,0.577838,0.539766,0.450057,0.453176,0.533786,0.510484,0.776129,0.715440,0.224762,0.171760,0.143169,0.261924,0.423753,0.731624,0.543105,0.466967,0.433368,0.399228,0.470275,1.613450,0.723155,0.531212,0.435789,0.383844,0.348709
batch 112,0.842383,0.726026,0.645079,0.643822,0.722447,0.602183,0.585221,0.473313,0.476924,0.540531,0.524537,0.755662,0.847747,0.234453,0.156972,0.126592,0.281992,0.402930,0.773573,0.627549,0.545198,0.445947,0.398733,0.449641,1.541521,0.784535,0.544653,0.436183,0.356931,0.353070
batch 113,0.686126,0.598824,0.565064,0.584751,0.666363,0.563002,0.518288,0.445308,0.454196,0.514923,0.497241,0.721688,0.669591,0.264330,0.171235,0.145204,0.267656,0.395766,0.693923,0.535870,0.488836,0.422498,0.432985,0.439800,1.493489,0.721554,0.549079,0.449229,0.414912,0.369157
batch 114,0.704162,0.632492,0.599077,0.620033,0.678981,0.583084,0.536580,0.457984,0.451426,0.518310,0.509659,0.734590,0.637705,0.259502,0.172897,0.132642,0.269172,0.389542,0.744920,0.528760,0.462783,0.432829,0.409876,0.474439,1.559566,0.750845,0.554652,0.454529,0.456869,0.394762
batch 115,0.801565,0.634456,0.630971,0.625299,0.652713,0.568097,0.589500,0.482329,0.473712,0.539707,0.532888,0.733062,0.783409,0.224382,0.165402,0.137188,0.260519,0.381652,0.726181,0.597810,0.533650,0.409622,0.382826,0.465883,1.487113,0.681956,0.510917,0.432625,0.393566,0.358281
batch 116,0.713698,0.627939,0.603571,0.622935,0.670797,0.588944,0.530664,0.465494,0.459721,0.518014,0.509976,0.755095,0.641593,0.253182,0.177729,0.145343,0.265229,0.408802,0.696702,0.526256,0.457991,0.434357,0.389796,0.475817,1.415965,0.700663,0.542191,0.457904,0.421299,0.395016
batch 117,0.781302,0.656077,0.585616,0.608322,0.648951,0.580765,0.590883,0.467528,0.466489,0.535249,0.531263,0.746785,0.797130,0.229575,0.166875,0.135073,0.266562,0.390386,0.846056,0.649618,0.547756,0.445795,0.388067,0.451614,1.617301,0.763457,0.517111,0.408846,0.384005,0.345125
batch 118,0.813012,0.650293,0.620578,0.632191,0.664289,0.611881,0.530582,0.469080,0.469705,0.525790,0.516828,0.758068,0.778610,0.223468,0.167150,0.133063,0.273277,0.404923,0.750805,0.579285,0.512375,0.473068,0.426614,0.444753,1.528389,0.731662,0.524941,0.429330,0.378981,0.328875
batch 119,0.751680,0.626841,0.622648,0.629692,0.689260,0.621430,0.567779,0.466400,0.474849,0.525594,0.513139,0.735820,0.723452,0.251577,0.172459,0.151404,0.291631,0.402729,0.713466,0.530416,0.453632,0.442390,0.397855,0.478712,1.448827,0.706709,0.549353,0.452400,0.421084,0.369501
batch 120,0.828252,0.664084,0.663611,0.665568,0.797807,0.639443,0.587401,0.485814,0.482394,0.538753,0.516232,0.754067,0.779557,0.225238,0.168707,0.139633,0.298884,0.417180,0.727884,0.533536,0.507970,0.466528,0.404534,0.484509,1.519626,0.721744,0.534797,0.477885,0.388630,0.368387
batch 121,0.759036,0.632381,0.604075,0.609255,0.677479,0.575604,0.571888,0.459184,0.457481,0.525124,0.521553,0.743545,0.697626,0.243923,0.173977,0.143308,0.267523,0.396606,0.707938,0.534932,0.461869,0.439579,0.403275,0.462421,1.531022,0.719179,0.560597,0.462419,0.430909,0.384604
batch 122,0.808860,0.650164,0.606882,0.604784,0.644764,0.566982,0.576227,0.476546,0.474719,0.533683,0.535226,0.709653,0.777276,0.228505,0.161570,0.131160,0.268055,0.368908,0.714909,0.579716,0.523846,0.405087,0.377630,0.446398,1.496700,0.713948,0.523030,0.449492,0.395399,0.352628
batch 123,0.833865,0.652507,0.609185,0.604704,0.710287,0.635038,0.590187,0.473456,0.457675,0.531575,0.529005,0.742446,0.824702,0.241576,0.185689,0.136443,0.271717,0.409606,0.755513,0.616026,0.497662,0.447090,0.403004,0.431399,1.439374,0.686437,0.451273,0.392908,0.353018,0.316105
batch 124,0.818208,0.666601,0.620982,0.651821,0.739161,0.591545,0.558928,0.468782,0.475840,0.521686,0.505446,0.762920,0.745857,0.247345,0.172562,0.146830,0.283732,0.408970,0.740969,0.563407,0.483414,0.452685,0.421144,0.453814,1.543184,0.719848,0.541538,0.460344,0.395624,0.344422
batch 125,0.734544,0.612938,0.576665,0.593684,0.649063,0.577362,0.595914,0.471871,0.467268,0.527726,0.514661,0.752369,0.708527,0.272617,0.187791,0.152046,0.254242,0.411497,0.708649,0.521727,0.466243,0.455826,0.426045,0.470829,1.517256,0.724428,0.540925,0.456493,0.423619,0.367730
batch 126,0.781820,0.643028,0.620146,0.610311,0.712826,0.583664,0.579952,0.468102,0.469546,0.516749,0.523028,0.757954,0.698661,0.249559,0.189577,0.154493,0.278342,0.406267,0.767519,0.572669,0.521770,0.450336,0.395986,0.455848,1.609141,0.734080,0.547821,0.455066,0.422146,0.378361
batch 127,0.895725,0.708380,0.657097,0.666207,0.782252,0.598265,0.624267,0.493193,0.485982,0.559499,0.538079,0.749548,0.863641,0.237227,0.182452,0.145573,0.292629,0.400093,0.743595,0.547499,0.500053,0.426909,0.432653,0.480135,1.553094,0.706439,0.546618,0.474626,0.398765,0.339013
batch 128,0.916300,0.682181,0.645447,0.630019,0.708361,0.604777,0.615130,0.467324,0.470622,0.535646,0.539989,0.753118,0.834973,0.220525,0.161551,0.130758,0.278106,0.404840,0.806332,0.565711,0.523968,0.475775,0.448853,0.475127,1.578273,0.705927,0.524653,0.460753,0.374678,0.342222
batch 129,0.915432,0.680614,0.617974,0.584222,0.662614,0.599178,0.648249,0.478891,0.466493,0.534169,0.525894,0.753992,0.841116,0.232576,0.182290,0.140961,0.268386,0.405294,0.764507,0.612686,0.531388,0.448979,0.469265,0.429490,1.570828,0.710809,0.527494,0.407496,0.377172,0.309842
batch 130,0.761727,0.632952,0.609327,0.620569,0.696587,0.612767,0.556313,0.469664,0.470179,0.533737,0.512920,0.700807,0.716802,0.266128,0.176294,0.150660,0.290704,0.381166,0.721493,0.557696,0.488658,0.437976,0.382804,0.468418,1.527299,0.746746,0.546773,0.477548,0.427902,0.379596
batch 131,0.771295,0.603171,0.604401,0.579570,0.644994,0.567519,0.578738,0.482378,0.484803,0.530005,0.523137,0.730427,0.725352,0.250219,0.168709,0.137150,0.254900,0.391934,0.709570,0.563825,0.517828,0.456022,0.392279,0.471733,1.574036,0.707746,0.517623,0.433003,0.409437,0.355514
batch 132,0.762750,0.635347,0.603270,0.603045,0.682645,0.579620,0.571448,0.482245,0.461387,0.520015,0.522369,0.738296,0.724707,0.243441,0.164394,0.136156,0.261291,0.392376,0.694130,0.543624,0.481849,0.446582,0.391579,0.464344,1.505296,0.709140,0.551108,0.457031,0.445050,0.384643
batch 133,0.768301,0.604520,0.592110,0.591585,0.673943,0.581925,0.556724,0.467411,0.490107,0.522765,0.514654,0.750504,0.687109,0.267046,0.190110,0.137500,0.277631,0.407120,0.710888,0.540370,0.472316,0.450685,0.406567,0.476811,1.513615,0.767899,0.557458,0.487018,0.420705,0.393163
batch 134,0.772361,0.639935,0.615905,0.622015,0.679864,0.580151,0.556878,0.456560,0.457958,0.513975,0.521136,0.747304,0.712595,0.241011,0.159492,0.147864,0.283491,0.408451,0.739081,0.542726,0.495646,0.452579,0.429173,0.446672,1.517379,0.715436,0.560176,0.473597,0.398914,0.349432
batch 135,0.894876,0.669839,0.623099,0.632218,0.662508,0.586692,0.624829,0.481236,0.492141,0.532927,0.536785,0.750810,0.843169,0.219172,0.169779,0.121087,0.267218,0.397307,0.841094,0.625067,0.534072,0.418500,0.457288,0.413394,1.599682,0.678299,0.524143,0.397389,0.355313,0.305466
batch 136,0.739082,0.631894,0.609713,0.633810,0.715668,0.593309,0.522719,0.464408,0.471619,0.529244,0.502768,0.728237,0.673252,0.236853,0.164679,0.135078,0.271733,0.392761,0.757993,0.581204,0.510386,0.443149,0.397677,0.465282,1.532109,0.757258,0.582891,0.467395,0.414711,0.376403
batch 137,0.741782,0.616266,0.599411,0.596768,0.682529,0.617801,0.560591,0.479043,0.455803,0.519345,0.518079,0.727270,0.719629,0.283509,0.178914,0.141317,0.267768,0.401739,0.706210,0.547320,0.478493,0.423370,0.374497,0.475788,1.391276,0.680046,0.526650,0.436816,0.419381,0.376953
batch 138,0.740626,0.618842,0.580486,0.604568,0.674049,0.547407,0.568259,0.462312,0.461533,0.523071,0.500542,0.715402,0.695906,0.260868,0.186180,0.146066,0.253808,0.363572,0.742592,0.552826,0.483777,0.471788,0.391380,0.470831,1.534367,0.734335,0.539368,0.452860,0.394751,0.369008
batch 139,0.875130,0.701561,0.658011,0.647144,0.740310,0.651163,0.561935,0.489722,0.484537,0.542605,0.521686,0.758949,0.902165,0.233926,0.161982,0.130976,0.302675,0.425279,0.739814,0.602813,0.492882,0.416830,0.376791,0.471813,1.477190,0.674649,0.512508,0.436792,0.368858,0.339770
batch 140,0.676160,0.607644,0.598470,0.603101,0.685465,0.579680,0.484691,0.437264,0.443900,0.502038,0.508769,0.736359,0.636420,0.239750,0.168890,0.135411,0.266692,0.397932,0.642693,0.495130,0.445952,0.423003,0.371322,0.491168,1.272206,0.688215,0.503333,0.453358,0.456438,0.412296
batch 141,0.826386,0.663342,0.599821,0.613306,0.686068,0.594967,0.585398,0.480013,0.470885,0.545530,0.547177,0.762250,0.871039,0.222401,0.153808,0.132148,0.270508,0.401929,0.810834,0.619184,0.521862,0.445494,0.415410,0.404564,1.550019,0.758957,0.523980,0.401207,0.361230,0.323787
batch 142,0.761038,0.626009,0.592047,0.604160,0.685391,0.601473,0.537473,0.466340,0.475302,0.525332,0.506130,0.753730,0.654804,0.265452,0.192215,0.160619,0.270244,0.413878,0.731203,0.525054,0.462183,0.445826,0.423680,0.458683,1.492878,0.729699,0.535763,0.457387,0.414916,0.387264
batch 143,0.824904,0.666505,0.645371,0.633357,0.703468,0.619237,0.589549,0.475713,0.473054,0.533259,0.531206,0.787982,0.789822,0.260922,0.168272,0.141114,0.281649,0.424747,0.751853,0.531492,0.481373,0.445703,0.402620,0.466298,1.497667,0.723089,0.550156,0.460876,0.422828,0.372626
batch 144,0.915178,0.678400,0.658380,0.648081,0.765686,0.658790,0.588614,0.478176,0.481626,0.560097,0.545507,0.770269,0.837421,0.223572,0.161334,0.136796,0.315723,0.436679,0.740874,0.578900,0.493659,0.437360,0.440268,0.472268,1.578408,0.722816,0.519281,0.437717,0.407481,0.333849
batch 145,0.773936,0.636472,0.615968,0.596782,0.666684,0.599450,0.576372,0.469294,0.468134,0.513699,0.512087,0.755763,0.758745,0.274472,0.186568,0.143201,0.286572,0.404374,0.687204,0.531126,0.468113,0.424170,0.385686,0.478254,1.471032,0.713599,0.526265,0.439164,0.425050,0.375811
batch 146,0.883371,0.696764,0.644165,0.657198,0.701861,0.630582,0.596017,0.478848,0.484857,0.542865,0.532047,0.765829,0.826901,0.240637,0.183797,0.137518,0.277378,0.418639,0.783842,0.587618,0.504255,0.432400,0.390922,0.450054,1.538910,0.675645,0.491943,0.417416,0.385064,0.347180
batch 147,0.734751,0.610056,0.588545,0.598768,0.663050,0.575899,0.544524,0.462642,0.459777,0.519071,0.517883,0.715202,0.693819,0.268070,0.179812,0.143611,0.262944,0.385643,0.690914,0.545300,0.483594,0.420509,0.368997,0.452777,1.466924,0.709538,0.543764,0.442287,0.427558,0.389605
batch 148,0.719690,0.611981,0.597795,0.625304,0.677668,0.578075,0.536879,0.456347,0.451834,0.508684,0.498596,0.723786,0.697571,0.281898,0.179303,0.146802,0.285488,0.394927,0.730256,0.560907,0.460825,0.460506,0.395392,0.454492,1.504661,0.759541,0.559059,0.472276,0.424923,0.373525
batch 149,0.771807,0.641196,0.589508,0.631086,0.736858,0.607127,0.536875,0.462163,0.464542,0.514332,0.505365,0.748910,0.712581,0.241189,0.175843,0.138952,0.272840,0.400803,0.725089,0.495854,0.445121,0.444581,0.413665,0.487076,1.463444,0.667172,0.495511,0.452387,0.410784,0.381259
batch 150,0.823334,0.684559,0.639385,0.677523,0.741670,0.609271,0.586720,0.484343,0.486461,0.549359,0.526182,0.745133,0.821095,0.253330,0.173259,0.144682,0.282179,0.395593,0.782965,0.577346,0.512316,0.431184,0.396068,0.465304,1.534501,0.698618,0.535511,0.467681,0.395419,0.362432
batch 151,0.707699,0.602321,0.589592,0.604522,0.659857,0.594054,0.505735,0.453346,0.457990,0.518392,0.492583,0.732735,0.636993,0.243823,0.175848,0.142226,0.267334,0.400527,0.735584,0.565908,0.468260,0.424184,0.368652,0.452307,1.407400,0.701626,0.513767,0.449279,0.407033,0.360809
batch 152,0.741885,0.603625,0.596922,0.595611,0.702599,0.577983,0.543720,0.453759,0.456646,0.506936,0.501539,0.727124,0.694298,0.270898,0.183108,0.141926,0.269383,0.377078,0.692899,0.526241,0.484049,0.455338,0.387862,0.494338,1.441694,0.722502,0.532613,0.451120,0.425291,0.380444
batch 153,0.718963,0.616829,0.589935,0.600304,0.659945,0.584437,0.527183,0.446170,0.451624,0.508910,0.512980,0.767009,0.674416,0.261220,0.176820,0.157048,0.285371,0.414465,0.663337,0.504550,0.451094,0.463939,0.383333,0.443362,1.393957,0.698152,0.528517,0.446133,0.408298,0.357824
batch 154,0.760785,0.641988,0.606108,0.624669,0.673030,0.576288,0.567085,0.459704,0.449279,0.515614,0.529631,0.773457,0.673456,0.244368,0.171852,0.144781,0.284511,0.417143,0.752200,0.523655,0.457260,0.461175,0.480407,0.427751,1.476788,0.753659,0.537832,0.446588,0.409747,0.360889
batch 155,0.848818,0.647646,0.594850,0.600397,0.646805,0.608884,0.578142,0.456580,0.454588,0.529049,0.520958,0.726170,0.799811,0.234272,0.164917,0.121827,0.263278,0.384987,0.798132,0.616838,0.545781,0.452839,0.414290,0.446081,1.724294,0.785757,0.580307,0.451580,0.399848,0.322818
batch 156,0.707047,0.610199,0.582113,0.604191,0.700164,0.586467,0.536986,0.452341,0.459913,0.511719,0.498607,0.721853,0.642356,0.255746,0.172490,0.139912,0.264974,0.382983,0.737303,0.533323,0.474788,0.437402,0.412133,0.478480,1.511600,0.690613,0.526014,0.441043,0.418897,0.375894
batch 157,0.756465,0.632788,0.594874,0.622613,0.719708,0.602162,0.538773,0.452333,0.460849,0.522038,0.521586,0.781756,0.693255,0.265072,0.179170,0.149405,0.276887,0.432964,0.721981,0.535721,0.451085,0.438515,0.409404,0.453003,1.483691,0.708741,0.532417,0.455874,0.410605,0.370940
batch 158,0.725477,0.650678,0.598238,0.628168,0.722976,0.616056,0.525693,0.463396,0.458944,0.523173,0.496748,0.748414,0.702615,0.274718,0.179871,0.146506,0.289638,0.420274,0.711635,0.525533,0.454079,0.443979,0.398639,0.465282,1.496098,0.755551,0.566155,0.475409,0.447103,0.400940
batch 159,0.793291,0.656473,0.623225,0.605100,0.663358,0.574874,0.575544,0.482724,0.473728,0.535091,0.549631,0.733660,0.765710,0.212235,0.163362,0.132388,0.288294,0.391953,0.792264,0.607730,0.517137,0.459217,0.384843,0.455478,1.582587,0.749763,0.544472,0.465916,0.392718,0.344490
batch 160,0.703098,0.599615,0.601391,0.610543,0.679750,0.599488,0.516856,0.450197,0.458897,0.519722,0.498661,0.748287,0.655259,0.254652,0.165896,0.143251,0.259199,0.407072,0.679881,0.511721,0.453492,0.475305,0.390870,0.482455,1.354770,0.678472,0.516063,0.434915,0.422634,0.373375
batch 161,0.962620,0.729079,0.654294,0.630282,0.651818,0.599866,0.629761,0.482179,0.480152,0.537566,0.537446,0.755145,0.948582,0.238109,0.154917,0.119836,0.286442,0.401579,0.817065,0.652721,0.524577,0.437256,0.444480,0.388451,1.532446,0.750220,0.508784,0.419937,0.360365,0.298508
batch 162,0.748170,0.601927,0.599728,0.618170,0.725868,0.587833,0.543436,0.458475,0.464279,0.522153,0.515691,0.746501,0.665623,0.253747,0.164413,0.146063,0.280779,0.395807,0.681012,0.521462,0.463975,0.412791,0.375468,0.462694,1.369087,0.688629,0.506080,0.444336,0.402637,0.358890
batch 163,0.729402,0.627179,0.600591,0.624791,0.665815,0.581313,0.553654,0.451116,0.453195,0.525244,0.514327,0.745032,0.704185,0.244356,0.164577,0.140383,0.278315,0.418788,0.668096,0.532175,0.475131,0.417529,0.385519,0.467939,1.334999,0.712204,0.518775,0.461293,0.415483,0.372277
batch 164,0.776293,0.644881,0.609800,0.623770,0.694447,0.576856,0.536028,0.446177,0.452803,0.514586,0.515699,0.750691,0.669361,0.250657,0.165305,0.142207,0.277300,0.402808,0.702609,0.518812,0.449606,0.436434,0.393072,0.471359,1.425470,0.723265,0.539718,0.453827,0.422634,0.370746
batch 165,0.734129,0.633824,0.598719,0.621655,0.713768,0.574296,0.551696,0.462562,0.454548,0.509649,0.512012,0.743481,0.686131,0.260433,0.186549,0.150583,0.274919,0.404476,0.735183,0.510586,0.469382,0.445949,0.411582,0.468409,1.503020,0.718326,0.532299,0.454967,0.444627,0.388224
batch 166,0.791932,0.624295,0.620774,0.623915,0.711308,0.589057,0.551632,0.478419,0.472983,0.529139,0.509610,0.756278,0.743499,0.247675,0.173796,0.141595,0.280284,0.405446,0.669202,0.514790,0.485289,0.410888,0.353293,0.506628,1.400044,0.689272,0.497101,0.450999,0.400974,0.377788
batch 167,0.724604,0.614250,0.582527,0.598955,0.700770,0.637902,0.549181,0.459499,0.469315,0.527198,0.512657,0.753665,0.678046,0.275968,0.176803,0.151227,0.280811,0.417387,0.692786,0.514709,0.445731,0.436804,0.388420,0.462365,1.514908,0.718634,0.540793,0.443240,0.432053,0.397507
batch 168,0.752919,0.615808,0.582880,0.583996,0.629835,0.612193,0.616492,0.481040,0.483412,0.540288,0.527020,0.823509,0.725243,0.276963,0.179764,0.147515,0.282567,0.461759,0.687313,0.514420,0.436365,0.473146,0.455818,0.457204,1.437997,0.710383,0.536981,0.432297,0.419624,0.387927
batch 169,0.946737,0.700160,0.627052,0.608878,0.659048,0.608521,0.634350,0.474374,0.470729,0.524963,0.541395,0.770826,0.890860,0.229720,0.162146,0.125653,0.267807,0.407228,0.796937,0.632532,0.543643,0.470760,0.480125,0.444807,1.570660,0.754158,0.536077,0.417346,0.371392,0.326437
batch 170,0.843010,0.665954,0.618806,0.617579,0.722418,0.630937,0.612474,0.487865,0.485596,0.536981,0.525238,0.756946,0.793505,0.255700,0.177291,0.135516,0.279831,0.422994,0.723640,0.525867,0.480542,0.443591,0.387217,0.471284,1.497700,0.719004,0.521611,0.437714,0.437606,0.357945
batch 171,0.753231,0.625674,0.592244,0.593368,0.671156,0.585258,0.557698,0.457291,0.458016,0.524039,0.516092,0.746032,0.714695,0.240201,0.162237,0.134291,0.259894,0.406375,0.737014,0.544899,0.490641,0.455459,0.410844,0.470829,1.533236,0.709798,0.527965,0.449608,0.413472,0.372852
batch 172,0.863056,0.709192,0.643740,0.660350,0.671413,0.564586,0.622916,0.480243,0.502135,0.552601,0.544155,0.744149,0.823332,0.243724,0.159520,0.141436,0.267222,0.383638,0.802166,0.603782,0.542028,0.447277,0.358426,0.430802,1.639909,0.729250,0.529562,0.428727,0.386608,0.353740
batch 173,0.722526,0.608119,0.570847,0.590432,0.640007,0.572558,0.544821,0.447426,0.453334,0.517617,0.501105,0.777758,0.705161,0.275076,0.176512,0.139703,0.264221,0.428576,0.669342,0.516516,0.436218,0.489697,0.422542,0.483220,1.451863,0.700736,0.536653,0.446329,0.425737,0.404763
batch 174,0.912684,0.683247,0.664837,0.693659,0.756054,0.612677,0.608560,0.486173,0.498481,0.550766,0.534631,0.775533,0.870199,0.221705,0.155036,0.130267,0.292509,0.415731,0.793768,0.594318,0.536264,0.473252,0.446493,0.445525,1.579829,0.739261,0.502186,0.438711,0.365626,0.318042
batch 175,0.799794,0.634467,0.603651,0.627917,0.740335,0.620389,0.567680,0.490091,0.488532,0.532515,0.523342,0.791603,0.759528,0.252187,0.166035,0.132664,0.290811,0.440526,0.641592,0.496116,0.450240,0.431627,0.398638,0.486468,1.348102,0.666291,0.510014,0.449362,0.423688,0.371280
batch 176,0.840772,0.677111,0.635904,0.634884,0.743101,0.645570,0.585418,0.490961,0.494449,0.543274,0.516234,0.718859,0.779208,0.228456,0.173715,0.127655,0.278627,0.396978,0.773472,0.593665,0.519921,0.438794,0.383769,0.491416,1.623825,0.707130,0.501408,0.423805,0.391786,0.341355
batch 177,0.705422,0.608192,0.592497,0.608056,0.687343,0.576683,0.540465,0.466214,0.462803,0.531748,0.519329,0.759406,0.663727,0.232216,0.166216,0.134715,0.284142,0.402381,0.709725,0.514558,0.440434,0.455144,0.403955,0.489155,1.508797,0.743187,0.541563,0.454951,0.433134,0.388354
batch 178,0.775973,0.650661,0.594553,0.608532,0.664609,0.551795,0.578952,0.466877,0.466563,0.526236,0.516322,0.738494,0.727518,0.260030,0.165945,0.134129,0.259987,0.391999,0.722044,0.539083,0.493495,0.433684,0.375448,0.458613,1.537400,0.727762,0.548560,0.457004,0.422289,0.386055
batch 179,0.884367,0.675516,0.646107,0.634798,0.718943,0.610237,0.610392,0.471280,0.463485,0.533182,0.522589,0.734179,0.823721,0.241055,0.158963,0.139280,0.282732,0.399620,0.764577,0.590198,0.556774,0.446693,0.388972,0.442026,1.512663,0.717365,0.558401,0.440722,0.393962,0.322003
batch 180,0.868184,0.692310,0.646731,0.630057,0.701390,0.636341,0.586416,0.483675,0.488525,0.553044,0.546593,0.789057,0.839464,0.217537,0.171454,0.142522,0.285229,0.422104,0.906126,0.664290,0.540110,0.424931,0.410479,0.461265,1.628786,0.707957,0.487955,0.391946,0.355955,0.324451
batch 181,0.944886,0.739839,0.671239,0.688210,0.724885,0.664874,0.616781,0.500456,0.496265,0.552997,0.544005,0.802718,0.947645,0.248428,0.189403,0.138585,0.297083,0.447615,0.847050,0.630048,0.495702,0.447841,0.389151,0.480816,1.597216,0.705647,0.517673,0.462734,0.405145,0.342030
batch 182,0.878250,0.691553,0.659546,0.638014,0.690659,0.654151,0.603725,0.475902,0.475971,0.541219,0.547787,0.719736,0.829080,0.226350,0.167387,0.128532,0.276925,0.396426,0.749070,0.602811,0.559505,0.400252,0.375678,0.456350,1.447502,0.725392,0.540927,0.416852,0.386533,0.333450
batch 183,0.770043,0.612342,0.590969,0.621902,0.705885,0.583142,0.557915,0.466526,0.473749,0.530255,0.521099,0.750467,0.782239,0.246064,0.175789,0.148589,0.278830,0.404993,0.698995,0.557553,0.494096,0.438718,0.396445,0.500861,1.536934,0.747575,0.540927,0.471764,0.419556,0.379032
batch 184,0.932277,0.685039,0.657576,0.662695,0.784828,0.623110,0.634240,0.498625,0.491234,0.541025,0.532052,0.782881,0.884234,0.239420,0.174988,0.132401,0.303520,0.421498,0.714267,0.520557,0.472900,0.435270,0.418050,0.505466,1.398557,0.673729,0.491814,0.443806,0.386211,0.347311
batch 185,0.865248,0.680892,0.628001,0.595205,0.669405,0.589378,0.662974,0.487140,0.483993,0.535772,0.535028,0.744669,0.881818,0.250200,0.168813,0.123233,0.275726,0.396168,0.850775,0.658756,0.507715,0.423875,0.399273,0.434724,1.602450,0.775884,0.536606,0.408602,0.358383,0.307533
batch 186,0.718534,0.614598,0.586450,0.597536,0.707479,0.599060,0.531465,0.460252,0.455416,0.516527,0.514202,0.769350,0.646100,0.250919,0.182231,0.144120,0.279485,0.419098,0.697677,0.533812,0.464774,0.441849,0.388884,0.447717,1.472968,0.744130,0.530093,0.470837,0.431618,0.387823
batch 187,0.763352,0.647476,0.623900,0.634262,0.674824,0.578106,0.553282,0.461558,0.458435,0.526468,0.519591,0.757952,0.719548,0.253179,0.177223,0.128682,0.266559,0.393249,0.746352,0.546969,0.483956,0.459356,0.400864,0.437637,1.468159,0.714550,0.559079,0.457545,0.415439,0.372463
batch 188,0.740204,0.643748,0.643879,0.672680,0.716299,0.599588,0.528157,0.467409,0.476257,0.535357,0.501731,0.752389,0.705942,0.211508,0.152676,0.140170,0.275697,0.405333,0.748099,0.555600,0.512640,0.431117,0.368710,0.491961,1.594087,0.728750,0.553757,0.466566,0.418700,0.386266
batch 189,0.767154,0.626297,0.603379,0.591767,0.668199,0.556760,0.554035,0.459211,0.457337,0.505895,0.511111,0.747716,0.671685,0.250555,0.162181,0.128188,0.261377,0.404922,0.680497,0.512608,0.451636,0.451897,0.422045,0.451453,1.374088,0.703975,0.519726,0.445765,0.439813,0.382687
batch 190,0.811659,0.639537,0.607402,0.609019,0.709501,0.596270,0.562487,0.459093,0.459705,0.523371,0.523164,0.742319,0.756310,0.239346,0.153518,0.136362,0.283463,0.400727,0.729201,0.588093,0.524478,0.426951,0.428268,0.437084,1.523712,0.761803,0.546754,0.422869,0.408633,0.332627
batch 191,0.756901,0.635580,0.592075,0.593207,0.616829,0.568308,0.556091,0.448631,0.456720,0.514456,0.520972,0.732154,0.742801,0.225339,0.178493,0.126528,0.263692,0.385014,0.798012,0.611454,0.552766,0.475294,0.462525,0.418225,1.562513,0.749584,0.568810,0.441243,0.382443,0.313331
batch 192,0.703982,0.626303,0.603524,0.618885,0.675906,0.613347,0.522989,0.463989,0.472276,0.528867,0.519176,0.753818,0.664781,0.263237,0.179702,0.150910,0.274883,0.412661,0.739715,0.538170,0.498664,0.432431,0.392658,0.439628,1.552220,0.754173,0.560007,0.481125,0.418545,0.367908
batch 193,0.811426,0.676709,0.640219,0.621381,0.701786,0.579152,0.591282,0.478927,0.473678,0.524003,0.517055,0.757566,0.792592,0.228031,0.169769,0.143878,0.280144,0.404941,0.728264,0.631373,0.528751,0.392793,0.395400,0.458226,1.395263,0.693600,0.499000,0.406693,0.368041,0.330025
batch 194,0.912671,0.669422,0.643557,0.656780,0.678544,0.593999,0.612979,0.466513,0.479913,0.539346,0.538377,0.750343,0.848347,0.227269,0.154740,0.130670,0.274740,0.409869,0.722829,0.622891,0.539880,0.426384,0.447481,0.427072,1.450222,0.734567,0.521491,0.418478,0.377935,0.334440
batch 195,0.846426,0.671820,0.622172,0.611622,0.671919,0.605466,0.588013,0.458084,0.456004,0.517372,0.531234,0.758208,0.757563,0.233110,0.193959,0.138196,0.282007,0.403568,0.813952,0.603951,0.547844,0.431125,0.395812,0.456995,1.584579,0.761717,0.535787,0.444778,0.391927,0.319297
batch 196,0.821991,0.657878,0.632293,0.671382,0.717450,0.611117,0.587217,0.491319,0.484337,0.545228,0.510971,0.763186,0.799470,0.268121,0.179323,0.145843,0.283037,0.416875,0.723667,0.532596,0.466067,0.428171,0.395316,0.472420,1.421749,0.695136,0.512392,0.442303,0.410945,0.369207
batch 197,0.869657,0.684901,0.620689,0.652341,0.708393,0.586108,0.637805,0.474171,0.483471,0.552318,0.544310,0.738886,0.868181,0.249457,0.160257,0.142558,0.285168,0.402327,0.797126,0.597797,0.527246,0.464032,0.413366,0.481137,1.622296,0.763663,0.544892,0.465055,0.376343,0.347689
batch 198,0.870304,0.653133,0.651028,0.665129,0.749320,0.622306,0.563588,0.476052,0.486308,0.546360,0.526701,0.751871,0.810399,0.232348,0.180949,0.137629,0.288676,0.405524,0.772239,0.576289,0.503680,0.453868,0.423507,0.473794,1.595441,0.735619,0.552734,0.473543,0.407033,0.373088
batch 199,0.753108,0.637644,0.607516,0.613646,0.685318,0.644224,0.581125,0.471229,0.468654,0.528076,0.522123,0.796088,0.730926,0.289846,0.190715,0.149934,0.310674,0.445535,0.678645,0.495811,0.440229,0.437829,0.381065,0.473532,1.390042,0.710706,0.535479,0.449910,0.431584,0.397785
batch 200,0.775090,0.657740,0.615745,0.633277,0.668815,0.588003,0.581728,0.466607,0.469770,0.527940,0.542979,0.771611,0.756201,0.245868,0.175082,0.143226,0.312210,0.414977,0.759833,0.542782,0.463243,0.495490,0.432080,0.458641,1.515460,0.754427,0.559823,0.458798,0.406314,0.369592
batch 201,0.749651,0.634392,0.575553,0.616551,0.674590,0.557471,0.533553,0.444649,0.450001,0.518944,0.507115,0.749816,0.738013,0.225411,0.167268,0.136601,0.263568,0.393795,0.771489,0.635305,0.557865,0.450515,0.421950,0.405581,1.560042,0.780485,0.524079,0.426641,0.370544,0.324607
batch 202,0.778748,0.640935,0.596641,0.620866,0.691721,0.576361,0.543845,0.459826,0.466526,0.530499,0.511173,0.745462,0.710444,0.230339,0.183339,0.143879,0.296970,0.398050,0.780515,0.571841,0.476256,0.464465,0.400013,0.466865,1.527528,0.734098,0.555698,0.493723,0.404897,0.348350
batch 203,0.845630,0.656937,0.618054,0.573647,0.639510,0.552158,0.561999,0.448726,0.460510,0.505033,0.511639,0.747442,0.826955,0.228009,0.157325,0.136508,0.252018,0.396954,0.779151,0.623708,0.494937,0.445616,0.382901,0.393862,1.411394,0.696243,0.463736,0.396045,0.375817,0.301922
batch 204,0.781266,0.654424,0.611095,0.618194,0.671438,0.587481,0.566990,0.460815,0.459587,0.517660,0.506966,0.730347,0.741763,0.277795,0.178120,0.150879,0.271578,0.390982,0.734252,0.575314,0.488405,0.425678,0.357931,0.468392,1.552554,0.741584,0.543634,0.448058,0.417963,0.369429
batch 205,0.822573,0.658681,0.633520,0.623717,0.695865,0.633918,0.593329,0.485036,0.469073,0.527463,0.520553,0.772352,0.785655,0.268492,0.176647,0.162529,0.294225,0.433493,0.717237,0.536729,0.460694,0.434810,0.415670,0.473791,1.471964,0.746064,0.535873,0.475675,0.409907,0.376228
batch 206,0.786582,0.644679,0.628093,0.626126,0.730285,0.614839,0.544338,0.462566,0.463421,0.524940,0.515795,0.777880,0.707983,0.233497,0.167901,0.141006,0.282589,0.428771,0.692700,0.527876,0.469246,0.412403,0.425299,0.455596,1.506433,0.752348,0.541014,0.459083,0.420987,0.379181
batch 207,0.778694,0.653210,0.619862,0.635145,0.694763,0.611314,0.570936,0.479648,0.468680,0.537135,0.531827,0.784792,0.715158,0.254041,0.169834,0.140996,0.275319,0.421819,0.703791,0.546731,0.479351,0.455284,0.382968,0.440482,1.479945,0.701045,0.536669,0.461052,0.416333,0.388716
batch 208,0.778442,0.637256,0.597409,0.633036,0.736796,0.600880,0.557362,0.465288,0.471435,0.525440,0.507089,0.739174,0.693046,0.264595,0.174364,0.135306,0.275989,0.397811,0.674427,0.496901,0.466102,0.462009,0.393643,0.465924,1.467987,0.715120,0.543753,0.455917,0.435441,0.378916
batch 209,0.752681,0.623546,0.615622,0.638566,0.707378,0.579060,0.542534,0.457261,0.461054,0.523013,0.514535,0.727298,0.725756,0.241054,0.172726,0.139167,0.264788,0.391952,0.712752,0.521982,0.465514,0.427377,0.393890,0.471118,1.440771,0.708189,0.542627,0.458069,0.422050,0.378013
batch 210,0.765344,0.624120,0.604453,0.600771,0.678273,0.593471,0.565639,0.469000,0.466832,0.516180,0.506615,0.761877,0.684035,0.259278,0.184278,0.138405,0.272511,0.418195,0.723781,0.531753,0.464383,0.454535,0.379344,0.472568,1.512914,0.742665,0.555609,0.461276,0.422428,0.377226
batch 211,0.726883,0.629836,0.594769,0.612426,0.671068,0.555660,0.548535,0.466595,0.460071,0.513940,0.515398,0.716505,0.691919,0.252550,0.177371,0.137296,0.261388,0.377413,0.735410,0.551951,0.471346,0.434990,0.419827,0.466512,1.530025,0.752192,0.553554,0.458199,0.443433,0.374046
batch 212,0.736181,0.648530,0.624192,0.622852,0.670134,0.589859,0.552065,0.468095,0.464500,0.515097,0.509730,0.744700,0.736829,0.267638,0.169427,0.143599,0.279119,0.407737,0.730597,0.539962,0.490388,0.440959,0.382930,0.484503,1.583103,0.728483,0.558189,0.468461,0.439208,0.395473
batch 213,0.896410,0.671354,0.645778,0.665025,0.695798,0.617488,0.608950,0.473694,0.478170,0.539298,0.543866,0.766678,0.826564,0.228466,0.164605,0.130959,0.280748,0.417414,0.775424,0.609827,0.519215,0.427290,0.394037,0.459685,1.559531,0.752522,0.496042,0.409819,0.377114,0.335860
batch 214,0.778518,0.620207,0.605090,0.612720,0.678411,0.589600,0.537053,0.458086,0.448761,0.506807,0.493992,0.773848,0.756046,0.250654,0.164082,0.136290,0.267195,0.435110,0.702330,0.538046,0.463362,0.470930,0.371439,0.463802,1.490946,0.698731,0.523465,0.448588,0.412573,0.377150
batch 215,0.855501,0.638551,0.613034,0.602897,0.716016,0.620721,0.577193,0.468130,0.463291,0.534703,0.537670,0.745234,0.770287,0.220330,0.159172,0.134179,0.278408,0.406733,0.724102,0.571873,0.513849,0.410405,0.415404,0.465675,1.504179,0.706556,0.522999,0.438027,0.408656,0.323798
batch 216,0.753745,0.646111,0.620925,0.631595,0.684857,0.604498,0.538578,0.466978,0.465062,0.528516,0.533229,0.766892,0.689684,0.242623,0.160917,0.142160,0.275673,0.413795,0.702956,0.534199,0.472674,0.444356,0.432371,0.464493,1.534168,0.755945,0.560446,0.483351,0.446343,0.403827
batch 217,0.756546,0.617049,0.579302,0.596401,0.647987,0.577330,0.590256,0.462571,0.470058,0.528015,0.516099,0.725047,0.744678,0.269891,0.186039,0.136595,0.270837,0.387030,0.772600,0.574929,0.517225,0.433901,0.386241,0.453807,1.604767,0.738568,0.549217,0.477361,0.425273,0.369208
batch 218,0.914147,0.718658,0.678112,0.659577,0.739679,0.652362,0.607976,0.475145,0.478693,0.544664,0.535325,0.792306,0.891660,0.229973,0.162474,0.143558,0.302263,0.429686,0.894608,0.653146,0.525461,0.468936,0.435973,0.436568,1.547818,0.746217,0.497041,0.401380,0.364787,0.330982
batch 219,0.727458,0.621342,0.600073,0.602551,0.696174,0.593447,0.555979,0.459166,0.456947,0.518410,0.517845,0.756568,0.695779,0.260226,0.174446,0.138757,0.281153,0.412848,0.693473,0.500552,0.457352,0.426233,0.388865,0.458519,1.371798,0.679193,0.522962,0.437213,0.410231,0.366273
batch 220,0.744237,0.649788,0.626059,0.645758,0.705162,0.591547,0.534845,0.458331,0.455378,0.516503,0.509828,0.747321,0.717384,0.242613,0.182590,0.135334,0.275065,0.399128,0.763579,0.566982,0.497418,0.427112,0.408500,0.448558,1.536250,0.746907,0.551398,0.458497,0.420439,0.359544
batch 221,0.772888,0.641599,0.602690,0.626882,0.686836,0.626463,0.564817,0.474336,0.478563,0.541938,0.541043,0.764945,0.741287,0.238563,0.178423,0.140685,0.283890,0.435030,0.758824,0.549482,0.463620,0.454451,0.397542,0.466279,1.557871,0.723733,0.547001,0.462637,0.405537,0.369362
batch 222,0.701291,0.622776,0.593220,0.620944,0.670922,0.581651,0.547878,0.455704,0.456295,0.511870,0.507648,0.763604,0.661643,0.258092,0.176773,0.138465,0.286990,0.409794,0.725140,0.522861,0.450700,0.463234,0.417981,0.463076,1.510544,0.740238,0.554489,0.449584,0.436053,0.396532
batch 223,0.753436,0.603240,0.609463,0.603760,0.661739,0.571716,0.554165,0.464359,0.463637,0.516925,0.487385,0.750847,0.686115,0.245117,0.172259,0.142382,0.265506,0.403787,0.668295,0.481340,0.453306,0.500228,0.389880,0.483823,1.447766,0.688886,0.526095,0.449589,0.425885,0.398747
batch 224,0.802044,0.680363,0.609800,0.606586,0.655253,0.592923,0.598060,0.478764,0.477777,0.558041,0.533907,0.755853,0.796441,0.246080,0.183008,0.132031,0.275233,0.404992,0.791037,0.602047,0.511375,0.438562,0.389868,0.453482,1.467883,0.758328,0.531792,0.442099,0.390501,0.337218
batch 225,0.803072,0.632452,0.616356,0.627329,0.705061,0.610530,0.630273,0.476304,0.479820,0.535285,0.532128,0.774374,0.782681,0.236284,0.173450,0.156160,0.275794,0.425667,0.730000,0.567963,0.468063,0.452363,0.392295,0.483039,1.488370,0.723272,0.532050,0.460050,0.410107,0.367064
batch 226,0.800886,0.628080,0.625359,0.623859,0.687163,0.583635,0.618072,0.479829,0.490112,0.541345,0.523172,0.707276,0.788524,0.246225,0.173862,0.134249,0.273152,0.377972,0.721817,0.520285,0.491061,0.420465,0.398506,0.508015,1.513881,0.691985,0.518344,0.466906,0.400131,0.359964
batch 227,0.867377,0.657263,0.635351,0.635680,0.672538,0.559498,0.598085,0.486410,0.483703,0.532377,0.521440,0.762320,0.810798,0.243480,0.163943,0.131742,0.260269,0.408878,0.758241,0.558710,0.520804,0.455692,0.374186,0.485517,1.469164,0.741500,0.559541,0.461190,0.374377,0.348110
batch 228,0.783010,0.664504,0.613217,0.622824,0.721327,0.621233,0.570801,0.470732,0.477688,0.527917,0.516944,0.758335,0.711502,0.247010,0.179792,0.149511,0.281835,0.405798,0.748248,0.553867,0.466036,0.448089,0.394322,0.448396,1.452009,0.745940,0.556561,0.450734,0.410156,0.371555
batch 229,0.781069,0.654515,0.616689,0.666434,0.725250,0.606068,0.560034,0.474275,0.474324,0.538263,0.518013,0.722672,0.840378,0.243959,0.169787,0.142527,0.278308,0.391802,0.772249,0.585111,0.526474,0.428443,0.401774,0.487319,1.547899,0.688348,0.490862,0.467350,0.396488,0.361712
batch 230,0.825795,0.657167,0.615623,0.613491,0.682410,0.609422,0.593624,0.478551,0.469706,0.544572,0.534862,0.732268,0.856560,0.238531,0.176513,0.151626,0.276870,0.394451,0.773560,0.623660,0.526460,0.441795,0.413623,0.474562,1.637614,0.718927,0.538722,0.429537,0.406287,0.346663
batch 231,0.761937,0.621022,0.589151,0.595594,0.700570,0.582308,0.544345,0.460492,0.460562,0.520541,0.516893,0.723917,0.703746,0.262317,0.170302,0.133753,0.281932,0.386694,0.715375,0.542042,0.466906,0.427053,0.392869,0.454266,1.484081,0.721725,0.553648,0.460640,0.420481,0.363852
batch 232,0.884316,0.707041,0.673856,0.645940,0.793821,0.692596,0.610149,0.495224,0.490748,0.549759,0.528980,0.742002,0.863632,0.231740,0.188763,0.132314,0.301344,0.413118,0.787674,0.605819,0.499774,0.437070,0.423521,0.480829,1.552624,0.676969,0.517590,0.429625,0.385163,0.336331
batch 233,0.794461,0.657142,0.604479,0.619666,0.737697,0.633058,0.595247,0.470135,0.475682,0.534495,0.525200,0.764933,0.780941,0.275085,0.177694,0.145614,0.292600,0.420140,0.740067,0.569069,0.487130,0.431403,0.389030,0.449931,1.504765,0.749603,0.554374,0.459270,0.419907,0.373483
batch 234,0.766050,0.644770,0.609125,0.613318,0.688350,0.586332,0.530027,0.462088,0.462157,0.525892,0.514632,0.755358,0.711577,0.233841,0.157033,0.130317,0.274395,0.410654,0.746624,0.569389,0.518976,0.429234,0.367119,0.459889,1.585060,0.735932,0.547368,0.457549,0.432249,0.390821
batch 235,0.718876,0.597496,0.605188,0.613823,0.670187,0.568701,0.525082,0.450588,0.458776,0.525543,0.501538,0.745565,0.666340,0.242857,0.167612,0.140894,0.257419,0.395371,0.742159,0.564898,0.472740,0.462822,0.404992,0.467267,1.528584,0.745250,0.535439,0.452275,0.414099,0.376098
batch 236,0.762793,0.653043,0.610621,0.642240,0.692096,0.588765,0.541082,0.466054,0.464221,0.518851,0.507046,0.730008,0.719725,0.244414,0.177088,0.135347,0.265595,0.396249,0.706442,0.577440,0.494197,0.420547,0.360486,0.483967,1.565868,0.735636,0.560804,0.441981,0.430410,0.390550
batch 237,0.807138,0.647965,0.613840,0.624995,0.687080,0.614357,0.617258,0.482373,0.475127,0.551362,0.564295,0.787142,0.775086,0.241321,0.165708,0.137469,0.296205,0.421612,0.763376,0.541967,0.457955,0.493494,0.427703,0.470974,1.510418,0.736723,0.536915,0.452866,0.403842,0.355405
batch 238,0.766912,0.675962,0.618212,0.611313,0.720458,0.608122,0.544384,0.459600,0.460228,0.527288,0.509999,0.729860,0.727969,0.237672,0.182795,0.151601,0.277842,0.388411,0.746920,0.587464,0.569697,0.468428,0.373227,0.425191,1.604713,0.749319,0.524201,0.448227,0.384052,0.335854
batch 239,0.780057,0.623007,0.597569,0.597065,0.691562,0.585482,0.554702,0.473273,0.461176,0.514419,0.497204,0.734432,0.687334,0.271983,0.169805,0.135584,0.285972,0.391859,0.679037,0.517041,0.446261,0.448573,0.385787,0.445641,1.437417,0.714705,0.547315,0.455967,0.433916,0.378856
batch 240,0.779446,0.636763,0.596076,0.607742,0.691455,0.609967,0.589023,0.467810,0.485760,0.534408,0.526685,0.745433,0.750159,0.238489,0.166036,0.135676,0.280098,0.409457,0.789906,0.611659,0.520080,0.439148,0.398380,0.461646,1.631628,0.771598,0.547157,0.479375,0.407853,0.368566
batch 241,0.837912,0.651845,0.618633,0.620155,0.725767,0.602410,0.616966,0.487989,0.481037,0.546011,0.529731,0.758667,0.866293,0.229720,0.167656,0.137491,0.281298,0.395275,0.792675,0.525688,0.489259,0.441140,0.437377,0.512858,1.540904,0.679272,0.526493,0.466999,0.402107,0.347364
batch 242,0.782222,0.639135,0.639788,0.645444,0.687170,0.591431,0.542897,0.458231,0.456230,0.511541,0.504027,0.718683,0.726206,0.226570,0.171986,0.140384,0.267372,0.379723,0.763698,0.590080,0.498827,0.433714,0.423772,0.458681,1.546065,0.755000,0.541530,0.482459,0.407162,0.378812
batch 243,0.784260,0.626535,0.625892,0.631745,0.700869,0.588134,0.532875,0.468729,0.465534,0.521498,0.505519,0.725612,0.731598,0.226005,0.178275,0.148973,0.263668,0.384633,0.765634,0.616313,0.517121,0.409784,0.381312,0.450257,1.543532,0.736897,0.506561,0.426535,0.372153,0.330799
batch 244,0.839438,0.637306,0.617404,0.601937,0.690053,0.615516,0.578088,0.475946,0.480518,0.535039,0.527393,0.749240,0.828853,0.246896,0.166442,0.135658,0.268949,0.399327,0.720019,0.566941,0.469999,0.457639,0.356408,0.480750,1.481078,0.673010,0.495560,0.438279,0.386733,0.349886
batch 245,0.812266,0.661196,0.643737,0.643150,0.739009,0.648961,0.566077,0.474364,0.472431,0.546236,0.547781,0.749796,0.770940,0.208238,0.163953,0.131901,0.285322,0.403778,0.766608,0.593870,0.526675,0.436392,0.419679,0.461851,1.578279,0.710025,0.508264,0.417432,0.372794,0.334598
batch 246,0.770211,0.632695,0.594603,0.595208,0.686841,0.580257,0.565546,0.468485,0.477639,0.526567,0.513631,0.735914,0.684120,0.260227,0.169504,0.145265,0.260981,0.395421,0.690651,0.505639,0.442925,0.445924,0.390554,0.473306,1.460180,0.724774,0.555291,0.451617,0.441470,0.380234
batch 247,0.790473,0.612467,0.615627,0.607532,0.690384,0.595430,0.592923,0.479251,0.469508,0.525249,0.523823,0.770602,0.719559,0.253919,0.179242,0.139005,0.270966,0.425130,0.761274,0.596665,0.526468,0.415499,0.384749,0.435637,1.463113,0.737718,0.537487,0.436949,0.409807,0.365802
batch 248,0.762789,0.628915,0.614811,0.630268,0.685247,0.577896,0.543795,0.461195,0.456274,0.527507,0.516031,0.753178,0.673840,0.233194,0.155805,0.130659,0.263670,0.399671,0.725609,0.546967,0.486653,0.435646,0.380459,0.454566,1.521287,0.736520,0.535177,0.452241,0.436983,0.391290
batch 249,0.779158,0.653103,0.637965,0.628958,0.736060,0.615198,0.553077,0.475889,0.488054,0.547959,0.528666,0.771361,0.766579,0.224242,0.168241,0.133579,0.281623,0.416652,0.734594,0.554680,0.521551,0.454295,0.432279,0.458457,1.522042,0.722670,0.523593,0.452302,0.381655,0.360579
batch 250,0.748681,0.580171,0.573623,0.593090,0.695873,0.583580,0.584262,0.469656,0.477487,0.528926,0.520562,0.723974,0.704009,0.231108,0.173871,0.155780,0.264377,0.388691,0.678165,0.526937,0.455180,0.455192,0.377963,0.479553,1.409808,0.682444,0.518299,0.422980,0.389688,0.364364
batch 251,0.727593,0.603134,0.593288,0.608689,0.694191,0.612272,0.524767,0.471470,0.469236,0.511602,0.499886,0.762553,0.666560,0.258837,0.162348,0.138147,0.265023,0.422454,0.654611,0.503165,0.450560,0.425672,0.370105,0.469941,1.402883,0.694049,0.543097,0.460994,0.420977,0.387435
batch 252,0.761325,0.618641,0.620994,0.639821,0.687450,0.587756,0.523656,0.458700,0.456061,0.498976,0.491177,0.695710,0.713596,0.227698,0.165571,0.136192,0.259253,0.366732,0.768546,0.586530,0.500641,0.407557,0.399184,0.450474,1.541197,0.752154,0.545146,0.467852,0.412597,0.370483
batch 253,0.728054,0.631773,0.603363,0.622507,0.694633,0.570827,0.542361,0.467851,0.457199,0.533346,0.522659,0.762684,0.646229,0.226343,0.179731,0.136762,0.303831,0.400648,0.709551,0.504230,0.449615,0.434691,0.408995,0.467770,1.502103,0.763081,0.564108,0.458501,0.434915,0.397693
batch 254,0.756897,0.664310,0.620120,0.643913,0.735117,0.622555,0.539980,0.467399,0.468949,0.528617,0.514967,0.746233,0.726497,0.249200,0.165704,0.137773,0.282237,0.400174,0.753166,0.546491,0.477221,0.444331,0.424840,0.483612,1.566460,0.741912,0.554451,0.495536,0.431714,0.378306
batch 255,0.769983,0.609225,0.599249,0.591989,0.671994,0.580447,0.564425,0.461190,0.461909,0.514065,0.499511,0.758477,0.686829,0.265618,0.171934,0.136051,0.285283,0.416058,0.667000,0.496916,0.443007,0.432029,0.399636,0.463505,1.350493,0.678701,0.530668,0.435650,0.423724,0.374087
batch 256,0.744156,0.612268,0.613069,0.619905,0.696742,0.622841,0.533609,0.462623,0.461739,0.524876,0.500389,0.785779,0.718036,0.253345,0.177185,0.151151,0.271694,0.438848,0.684604,0.501521,0.435397,0.428346,0.382836,0.474151,1.421632,0.705679,0.536290,0.446356,0.431768,0.395184
batch 257,0.769959,0.636341,0.611764,0.604028,0.667200,0.579045,0.607360,0.486950,0.495321,0.543712,0.509909,0.703148,0.831802,0.240739,0.176463,0.133530,0.258955,0.384277,0.738673,0.559595,0.543478,0.451491,0.389482,0.502882,1.617044,0.691380,0.512961,0.445140,0.422818,0.382742
batch 258,0.922923,0.701116,0.655635,0.607284,0.712448,0.641308,0.668748,0.503001,0.498635,0.562941,0.547897,0.786810,0.954994,0.227548,0.178903,0.136401,0.293423,0.430817,0.845637,0.638348,0.493963,0.393455,0.363065,0.456650,1.604682,0.701849,0.463108,0.383676,0.362449,0.333845
batch 259,0.883851,0.682161,0.615976,0.593984,0.658251,0.597659,0.629050,0.483108,0.478114,0.525604,0.519113,0.735943,0.849950,0.274451,0.168281,0.136248,0.258578,0.387936,0.727028,0.567659,0.509808,0.460689,0.402962,0.489092,1.499912,0.699980,0.501900,0.435553,0.400372,0.348054
batch 260,0.778026,0.627710,0.599020,0.618880,0.741108,0.594532,0.562525,0.471796,0.469069,0.518953,0.503737,0.766544,0.727130,0.258109,0.170734,0.136904,0.276261,0.429731,0.688310,0.510246,0.473307,0.458895,0.409414,0.471194,1.529283,0.732509,0.561527,0.451431,0.429989,0.366163
batch 261,0.798138,0.628908,0.656401,0.653564,0.733443,0.640538,0.585027,0.493868,0.482211,0.543099,0.526839,0.730618,0.809879,0.222053,0.165218,0.136064,0.285635,0.405197,0.732199,0.531064,0.489957,0.436409,0.411070,0.533426,1.575457,0.666532,0.524637,0.457917,0.416170,0.383269
batch 262,0.725595,0.591408,0.580406,0.602253,0.672870,0.572493,0.564655,0.454978,0.464278,0.524411,0.516200,0.710712,0.710027,0.279672,0.178259,0.141611,0.261207,0.381372,0.683943,0.509347,0.490441,0.436128,0.375022,0.476341,1.483856,0.688191,0.533999,0.468545,0.423519,0.383724
batch 263,0.771989,0.619684,0.599088,0.587121,0.686981,0.582718,0.523852,0.458082,0.482377,0.515815,0.508135,0.728281,0.738492,0.226274,0.170122,0.145851,0.280478,0.384601,0.767280,0.581481,0.468576,0.458469,0.446128,0.467740,1.584072,0.741908,0.530302,0.474158,0.399205,0.352999
batch 264,0.716513,0.604299,0.594253,0.614881,0.702597,0.587221,0.532900,0.457270,0.456625,0.521838,0.517364,0.754267,0.649628,0.252911,0.160119,0.140650,0.273024,0.407854,0.704147,0.531794,0.476121,0.427436,0.355374,0.463470,1.410576,0.713864,0.539296,0.447144,0.411999,0.387290
batch 265,0.734492,0.616815,0.598124,0.613861,0.712279,0.589604,0.558345,0.472728,0.483750,0.534567,0.512769,0.738002,0.717018,0.232553,0.170812,0.131753,0.265525,0.391828,0.718880,0.531128,0.446913,0.430159,0.411411,0.490997,1.440806,0.670409,0.495037,0.428375,0.412750,0.356868
batch 266,0.863849,0.670237,0.638489,0.646946,0.712676,0.621878,0.599296,0.481163,0.485596,0.533774,0.513344,0.791130,0.804035,0.231259,0.169071,0.137102,0.277958,0.430472,0.764167,0.544895,0.498158,0.473117,0.451329,0.456499,1.576271,0.772565,0.528522,0.491601,0.400116,0.364817
batch 267,0.848892,0.655784,0.621560,0.582169,0.674026,0.625188,0.586151,0.483506,0.501859,0.544039,0.523337,0.782877,0.831246,0.211252,0.152023,0.128703,0.277131,0.426903,0.847927,0.640985,0.547505,0.452421,0.476069,0.437070,1.636087,0.732388,0.492561,0.413056,0.400317,0.322143
batch 268,0.729593,0.656226,0.614950,0.671491,0.735185,0.596709,0.516269,0.462140,0.467733,0.531400,0.502400,0.762958,0.696258,0.235432,0.166922,0.147861,0.281776,0.406498,0.746068,0.558261,0.487963,0.458851,0.407292,0.490069,1.573273,0.757604,0.584687,0.495541,0.435152,0.371548
batch 269,0.781184,0.638840,0.585872,0.575037,0.674903,0.579344,0.596041,0.474953,0.468939,0.528505,0.513321,0.742421,0.714028,0.248961,0.178130,0.141915,0.263549,0.394595,0.744961,0.576288,0.499051,0.437630,0.391893,0.449650,1.533398,0.739150,0.509997,0.448706,0.420359,0.362131
batch 270,0.778132,0.623291,0.602026,0.599916,0.674608,0.575422,0.577715,0.461514,0.475391,0.529289,0.509538,0.736958,0.734270,0.249279,0.166469,0.139692,0.264773,0.400654,0.673809,0.529705,0.485978,0.456930,0.409476,0.495061,1.496268,0.716488,0.526988,0.463087,0.416392,0.366937
batch 271,0.750908,0.597720,0.589485,0.595765,0.648452,0.574262,0.571805,0.485228,0.472077,0.522592,0.509363,0.738704,0.728927,0.249955,0.170949,0.144994,0.253023,0.400396,0.699048,0.533857,0.473177,0.424207,0.388218,0.458748,1.511672,0.720112,0.536393,0.452688,0.411645,0.381106
batch 272,0.867449,0.677089,0.651611,0.642589,0.737211,0.636374,0.589161,0.476596,0.483675,0.543409,0.524177,0.765429,0.846217,0.215715,0.163308,0.136176,0.294455,0.419678,0.789567,0.602663,0.491129,0.432536,0.403191,0.491983,1.610649,0.740588,0.530311,0.451774,0.398092,0.345547
batch 273,0.748272,0.622822,0.598715,0.594744,0.681102,0.622812,0.556148,0.466809,0.465216,0.514628,0.512889,0.762769,0.704880,0.266342,0.177176,0.148866,0.277698,0.418517,0.719571,0.536080,0.450383,0.426159,0.391619,0.463136,1.426704,0.721852,0.519758,0.435692,0.407966,0.378117
batch 274,0.730236,0.600905,0.588626,0.594594,0.683485,0.591361,0.523520,0.458366,0.443919,0.509885,0.503601,0.751577,0.639707,0.270118,0.178835,0.137614,0.273396,0.412149,0.665991,0.513631,0.428646,0.450101,0.365735,0.453966,1.382480,0.721990,0.541517,0.471712,0.435922,0.390755
batch 275,0.749478,0.645867,0.617959,0.648002,0.703721,0.605749,0.538948,0.465759,0.464307,0.523609,0.522356,0.760585,0.688199,0.255402,0.174125,0.151609,0.282361,0.415991,0.758275,0.538999,0.471608,0.448155,0.427052,0.462639,1.429669,0.728254,0.552512,0.473703,0.403844,0.372134
batch 276,0.777744,0.631097,0.637531,0.640301,0.686653,0.595986,0.580473,0.477088,0.471912,0.529739,0.510529,0.750905,0.740114,0.247588,0.167026,0.128617,0.267401,0.412530,0.703900,0.551142,0.486255,0.422476,0.383505,0.477141,1.463542,0.690680,0.536273,0.437950,0.423521,0.371968
batch 277,0.720583,0.613839,0.576350,0.612603,0.695272,0.583927,0.526728,0.450636,0.449280,0.512684,0.497269,0.737313,0.672772,0.275181,0.179407,0.140352,0.266866,0.393134,0.692362,0.499596,0.449235,0.455177,0.410513,0.467241,1.377323,0.714629,0.544772,0.456544,0.410088,0.362287
batch 278,0.685885,0.603749,0.567441,0.595934,0.697780,0.579001,0.515498,0.466871,0.462755,0.527345,0.502157,0.738999,0.643847,0.243061,0.195343,0.155958,0.269121,0.403889,0.709946,0.514722,0.464315,0.464828,0.399221,0.452573,1.476691,0.719416,0.570162,0.469270,0.410895,0.364696
batch 279,0.887461,0.699170,0.676277,0.655482,0.705234,0.648781,0.604869,0.481566,0.483485,0.543377,0.549519,0.791421,0.841181,0.218676,0.169803,0.127794,0.293256,0.435667,0.784958,0.600349,0.506498,0.424604,0.455402,0.452160,1.600981,0.754188,0.525641,0.433359,0.400425,0.363848
batch 280,0.735725,0.615335,0.592549,0.597691,0.674400,0.585905,0.566733,0.469550,0.466330,0.521466,0.519086,0.733189,0.712163,0.259553,0.187629,0.138396,0.268921,0.398339,0.716383,0.550125,0.489723,0.412886,0.348302,0.462581,1.515542,0.722407,0.550613,0.439627,0.399357,0.360145
batch 281,0.758878,0.669724,0.652620,0.671818,0.705793,0.618759,0.553546,0.469828,0.476522,0.531338,0.533616,0.795863,0.712500,0.236864,0.167980,0.143124,0.293377,0.425981,0.760633,0.532868,0.465097,0.489687,0.465178,0.443503,1.487693,0.741072,0.536245,0.450098,0.423254,0.375352
batch 282,0.781857,0.634837,0.606209,0.622667,0.686786,0.593939,0.576288,0.472673,0.465546,0.519171,0.512452,0.757492,0.746822,0.265121,0.183850,0.134566,0.280195,0.417205,0.667442,0.501515,0.458243,0.456149,0.396313,0.480097,1.465744,0.710333,0.547752,0.457985,0.427240,0.381240
batch 283,0.772295,0.629029,0.619139,0.615963,0.676635,0.606918,0.590128,0.483573,0.472051,0.529193,0.522535,0.759689,0.721910,0.249733,0.176418,0.144135,0.281030,0.415186,0.733540,0.569060,0.489086,0.425531,0.379161,0.465047,1.531968,0.765313,0.540380,0.461023,0.414971,0.379892
batch 284,0.764290,0.626947,0.600939,0.607417,0.701115,0.609043,0.555375,0.452157,0.465887,0.519888,0.523010,0.686004,0.721650,0.243079,0.165015,0.129303,0.258700,0.368326,0.759983,0.596860,0.500371,0.428350,0.384271,0.490757,1.511110,0.658550,0.499715,0.449877,0.415172,0.356393
batch 285,0.684492,0.595753,0.588654,0.592299,0.673862,0.591631,0.523240,0.456998,0.463902,0.522436,0.506219,0.747543,0.634421,0.251939,0.171890,0.142466,0.273804,0.402691,0.699123,0.528363,0.464468,0.437057,0.400210,0.463763,1.513271,0.726679,0.560027,0.447390,0.420605,0.377824
batch 286,0.864580,0.678619,0.633095,0.646159,0.707856,0.612439,0.611637,0.475872,0.481181,0.550721,0.544774,0.795439,0.801620,0.243981,0.163909,0.135444,0.290662,0.424908,0.776441,0.568663,0.492832,0.489545,0.478373,0.459116,1.568110,0.763033,0.553949,0.451433,0.405566,0.370761
batch 287,0.783487,0.657168,0.575457,0.616543,0.654531,0.548460,0.575294,0.456864,0.460036,0.513426,0.524736,0.710227,0.770294,0.243385,0.169957,0.136687,0.255081,0.365022,0.760379,0.587666,0.534396,0.456298,0.426574,0.453749,1.609848,0.725074,0.540075,0.434758,0.379030,0.353435
batch 288,0.819871,0.665369,0.620089,0.640084,0.719376,0.620285,0.591196,0.482756,0.474777,0.534251,0.518051,0.775275,0.788064,0.265739,0.189775,0.144650,0.291926,0.433650,0.720906,0.574389,0.498015,0.438407,0.372681,0.472161,1.473069,0.724376,0.521009,0.443211,0.417483,0.363110
batch 289,0.790771,0.647854,0.614970,0.619504,0.669987,0.611360,0.584929,0.484157,0.463766,0.518067,0.521510,0.762107,0.720609,0.250633,0.179908,0.143623,0.274224,0.413040,0.730806,0.579090,0.491334,0.417605,0.386957,0.454011,1.406618,0.698928,0.502643,0.445576,0.386060,0.342696
batch 290,0.741364,0.628128,0.588394,0.592343,0.620601,0.577527,0.529899,0.446535,0.452449,0.499953,0.501358,0.757147,0.676071,0.248884,0.178451,0.154753,0.273004,0.409979,0.769358,0.562924,0.471349,0.429077,0.391981,0.433575,1.623003,0.779784,0.584461,0.469270,0.412881,0.375718
batch 291,0.746562,0.643753,0.602037,0.623741,0.722777,0.621147,0.545168,0.466784,0.463362,0.524148,0.520352,0.718599,0.691335,0.257465,0.168138,0.150060,0.277161,0.379273,0.731372,0.569742,0.466226,0.433808,0.405842,0.453522,1.563439,0.777952,0.576432,0.474430,0.423304,0.379292
batch 292,0.724176,0.610623,0.589249,0.604186,0.684171,0.627525,0.541948,0.475808,0.465710,0.534695,0.517882,0.793265,0.679130,0.250111,0.177141,0.146523,0.296791,0.441562,0.757214,0.534286,0.460688,0.471840,0.392068,0.467484,1.603887,0.749238,0.549203,0.434758,0.411712,0.387519
batch 293,0.761162,0.600612,0.566098,0.556212,0.652192,0.547027,0.542490,0.449160,0.454513,0.505230,0.503637,0.742885,0.675059,0.251332,0.179817,0.138269,0.254578,0.401629,0.705633,0.519999,0.485679,0.504980,0.387659,0.470798,1.501494,0.726436,0.546035,0.475199,0.390080,0.356289
batch 294,0.815094,0.646867,0.588818,0.599431,0.693304,0.609245,0.579022,0.471179,0.478113,0.531649,0.511918,0.738081,0.761159,0.255043,0.168092,0.135171,0.274390,0.397833,0.712636,0.549040,0.487335,0.446274,0.371856,0.478380,1.459806,0.693997,0.530192,0.468621,0.388992,0.345726
batch 295,0.719258,0.615456,0.594806,0.621922,0.682359,0.597434,0.527380,0.457612,0.461006,0.521876,0.507648,0.739433,0.701180,0.230314,0.156098,0.126195,0.263583,0.392753,0.739833,0.547094,0.484080,0.418027,0.374525,0.495854,1.538663,0.696961,0.523472,0.445009,0.415735,0.395043
batch 296,0.840620,0.663457,0.623209,0.592909,0.664618,0.612627,0.590307,0.451927,0.458238,0.513564,0.508623,0.696677,0.860015,0.245304,0.152941,0.142130,0.257166,0.366029,0.809173,0.595916,0.507446,0.423530,0.408847,0.486972,1.561676,0.699506,0.527652,0.413217,0.415509,0.368896
batch 297,0.870225,0.671909,0.652617,0.596280,0.660623,0.614695,0.622357,0.482033,0.480100,0.540504,0.556234,0.777869,0.846563,0.219450,0.164610,0.132739,0.273580,0.412324,0.836275,0.651658,0.515964,0.402018,0.373959,0.464286,1.533522,0.722894,0.487348,0.399424,0.418154,0.328489
batch 298,0.754270,0.645421,0.596994,0.603138,0.708850,0.591169,0.558792,0.469986,0.465236,0.514771,0.504862,0.727716,0.696315,0.248828,0.182043,0.146796,0.265501,0.394887,0.701839,0.528695,0.480149,0.445805,0.373126,0.485818,1.452725,0.673531,0.541471,0.425367,0.433053,0.367180
batch 299,0.746040,0.631509,0.599702,0.617534,0.679158,0.572457,0.545964,0.452594,0.459547,0.517264,0.523345,0.756422,0.697669,0.244238,0.176743,0.143811,0.277970,0.413218,0.704466,0.527801,0.463330,0.453734,0.410849,0.467047,1.461546,0.754209,0.568786,0.476770,0.429172,0.380820
batch 300,0.810985,0.644856,0.628437,0.607627,0.697834,0.625240,0.596668,0.469328,0.468891,0.522508,0.519217,0.749935,0.733059,0.241778,0.170457,0.139767,0.280535,0.402707,0.690532,0.521243,0.475196,0.419616,0.397252,0.498579,1.418678,0.686296,0.516030,0.442347,0.409543,0.378589
batch 301,0.747172,0.619810,0.591733,0.583768,0.666107,0.585061,0.564314,0.466933,0.459834,0.531477,0.535310,0.772728,0.698868,0.245876,0.172801,0.132535,0.267685,0.411731,0.738310,0.547041,0.497362,0.456193,0.385517,0.470987,1.597494,0.743134,0.548239,0.458180,0.440267,0.401717
batch 302,0.816268,0.678151,0.640989,0.633898,0.694409,0.608126,0.589533,0.464431,0.461639,0.531440,0.525554,0.744771,0.798498,0.259681,0.166315,0.132552,0.271452,0.411715,0.743593,0.597154,0.497248,0.431418,0.363953,0.470758,1.590245,0.750294,0.539993,0.436697,0.395748,0.364357
batch 303,0.872146,0.686044,0.618749,0.631898,0.687141,0.652074,0.619006,0.479951,0.480667,0.554996,0.554348,0.731753,0.881193,0.243179,0.177252,0.136888,0.277772,0.406521,0.824314,0.621071,0.533521,0.424266,0.349266,0.443655,1.504114,0.692409,0.477511,0.396960,0.341843,0.314048
batch 304,0.853260,0.659039,0.605045,0.633958,0.648037,0.552366,0.633170,0.480883,0.462704,0.515754,0.517989,0.735097,0.843645,0.246459,0.156885,0.133508,0.278298,0.387301,0.769181,0.591061,0.552688,0.465639,0.419620,0.443672,1.600096,0.757305,0.556036,0.457497,0.381838,0.341724
batch 305,0.733588,0.622647,0.595071,0.612096,0.684035,0.597408,0.534602,0.466215,0.464589,0.519360,0.514233,0.770466,0.694454,0.255689,0.174604,0.138752,0.271497,0.430708,0.673917,0.515802,0.436656,0.433764,0.390396,0.452216,1.440919,0.718028,0.562524,0.455003,0.437754,0.391121
batch 306,0.723830,0.616555,0.606237,0.609519,0.668045,0.575448,0.530588,0.457543,0.459409,0.521479,0.509867,0.724773,0.690002,0.232907,0.172877,0.146582,0.261911,0.389497,0.735247,0.574782,0.476153,0.416527,0.373201,0.457647,1.510994,0.683344,0.516284,0.441211,0.414676,0.355292
batch 307,0.736536,0.634945,0.581085,0.596322,0.659574,0.584354,0.551002,0.458479,0.460627,0.519980,0.506249,0.770081,0.712292,0.282354,0.180265,0.147925,0.261389,0.421453,0.685576,0.530391,0.469071,0.446437,0.388669,0.451590,1.489326,0.728209,0.547689,0.438402,0.419393,0.382669
batch 308,0.868468,0.665431,0.630876,0.613542,0.712422,0.597928,0.641282,0.478150,0.480799,0.537891,0.520538,0.756449,0.867237,0.229962,0.157203,0.141152,0.281953,0.409009,0.798096,0.587666,0.528288,0.430711,0.372571,0.479846,1.611593,0.700803,0.514417,0.427223,0.403769,0.360640
batch 309,0.806677,0.691818,0.641615,0.617909,0.695742,0.627049,0.560394,0.471975,0.464297,0.534838,0.523469,0.768199,0.791966,0.244173,0.164098,0.127778,0.283897,0.424805,0.759901,0.579951,0.504750,0.450148,0.391067,0.513667,1.656357,0.739511,0.538375,0.463038,0.418985,0.378047
batch 310,0.746591,0.651848,0.607795,0.619182,0.700346,0.603761,0.524969,0.466854,0.466679,0.524921,0.519686,0.774575,0.681567,0.255090,0.172135,0.140162,0.285629,0.420969,0.707607,0.524168,0.431452,0.423636,0.392223,0.445747,1.437360,0.734478,0.541338,0.446622,0.415098,0.374758
batch 311,0.834916,0.691232,0.622703,0.614315,0.673499,0.573415,0.627571,0.467598,0.475468,0.541257,0.546543,0.742362,0.817874,0.219488,0.152216,0.132276,0.275717,0.401111,0.764757,0.578682,0.522145,0.485092,0.420247,0.448991,1.628375,0.742681,0.508901,0.427218,0.405402,0.347310
batch 312,0.778765,0.639417,0.608530,0.613682,0.707126,0.576445,0.582543,0.467680,0.470463,0.523132,0.523089,0.762949,0.749244,0.238364,0.172947,0.141683,0.287633,0.411631,0.770345,0.551365,0.459950,0.458083,0.418493,0.472925,1.595101,0.749729,0.556181,0.460290,0.414186,0.389138
batch 313,0.853066,0.668024,0.625068,0.638678,0.667257,0.571717,0.601310,0.465723,0.471953,0.525278,0.538720,0.740848,0.764571,0.243514,0.179620,0.138925,0.279215,0.383832,0.818186,0.608958,0.554390,0.428986,0.412350,0.450880,1.628848,0.782976,0.561969,0.455308,0.398980,0.339510
batch 314,0.870198,0.667744,0.625726,0.632621,0.650251,0.603695,0.583232,0.473398,0.467394,0.534946,0.515065,0.741748,0.822446,0.234476,0.153417,0.123780,0.267365,0.394798,0.768473,0.601445,0.518018,0.420747,0.429106,0.458687,1.499236,0.712526,0.498139,0.433984,0.379296,0.348494
batch 315,0.763998,0.626243,0.599826,0.625422,0.692322,0.566036,0.559094,0.469270,0.472161,0.526807,0.522756,0.731503,0.716331,0.257585,0.160296,0.142489,0.276304,0.386820,0.725823,0.544018,0.451162,0.432351,0.434925,0.476670,1.510413,0.714797,0.540489,0.465161,0.418412,0.374872
batch 316,0.808440,0.666073,0.628700,0.634677,0.671106,0.583116,0.560183,0.470382,0.470800,0.518618,0.515729,0.769094,0.770011,0.222259,0.165352,0.138271,0.266250,0.418973,0.772006,0.586718,0.469295,0.423179,0.384831,0.465690,1.421867,0.696588,0.505334,0.449966,0.403785,0.389296
batch 317,0.834518,0.657513,0.642897,0.629623,0.716339,0.585898,0.583132,0.469381,0.469194,0.533182,0.525232,0.733349,0.726684,0.241309,0.160331,0.140486,0.276900,0.389861,0.759747,0.603195,0.508323,0.423056,0.396720,0.475188,1.575505,0.753846,0.543595,0.447522,0.414185,0.375009
batch 318,0.777927,0.647354,0.611931,0.642379,0.695028,0.609130,0.574346,0.464307,0.469393,0.523725,0.519695,0.703343,0.721847,0.245551,0.174590,0.144086,0.276227,0.385650,0.709445,0.573060,0.493376,0.425834,0.374532,0.463684,1.502867,0.741311,0.538210,0.464045,0.400124,0.375284
batch 319,0.783423,0.627545,0.609674,0.607784,0.680387,0.582758,0.591317,0.474468,0.477318,0.533997,0.514181,0.706852,0.729505,0.241988,0.165181,0.136924,0.259204,0.364766,0.722104,0.568898,0.502245,0.427452,0.368133,0.475120,1.546822,0.733232,0.528165,0.439936,0.421427,0.376620
batch 320,0.788573,0.654290,0.601878,0.625358,0.688981,0.637696,0.576677,0.454573,0.463933,0.534264,0.543886,0.772239,0.791151,0.221836,0.167529,0.125323,0.283049,0.407687,0.820245,0.602440,0.542288,0.435764,0.397891,0.475306,1.661173,0.784944,0.550506,0.451226,0.396704,0.350406
batch 321,0.775540,0.657632,0.619788,0.624304,0.706520,0.576048,0.568493,0.466424,0.469375,0.523351,0.518373,0.717867,0.763876,0.250546,0.179556,0.146392,0.284671,0.373237,0.781667,0.583941,0.496968,0.449106,0.423597,0.490722,1.532332,0.717217,0.549846,0.484904,0.393676,0.345721
batch 322,0.757798,0.627112,0.599737,0.615877,0.713384,0.590361,0.561696,0.473445,0.473329,0.536880,0.512185,0.751648,0.709637,0.264308,0.189035,0.147431,0.276993,0.404729,0.680642,0.514250,0.468956,0.433579,0.387895,0.466413,1.369885,0.651681,0.506698,0.431884,0.398277,0.371947
batch 323,0.756074,0.634242,0.589032,0.608834,0.722310,0.580241,0.571326,0.453374,0.462200,0.526281,0.499032,0.724497,0.713038,0.259004,0.156190,0.133172,0.290381,0.389260,0.782083,0.542160,0.524330,0.421676,0.381246,0.497146,1.581938,0.705193,0.544006,0.456806,0.396710,0.363022
batch 324,0.840678,0.661535,0.606788,0.610544,0.680603,0.638566,0.636494,0.479997,0.476248,0.550439,0.528248,0.737974,0.827215,0.252780,0.177825,0.139911,0.283476,0.393948,0.749913,0.577445,0.462159,0.446151,0.411682,0.484137,1.487135,0.623833,0.486299,0.418153,0.377436,0.321534
batch 325,0.767748,0.657845,0.616906,0.644353,0.690143,0.623508,0.548295,0.473161,0.467866,0.534947,0.532817,0.750617,0.726507,0.251923,0.172779,0.147943,0.278174,0.418824,0.724887,0.549551,0.488880,0.418222,0.390864,0.447222,1.474074,0.709073,0.541001,0.462100,0.396384,0.378401
batch 326,0.755691,0.636882,0.604634,0.633954,0.734679,0.600563,0.572231,0.456088,0.456965,0.539553,0.527121,0.806517,0.691874,0.230331,0.160220,0.135740,0.282082,0.435260,0.770982,0.532121,0.462546,0.498122,0.471263,0.474373,1.571150,0.706851,0.549378,0.450430,0.439960,0.366681
batch 327,0.838365,0.657871,0.561326,0.568935,0.630166,0.536691,0.645464,0.483391,0.469293,0.529355,0.505428,0.695144,0.768845,0.246202,0.178209,0.158468,0.259180,0.362266,0.808997,0.606086,0.567210,0.451552,0.424562,0.437824,1.607527,0.760273,0.549429,0.438667,0.380343,0.318852
batch 328,0.804484,0.651439,0.614870,0.624447,0.679897,0.607457,0.546484,0.451913,0.463710,0.527823,0.528819,0.749215,0.753002,0.232012,0.165028,0.142149,0.277463,0.399974,0.808401,0.581816,0.529190,0.451889,0.418993,0.435402,1.520909,0.723692,0.530181,0.435404,0.372797,0.333830
batch 329,0.837259,0.723470,0.647952,0.637576,0.681552,0.590896,0.601736,0.477589,0.476265,0.530931,0.514355,0.750462,0.882863,0.240842,0.159719,0.136580,0.279732,0.408837,0.777764,0.613487,0.511629,0.434646,0.376277,0.480330,1.602202,0.741389,0.543738,0.467079,0.400524,0.357263
batch 330,0.790527,0.638397,0.588932,0.608010,0.699656,0.595715,0.619529,0.472657,0.488295,0.530486,0.511490,0.749698,0.771846,0.276231,0.166139,0.139964,0.276392,0.407324,0.764790,0.562792,0.501199,0.448202,0.419374,0.481302,1.568412,0.736975,0.557789,0.445732,0.425072,0.380699
batch 331,0.832148,0.636099,0.597687,0.600840,0.658372,0.563781,0.610086,0.460195,0.460690,0.522924,0.529243,0.712435,0.763911,0.269001,0.179787,0.151444,0.254441,0.374870,0.724546,0.549115,0.513335,0.427191,0.385944,0.475536,1.459966,0.697875,0.522889,0.450998,0.417781,0.368786
batch 332,0.857928,0.686590,0.634953,0.654797,0.685489,0.612506,0.554159,0.477692,0.471698,0.512696,0.514254,0.749242,0.789121,0.250078,0.178427,0.137158,0.287112,0.402836,0.757602,0.579591,0.470681,0.430563,0.414232,0.462982,1.516058,0.692761,0.533556,0.438508,0.402397,0.353242
batch 333,0.864530,0.673952,0.652522,0.675365,0.714771,0.609279,0.604078,0.483540,0.480875,0.531946,0.518416,0.727987,0.844269,0.236634,0.176491,0.146621,0.274458,0.385019,0.735964,0.628713,0.500568,0.434288,0.404700,0.428176,1.595342,0.726169,0.504231,0.451231,0.400160,0.343718
batch 334,0.909349,0.714716,0.659807,0.635591,0.730788,0.675957,0.595846,0.483396,0.486315,0.549303,0.562062,0.791118,0.891245,0.224299,0.153957,0.128910,0.304231,0.435051,0.811373,0.603209,0.541418,0.415575,0.426460,0.429644,1.527731,0.714121,0.516669,0.383818,0.373085,0.336916
batch 335,0.749191,0.629126,0.574847,0.618839,0.677210,0.561656,0.551212,0.440261,0.445905,0.509724,0.518914,0.721970,0.687877,0.235693,0.161129,0.134387,0.284588,0.388935,0.810434,0.584536,0.514825,0.429309,0.427264,0.443386,1.552781,0.750572,0.543951,0.433356,0.382207,0.337816
batch 336,0.747391,0.626685,0.592366,0.598058,0.689429,0.589377,0.556869,0.462487,0.469113,0.518139,0.502419,0.754123,0.702844,0.253279,0.172788,0.145220,0.261076,0.414027,0.681544,0.523592,0.468344,0.485883,0.401059,0.467604,1.556022,0.732799,0.542509,0.454095,0.445863,0.395791
batch 337,0.782967,0.638860,0.602136,0.617461,0.699393,0.575198,0.579375,0.475712,0.482460,0.535772,0.527386,0.764992,0.717110,0.255057,0.176227,0.141850,0.270308,0.413247,0.746890,0.557607,0.495777,0.444880,0.379810,0.481169,1.611021,0.762875,0.566866,0.480282,0.414040,0.390196
batch 338,0.801977,0.651609,0.643724,0.651549,0.741288,0.623690,0.543340,0.471417,0.468917,0.531050,0.510061,0.768714,0.802969,0.248308,0.160212,0.143132,0.285721,0.432036,0.674459,0.546613,0.477792,0.413979,0.387014,0.479022,1.410460,0.663827,0.514959,0.430209,0.418179,0.384183
batch 339,0.893944,0.667002,0.564545,0.557399,0.622740,0.547272,0.617954,0.459003,0.449506,0.505173,0.528233,0.729227,0.830432,0.236132,0.158433,0.134060,0.249087,0.392775,0.705113,0.616531,0.486180,0.461820,0.369920,0.429954,1.445101,0.715385,0.486420,0.398420,0.364475,0.344073
batch 340,0.836093,0.692251,0.623414,0.634912,0.658548,0.554935,0.590760,0.464884,0.460740,0.519221,0.553132,0.716920,0.810136,0.242594,0.160593,0.138850,0.273127,0.366538,0.826533,0.607427,0.567649,0.473070,0.429304,0.410548,1.644837,0.741856,0.544083,0.470035,0.363613,0.321714
batch 341,0.789461,0.644464,0.620393,0.630280,0.717200,0.579378,0.583523,0.461053,0.468612,0.536734,0.520306,0.706309,0.748430,0.231918,0.156870,0.119304,0.266958,0.374351,0.721527,0.524350,0.531969,0.436124,0.386111,0.507532,1.445322,0.670314,0.511785,0.439358,0.390875,0.356596
batch 342,0.801322,0.640186,0.624500,0.626184,0.696730,0.617859,0.590724,0.472211,0.476943,0.539532,0.510638,0.776367,0.793560,0.277948,0.183166,0.150550,0.276980,0.434814,0.718284,0.553204,0.491323,0.429849,0.367929,0.470253,1.590693,0.725540,0.541927,0.466542,0.442131,0.396242
batch 343,0.764643,0.622793,0.623368,0.616255,0.684525,0.580683,0.603899,0.495965,0.476382,0.537061,0.520986,0.722353,0.758732,0.249042,0.166793,0.128554,0.265518,0.374481,0.736894,0.567073,0.489262,0.445851,0.404644,0.497671,1.586744,0.734508,0.556353,0.497665,0.412659,0.362663
batch 344,0.835310,0.655214,0.612653,0.633507,0.683698,0.587865,0.585727,0.468922,0.463382,0.516675,0.512411,0.731382,0.769412,0.258346,0.167500,0.139745,0.272539,0.385992,0.770032,0.564470,0.530370,0.429778,0.416796,0.455272,1.583203,0.669746,0.506103,0.421631,0.358929,0.357045
batch 345,0.730062,0.634434,0.608531,0.642216,0.711150,0.600884,0.551869,0.463003,0.464826,0.537088,0.527303,0.785788,0.715585,0.254110,0.167911,0.141550,0.283154,0.429086,0.722474,0.516191,0.431357,0.466661,0.461539,0.468753,1.552262,0.732330,0.556672,0.457831,0.448150,0.399020
batch 346,0.712094,0.617672,0.607850,0.637520,0.721672,0.606664,0.520866,0.469143,0.475031,0.528335,0.507517,0.750373,0.655950,0.245664,0.174983,0.144625,0.275687,0.405465,0.718778,0.517260,0.462457,0.455111,0.396284,0.460471,1.538331,0.738447,0.543153,0.478565,0.433093,0.386700
batch 347,0.788934,0.633175,0.605275,0.602749,0.709857,0.591119,0.590108,0.468805,0.466860,0.523684,0.520281,0.736520,0.724293,0.273687,0.182797,0.140315,0.276679,0.387781,0.724469,0.561913,0.505333,0.435849,0.374418,0.481950,1.479696,0.735603,0.535598,0.459158,0.412881,0.367688
batch 348,0.765727,0.640677,0.609867,0.606440,0.706500,0.593812,0.537997,0.469684,0.468690,0.515094,0.487750,0.694656,0.856470,0.264255,0.171805,0.141419,0.296068,0.378667,0.767976,0.601186,0.481456,0.402949,0.380138,0.472834,1.576900,0.695065,0.511939,0.441240,0.392448,0.344623
batch 349,0.742658,0.615974,0.582438,0.596836,0.671336,0.597984,0.581783,0.480351,0.481572,0.514025,0.508274,0.733211,0.699919,0.262679,0.174237,0.144978,0.258886,0.386566,0.695184,0.538182,0.465193,0.463834,0.389830,0.481645,1.509513,0.730380,0.561853,0.459898,0.433248,0.393169
batch 350,0.802857,0.646175,0.608670,0.650389,0.745510,0.619953,0.531909,0.470097,0.469617,0.531429,0.516061,0.763782,0.760330,0.240549,0.197836,0.143025,0.295815,0.412944,0.735513,0.534162,0.469989,0.410038,0.387976,0.452414,1.417272,0.681965,0.519624,0.450502,0.396663,0.365569
batch 351,0.828471,0.643434,0.633958,0.621207,0.701897,0.600206,0.587963,0.470679,0.476846,0.536401,0.518556,0.765129,0.752732,0.234223,0.174035,0.146973,0.278323,0.416131,0.750939,0.576515,0.484536,0.437139,0.415452,0.456200,1.491358,0.722666,0.530667,0.473163,0.393583,0.360625
batch 352,0.857821,0.646030,0.614672,0.599789,0.669340,0.590713,0.589997,0.461579,0.468735,0.525585,0.524197,0.726466,0.814844,0.233939,0.158365,0.133873,0.264341,0.389004,0.766370,0.596366,0.546786,0.464915,0.420210,0.413882,1.602424,0.761636,0.550553,0.446796,0.378226,0.321425
batch 353,0.738519,0.613066,0.589336,0.611372,0.683119,0.606788,0.532182,0.468928,0.455807,0.507264,0.515991,0.692914,0.705985,0.236965,0.174939,0.138441,0.262297,0.376563,0.743057,0.583998,0.494487,0.451489,0.383706,0.476865,1.590469,0.717215,0.537434,0.438607,0.392384,0.350538
batch 354,0.748082,0.648953,0.630780,0.638635,0.730608,0.628292,0.555200,0.474142,0.471180,0.546865,0.526491,0.789672,0.676693,0.234091,0.166876,0.137199,0.287255,0.435641,0.711406,0.531769,0.464933,0.454772,0.437620,0.462953,1.525695,0.747569,0.552882,0.470460,0.440779,0.376525
batch 355,0.726443,0.625543,0.595357,0.608872,0.673919,0.590682,0.545144,0.453658,0.455237,0.529003,0.527480,0.762815,0.658145,0.256076,0.166994,0.132361,0.284983,0.417584,0.736389,0.523628,0.442896,0.466612,0.406693,0.466625,1.602253,0.765574,0.564430,0.453262,0.439645,0.394947
batch 356,0.785689,0.639486,0.606739,0.627433,0.717790,0.628585,0.580585,0.471658,0.488577,0.538226,0.530993,0.742035,0.738294,0.237137,0.175915,0.146757,0.290059,0.402145,0.741298,0.548433,0.487052,0.430814,0.369931,0.489213,1.564844,0.727098,0.532488,0.460116,0.404243,0.372876
batch 357,0.811710,0.658393,0.661267,0.631716,0.665372,0.591245,0.580503,0.472417,0.458739,0.519479,0.510205,0.741538,0.737617,0.241359,0.170717,0.130383,0.270718,0.391102,0.727272,0.545503,0.488210,0.454286,0.413303,0.460392,1.632113,0.768268,0.567861,0.469506,0.438157,0.376093
batch 358,0.862476,0.687867,0.640443,0.627461,0.710333,0.624159,0.618087,0.486032,0.485470,0.550973,0.531889,0.749735,0.861041,0.216646,0.156415,0.130047,0.287501,0.415006,0.773079,0.583724,0.518619,0.440723,0.379938,0.459541,1.520968,0.683998,0.508216,0.401533,0.360075,0.338376
batch 359,0.745793,0.628381,0.602067,0.619587,0.688460,0.568305,0.535121,0.462005,0.452170,0.523827,0.534536,0.722488,0.658411,0.245460,0.172300,0.140240,0.272770,0.397379,0.693970,0.549898,0.488868,0.403796,0.370466,0.473195,1.420021,0.699051,0.517915,0.451544,0.413614,0.367949
batch 360,0.756488,0.604002,0.582361,0.582855,0.688126,0.577425,0.541015,0.443006,0.443433,0.504668,0.499994,0.714470,0.668730,0.248391,0.174008,0.143995,0.261080,0.382948,0.665520,0.518953,0.440199,0.444565,0.383812,0.475719,1.377672,0.685453,0.514012,0.449960,0.412170,0.374978
batch 361,0.783450,0.627425,0.577966,0.576166,0.670835,0.591213,0.600593,0.478892,0.494895,0.519444,0.518536,0.775399,0.772173,0.292297,0.174978,0.149583,0.271139,0.439430,0.692869,0.521493,0.454703,0.452540,0.417954,0.447926,1.467185,0.731249,0.554316,0.453068,0.421783,0.373833
batch 362,0.752636,0.605555,0.601401,0.609822,0.743098,0.621807,0.553908,0.479282,0.481768,0.543871,0.512386,0.782182,0.759434,0.228375,0.170965,0.154383,0.289134,0.439881,0.663888,0.495037,0.466424,0.482383,0.444933,0.478655,1.595919,0.711275,0.552165,0.463359,0.424515,0.385113
batch 363,0.724325,0.608631,0.596223,0.590463,0.633837,0.590153,0.536060,0.452574,0.444701,0.500883,0.490835,0.731941,0.674867,0.263204,0.174418,0.148801,0.266829,0.405335,0.698384,0.510670,0.453821,0.422393,0.382834,0.471213,1.391640,0.701785,0.543281,0.444517,0.411376,0.384951
batch 364,0.804876,0.655844,0.589697,0.607032,0.653374,0.600552,0.567841,0.459000,0.460155,0.522681,0.520652,0.738773,0.781237,0.249563,0.161794,0.135026,0.269770,0.399584,0.731318,0.576516,0.513331,0.437933,0.398543,0.454031,1.507219,0.741682,0.534535,0.464164,0.391832,0.353810
batch 365,0.742033,0.614902,0.606918,0.624984,0.708479,0.593148,0.541536,0.456419,0.467662,0.510720,0.496485,0.728735,0.740169,0.262987,0.179781,0.140421,0.268809,0.396887,0.767015,0.547258,0.466829,0.430864,0.417324,0.476741,1.596496,0.764076,0.579678,0.484403,0.430208,0.381765
batch 366,0.787058,0.634788,0.603658,0.601448,0.659529,0.584554,0.585055,0.467795,0.466931,0.523135,0.515192,0.740903,0.740014,0.264241,0.174353,0.154823,0.269938,0.406153,0.702588,0.535003,0.466530,0.421452,0.402231,0.442148,1.466587,0.707188,0.518463,0.450179,0.418111,0.362425
batch 367,0.821622,0.641031,0.615243,0.595525,0.698597,0.610919,0.582321,0.471370,0.478113,0.542708,0.539117,0.774842,0.807585,0.228891,0.162109,0.146312,0.283423,0.422171,0.734802,0.640743,0.545227,0.438657,0.406353,0.422864,1.525561,0.736414,0.526110,0.388835,0.377185,0.307832
batch 368,0.763936,0.640106,0.607166,0.611734,0.697209,0.568551,0.550458,0.459182,0.466699,0.530085,0.511847,0.722692,0.692090,0.251795,0.191607,0.142952,0.257278,0.376753,0.718433,0.542780,0.475584,0.465676,0.379733,0.460335,1.424343,0.712318,0.525313,0.438374,0.408428,0.369666
batch 369,0.836810,0.650971,0.631479,0.625856,0.703361,0.624973,0.595496,0.475865,0.473934,0.533250,0.540907,0.772926,0.797122,0.232249,0.168420,0.134876,0.281103,0.418613,0.774699,0.583414,0.514256,0.413663,0.403585,0.456780,1.536979,0.705362,0.523756,0.454527,0.381814,0.327110
batch 370,0.873287,0.684675,0.632035,0.628191,0.719360,0.628247,0.615074,0.473997,0.479368,0.546970,0.549754,0.785411,0.790065,0.227246,0.164641,0.134874,0.303887,0.425623,0.765506,0.566923,0.517468,0.424072,0.438908,0.453480,1.485381,0.721019,0.522521,0.477581,0.382133,0.327534
batch 371,0.893385,0.680304,0.664292,0.650923,0.739108,0.694791,0.620534,0.483573,0.476172,0.541300,0.520658,0.755068,0.843617,0.223189,0.183029,0.148502,0.294496,0.421600,0.797114,0.602662,0.495179,0.475380,0.358655,0.473196,1.612180,0.734068,0.525738,0.440776,0.367592,0.329702
batch 372,0.721838,0.618454,0.590433,0.617322,0.694871,0.586578,0.524302,0.460084,0.460737,0.531615,0.499469,0.756669,0.704912,0.259710,0.165417,0.143322,0.268938,0.410397,0.704858,0.543706,0.466604,0.439072,0.399843,0.451646,1.450833,0.745972,0.532151,0.470969,0.409609,0.376488
batch 373,0.855163,0.638285,0.595738,0.587416,0.632662,0.568866,0.598019,0.471519,0.469833,0.538610,0.532135,0.754303,0.755392,0.234656,0.183553,0.148615,0.267373,0.390196,0.775473,0.598265,0.535201,0.423588,0.399927,0.412556,1.415921,0.676957,0.495358,0.429241,0.369098,0.304438
batch 374,0.748579,0.613708,0.613022,0.610276,0.679361,0.598825,0.559994,0.470321,0.468843,0.519140,0.495420,0.741915,0.709018,0.269296,0.168842,0.137838,0.266794,0.415588,0.689020,0.515497,0.461257,0.439401,0.371343,0.481636,1.446042,0.693427,0.536929,0.439224,0.425224,0.393815
batch 375,0.932977,0.694251,0.627574,0.634442,0.734246,0.621054,0.631642,0.475211,0.471022,0.539445,0.519183,0.793071,0.895777,0.220145,0.158894,0.125154,0.284339,0.428165,0.829495,0.636985,0.542485,0.418489,0.387789,0.438771,1.653008,0.694844,0.478649,0.390228,0.350212,0.330436
batch 376,0.762973,0.645495,0.615643,0.630869,0.706569,0.614916,0.542962,0.466929,0.466558,0.528081,0.521360,0.763131,0.720805,0.244479,0.173583,0.136410,0.288369,0.425043,0.692261,0.534541,0.472034,0.440548,0.401678,0.476765,1.467440,0.754883,0.554699,0.485039,0.426061,0.403438
batch 377,0.858582,0.681379,0.679246,0.651358,0.747688,0.623143,0.595753,0.491207,0.477591,0.551754,0.543259,0.784020,0.857948,0.225124,0.161687,0.126684,0.296249,0.429362,0.847803,0.665669,0.537699,0.429282,0.402343,0.456431,1.665164,0.721722,0.489784,0.420386,0.355900,0.320779
batch 378,0.718627,0.618616,0.600149,0.624533,0.726550,0.608619,0.517192,0.453329,0.458892,0.518570,0.505065,0.737390,0.670341,0.246150,0.165345,0.138591,0.294630,0.405526,0.674924,0.506441,0.443935,0.436948,0.382716,0.466082,1.418575,0.721492,0.551108,0.462841,0.427373,0.400529
batch 379,0.814562,0.652290,0.577480,0.581237,0.646311,0.525871,0.557069,0.448633,0.481408,0.511174,0.516218,0.714863,0.777532,0.219511,0.162366,0.126339,0.255572,0.380163,0.757752,0.575496,0.553033,0.442308,0.425668,0.424398,1.558281,0.739230,0.541217,0.444447,0.366272,0.321279
batch 380,0.812290,0.678666,0.628194,0.649904,0.736882,0.629032,0.540197,0.470061,0.477516,0.534456,0.536091,0.750876,0.805426,0.241561,0.159695,0.139566,0.294324,0.413619,0.764736,0.594311,0.503556,0.413933,0.399729,0.448148,1.469133,0.729013,0.502592,0.420063,0.380231,0.333767
batch 381,0.740389,0.634446,0.609341,0.627764,0.660393,0.586056,0.537132,0.460413,0.459181,0.516039,0.517792,0.738091,0.669743,0.253394,0.180939,0.147986,0.265580,0.402621,0.671452,0.508887,0.451084,0.437313,0.394141,0.473051,1.438126,0.723625,0.549261,0.444157,0.427645,0.386384
batch 382,0.755680,0.607952,0.612099,0.633136,0.722361,0.596436,0.590694,0.473924,0.477150,0.534008,0.516257,0.744368,0.712048,0.226294,0.169224,0.165681,0.277995,0.390615,0.661798,0.546601,0.492160,0.462363,0.405064,0.482100,1.408910,0.699648,0.512865,0.428947,0.403450,0.367926
batch 383,0.817349,0.670649,0.622334,0.643432,0.708996,0.620422,0.590371,0.493056,0.481940,0.534625,0.536999,0.735183,0.782988,0.245850,0.158584,0.136076,0.280047,0.396869,0.706583,0.528281,0.442987,0.441620,0.404097,0.479601,1.398579,0.713991,0.536656,0.463013,0.405753,0.366432
batch 384,0.761234,0.640125,0.616191,0.619419,0.707389,0.603714,0.559696,0.471759,0.472164,0.529066,0.508629,0.738967,0.720481,0.259114,0.174283,0.150395,0.272569,0.398987,0.729442,0.559703,0.494580,0.466685,0.409003,0.456073,1.623392,0.768158,0.554078,0.462774,0.422713,0.370086
batch 385,0.783546,0.642610,0.604898,0.609693,0.707087,0.602866,0.547962,0.464121,0.471656,0.528030,0.517808,0.767314,0.737932,0.246257,0.171845,0.156694,0.285062,0.416416,0.737791,0.534584,0.492949,0.449348,0.386693,0.457086,1.536532,0.706216,0.529844,0.437552,0.426823,0.368833
batch 386,0.746553,0.629233,0.601736,0.603960,0.680059,0.603768,0.568869,0.464181,0.456642,0.520857,0.524087,0.776048,0.695345,0.255099,0.180003,0.146558,0.276518,0.413472,0.758861,0.553294,0.501578,0.444474,0.395324,0.457172,1.538056,0.753053,0.539500,0.450633,0.421187,0.388404
batch 387,0.800312,0.651407,0.604512,0.606638,0.664413,0.564243,0.584744,0.470458,0.477488,0.521813,0.522889,0.732594,0.716983,0.271509,0.188474,0.158842,0.268360,0.382618,0.730953,0.549146,0.520439,0.446126,0.388926,0.484288,1.587783,0.744654,0.557124,0.486795,0.429262,0.378881
batch 388,0.848248,0.694131,0.655021,0.619733,0.714814,0.606909,0.570735,0.463795,0.472389,0.521698,0.509057,0.735860,0.834690,0.210762,0.166832,0.125095,0.276745,0.392615,0.830899,0.656209,0.500234,0.404040,0.404424,0.478063,1.452923,0.729307,0.499427,0.410766,0.390279,0.336235
batch 389,0.788876,0.654681,0.609875,0.619987,0.675445,0.586381,0.566478,0.471787,0.468344,0.526466,0.520527,0.711915,0.702435,0.236629,0.166106,0.138176,0.268125,0.377969,0.738104,0.573144,0.516563,0.440101,0.383959,0.458491,1.542004,0.748039,0.544345,0.456618,0.419990,0.358884
batch 390,0.769412,0.638006,0.598194,0.612882,0.717002,0.592724,0.547829,0.461027,0.468428,0.528094,0.522610,0.760509,0.685273,0.250780,0.169986,0.136083,0.281211,0.412500,0.738406,0.540958,0.469126,0.445837,0.409678,0.456056,1.489550,0.710555,0.528973,0.468389,0.418809,0.364918
batch 391,0.950673,0.671174,0.652424,0.599059,0.692779,0.652820,0.641160,0.477315,0.471851,0.527489,0.550966,0.804703,0.894954,0.217580,0.161051,0.128540,0.292066,0.437249,0.869336,0.665457,0.534844,0.437823,0.392568,0.424651,1.627266,0.767734,0.504292,0.393490,0.386107,0.347697
batch 392,0.853127,0.691828,0.652300,0.664869,0.735726,0.656705,0.574288,0.474791,0.472942,0.540243,0.527710,0.759629,0.843546,0.238211,0.172882,0.135048,0.295937,0.415510,0.793681,0.575918,0.526686,0.419153,0.409648,0.437620,1.597011,0.708125,0.536047,0.443606,0.379708,0.364975
batch 393,0.796767,0.663886,0.635552,0.633226,0.695194,0.589038,0.561333,0.478014,0.462953,0.523960,0.532093,0.765627,0.770074,0.234756,0.163399,0.131321,0.288283,0.406598,0.751813,0.545867,0.498128,0.437346,0.411711,0.478787,1.469464,0.712266,0.550522,0.457569,0.400296,0.367007
batch 394,0.811631,0.635185,0.593258,0.626423,0.689490,0.584207,0.583943,0.456588,0.462887,0.535533,0.524328,0.730592,0.720315,0.255121,0.172901,0.140891,0.264744,0.397464,0.717804,0.548696,0.485841,0.432468,0.418145,0.479904,1.474982,0.743821,0.562535,0.479145,0.426623,0.378724
batch 395,0.701903,0.578985,0.573413,0.582033,0.661402,0.571930,0.516067,0.466769,0.453480,0.504432,0.495717,0.751167,0.636908,0.277459,0.187356,0.146095,0.253729,0.404970,0.708466,0.519088,0.466079,0.438578,0.381637,0.456239,1.478745,0.697325,0.541774,0.446648,0.424923,0.377942
batch 396,0.878408,0.688020,0.648655,0.666388,0.738877,0.603738,0.593716,0.471905,0.475207,0.527660,0.512425,0.768620,0.844824,0.233749,0.175343,0.129713,0.282866,0.415437,0.828324,0.602738,0.547497,0.431480,0.425033,0.489048,1.651728,0.764213,0.569274,0.460514,0.376150,0.340806
batch 397,0.846379,0.658138,0.612109,0.619872,0.686533,0.624195,0.590924,0.470616,0.499843,0.538077,0.535027,0.755463,0.855088,0.226885,0.156899,0.127416,0.277954,0.410144,0.787490,0.594627,0.536701,0.437630,0.390326,0.455344,1.593841,0.767935,0.557473,0.440376,0.394265,0.343268
batch 398,0.850981,0.644591,0.618182,0.600090,0.656378,0.587443,0.608150,0.461629,0.482586,0.544137,0.536837,0.760269,0.812812,0.230636,0.164132,0.125975,0.270838,0.414085,0.798962,0.582950,0.553711,0.417809,0.421974,0.438626,1.643502,0.743060,0.532071,0.434632,0.354036,0.310438
batch 399,0.856973,0.677090,0.643687,0.650616,0.713271,0.588183,0.591961,0.473056,0.468606,0.532319,0.531415,0.745036,0.793548,0.254904,0.191137,0.148901,0.280203,0.395461,0.748334,0.575068,0.498871,0.447051,0.409382,0.472178,1.562780,0.747929,0.541793,0.486231,0.378879,0.343840
batch 400,0.761697,0.637263,0.602099,0.615942,0.658080,0.602133,0.550817,0.470939,0.475026,0.531358,0.523191,0.750911,0.808711,0.229503,0.167395,0.127743,0.273078,0.423223,0.809093,0.608768,0.534680,0.426189,0.389948,0.453337,1.628555,0.722426,0.511363,0.442623,0.388705,0.338381
batch 401,0.761508,0.638228,0.608205,0.619674,0.700866,0.607303,0.549904,0.460117,0.464539,0.515671,0.515530,0.800592,0.706407,0.255592,0.164183,0.138322,0.277982,0.443520,0.693290,0.528796,0.453707,0.436032,0.414546,0.467810,1.372265,0.710455,0.530857,0.447085,0.421528,0.365918
batch 402,0.712201,0.594465,0.565483,0.563708,0.629373,0.542141,0.562518,0.472838,0.477375,0.516117,0.499044,0.719757,0.666716,0.268803,0.176238,0.145302,0.240780,0.371784,0.693742,0.511116,0.451746,0.458586,0.426024,0.479373,1.381917,0.666077,0.507319,0.448438,0.411592,0.367620
batch 403,0.805249,0.624068,0.567659,0.544783,0.633196,0.544523,0.609347,0.480675,0.521413,0.522932,0.523812,0.752811,0.759394,0.267868,0.182617,0.134007,0.247705,0.395881,0.730492,0.551497,0.499630,0.481160,0.370486,0.460679,1.555486,0.746043,0.546106,0.437281,0.418662,0.355320
batch 404,0.836283,0.642010,0.614620,0.614478,0.646432,0.573246,0.595511,0.448426,0.452375,0.525524,0.540855,0.755489,0.759540,0.233040,0.161733,0.140390,0.277436,0.392955,0.799788,0.582991,0.519867,0.437197,0.437788,0.446988,1.593524,0.768687,0.566610,0.466829,0.402147,0.352791
batch 405,0.835795,0.653501,0.635738,0.626545,0.720916,0.610930,0.557294,0.469436,0.470781,0.537971,0.521514,0.750113,0.796305,0.249784,0.163528,0.135390,0.293437,0.405533,0.740938,0.560180,0.479711,0.454949,0.410790,0.475705,1.459987,0.702538,0.515980,0.475204,0.397666,0.367870
batch 406,0.845830,0.688305,0.641596,0.659009,0.723268,0.655502,0.596692,0.490174,0.485602,0.552560,0.533559,0.783858,0.799352,0.229915,0.170182,0.144670,0.290543,0.426716,0.799928,0.579479,0.486053,0.430583,0.411164,0.483998,1.628310,0.742708,0.535304,0.454405,0.394341,0.359082
batch 407,0.868556,0.691881,0.619179,0.612528,0.685613,0.608648,0.590944,0.464239,0.462578,0.522992,0.518529,0.777484,0.814538,0.228911,0.173796,0.122922,0.269290,0.412861,0.774288,0.590038,0.547947,0.426410,0.451928,0.435521,1.561912,0.724357,0.524208,0.431870,0.370565,0.319772
batch 408,0.733133,0.632500,0.622659,0.634902,0.708269,0.587453,0.551885,0.467702,0.468066,0.531510,0.538649,0.783426,0.683682,0.237585,0.157375,0.132533,0.290214,0.422443,0.714737,0.514412,0.439484,0.468012,0.426356,0.458073,1.437493,0.737856,0.548028,0.436568,0.421046,0.374825
batch 409,0.807726,0.629526,0.600599,0.600162,0.721016,0.583475,0.587950,0.472394,0.483645,0.532558,0.515542,0.770529,0.782085,0.239892,0.174433,0.156296,0.276877,0.418075,0.669644,0.535701,0.543942,0.478970,0.399533,0.444120,1.552411,0.748319,0.537563,0.470470,0.393979,0.346768
batch 410,0.735998,0.621422,0.584081,0.596919,0.644563,0.582198,0.555948,0.456049,0.455588,0.516502,0.524661,0.740950,0.685019,0.245664,0.170728,0.142897,0.280072,0.393786,0.765814,0.574359,0.485499,0.428249,0.401617,0.456462,1.539178,0.766048,0.554646,0.471391,0.402707,0.374375
batch 411,0.807399,0.661163,0.621370,0.637368,0.707328,0.640466,0.585641,0.464237,0.463466,0.529553,0.518027,0.713502,0.779381,0.278376,0.173623,0.136365,0.290012,0.388805,0.712192,0.569817,0.478259,0.440317,0.380310,0.448759,1.494627,0.744703,0.564008,0.463623,0.411949,0.349235
batch 412,0.783599,0.617849,0.641308,0.630362,0.692727,0.606214,0.550974,0.478145,0.476474,0.523556,0.500221,0.731693,0.710731,0.259420,0.174416,0.141722,0.267781,0.408457,0.660305,0.509989,0.443985,0.427244,0.383188,0.492307,1.319097,0.665415,0.515393,0.439916,0.408561,0.386118
batch 413,0.699223,0.590783,0.576783,0.579159,0.656793,0.592389,0.543680,0.462090,0.439526,0.509153,0.500931,0.745050,0.670049,0.250332,0.161726,0.130909,0.272073,0.400907,0.687787,0.503897,0.434172,0.427998,0.411612,0.459731,1.434930,0.716717,0.558736,0.466642,0.434066,0.381699
batch 414,0.746188,0.626899,0.603161,0.612527,0.711321,0.601528,0.551523,0.465664,0.471689,0.524835,0.508945,0.746078,0.696482,0.262049,0.179751,0.141086,0.272875,0.406756,0.699798,0.518304,0.440630,0.456907,0.398688,0.467076,1.397815,0.721181,0.548640,0.485861,0.400709,0.371891
batch 415,0.718552,0.611159,0.586731,0.618477,0.735689,0.606759,0.527808,0.457749,0.463076,0.527080,0.513563,0.745677,0.628304,0.241622,0.177389,0.140094,0.272519,0.405668,0.701384,0.501309,0.442439,0.427139,0.419652,0.457188,1.455075,0.720013,0.544874,0.468675,0.425733,0.390536
batch 416,0.772102,0.651137,0.632087,0.636906,0.716265,0.606682,0.552936,0.465773,0.462520,0.520204,0.512870,0.723157,0.766160,0.240038,0.168414,0.133501,0.281481,0.398229,0.770836,0.570367,0.520601,0.431015,0.412421,0.468716,1.528835,0.727855,0.544987,0.494298,0.406452,0.357406
batch 417,0.730352,0.598483,0.590118,0.603065,0.708042,0.597670,0.556670,0.477548,0.474765,0.525533,0.510306,0.768588,0.728915,0.254457,0.163738,0.137335,0.274550,0.411567,0.705196,0.533441,0.474045,0.481386,0.448254,0.472649,1.526697,0.714769,0.542632,0.466662,0.410438,0.345196
batch 418,0.715728,0.614264,0.595798,0.610110,0.668661,0.591112,0.534860,0.456076,0.453481,0.513362,0.509916,0.750710,0.678646,0.246162,0.172550,0.142362,0.270053,0.408325,0.690227,0.533688,0.464865,0.439737,0.390923,0.462076,1.490357,0.745250,0.561386,0.457184,0.423420,0.389110
batch 419,0.793312,0.633784,0.599568,0.622627,0.719476,0.585593,0.556606,0.466518,0.463485,0.527043,0.523139,0.751408,0.694824,0.247970,0.195498,0.151718,0.275934,0.401294,0.695900,0.525126,0.453323,0.436143,0.370259,0.478131,1.512442,0.738555,0.528910,0.463345,0.414668,0.383921
batch 420,0.844872,0.685073,0.618548,0.652142,0.704496,0.607162,0.558130,0.469222,0.473501,0.516580,0.509339,0.744692,0.784907,0.231923,0.174058,0.127465,0.276936,0.397829,0.775418,0.601490,0.520239,0.462650,0.410500,0.483055,1.608777,0.765936,0.541423,0.452149,0.369812,0.342908
batch 421,0.840286,0.653058,0.617667,0.641555,0.683970,0.627963,0.592710,0.480277,0.458406,0.526136,0.537889,0.727721,0.783616,0.233142,0.169718,0.125852,0.272797,0.390920,0.689012,0.539297,0.476733,0.429423,0.417965,0.453112,1.360837,0.684083,0.505442,0.451482,0.395715,0.348591
batch 422,0.730398,0.622946,0.580003,0.611097,0.706831,0.600517,0.537862,0.462672,0.458474,0.521272,0.512875,0.761526,0.683661,0.254483,0.176370,0.140559,0.290066,0.420745,0.738617,0.515562,0.452640,0.451191,0.403759,0.462887,1.498459,0.709404,0.536941,0.456712,0.413407,0.368254
batch 423,0.892240,0.715727,0.622833,0.614072,0.637890,0.569373,0.591809,0.479442,0.473442,0.526229,0.499684,0.727343,0.890930,0.235333,0.177325,0.120543,0.260744,0.397530,0.784248,0.625593,0.534720,0.451889,0.470207,0.440343,1.617230,0.714319,0.501826,0.404135,0.361804,0.315873
batch 424,0.823486,0.655312,0.621200,0.620115,0.684757,0.592677,0.590790,0.481466,0.473090,0.527824,0.517643,0.778883,0.762969,0.250323,0.171724,0.141493,0.273296,0.422140,0.726609,0.552938,0.514640,0.472103,0.390016,0.447919,1.580216,0.769973,0.572076,0.450830,0.416337,0.366767
batch 425,0.726144,0.612779,0.567174,0.600922,0.649035,0.574319,0.548484,0.459933,0.456623,0.520041,0.494177,0.731864,0.767187,0.254805,0.178794,0.130752,0.251764,0.395868,0.735970,0.562200,0.487423,0.462155,0.376671,0.474608,1.575645,0.689907,0.528838,0.464791,0.416884,0.368262
batch 426,0.794114,0.633961,0.603171,0.631135,0.673393,0.568846,0.565460,0.450232,0.460528,0.511751,0.514501,0.753848,0.770324,0.247174,0.149940,0.125325,0.275366,0.413153,0.757298,0.575349,0.514795,0.451668,0.423321,0.426449,1.568083,0.739853,0.534479,0.461941,0.381435,0.328756
batch 427,0.787087,0.666316,0.621937,0.644568,0.772872,0.606083,0.580537,0.475843,0.470728,0.536859,0.528641,0.775741,0.750953,0.234696,0.162964,0.130066,0.284870,0.426030,0.749595,0.537397,0.492171,0.463050,0.440264,0.486114,1.560607,0.727167,0.550526,0.491215,0.408728,0.376363
batch 428,0.935212,0.695415,0.659609,0.623344,0.720798,0.639716,0.653419,0.496228,0.496246,0.551546,0.518835,0.797221,0.936797,0.241448,0.167261,0.145699,0.294027,0.445174,0.771601,0.598967,0.487411,0.473469,0.443400,0.423332,1.575182,0.734969,0.514437,0.415074,0.385811,0.335334
batch 429,0.735792,0.613261,0.585511,0.585630,0.645322,0.563089,0.547965,0.457894,0.475799,0.515961,0.499303,0.730050,0.697778,0.255403,0.180766,0.134073,0.252118,0.379978,0.695376,0.526981,0.472846,0.445115,0.385465,0.496187,1.432818,0.703238,0.550129,0.433513,0.421658,0.361264
batch 430,0.760397,0.663218,0.620881,0.648128,0.695385,0.620632,0.539014,0.472334,0.476034,0.531331,0.524528,0.719234,0.743149,0.243963,0.170742,0.134028,0.275717,0.388450,0.769189,0.583286,0.525770,0.440644,0.375549,0.461107,1.499782,0.708879,0.542204,0.465759,0.372001,0.347136
batch 431,0.795661,0.623052,0.604344,0.607518,0.698720,0.590890,0.580921,0.466767,0.471034,0.540032,0.524538,0.777956,0.751233,0.274482,0.174440,0.142240,0.319119,0.428922,0.740399,0.518752,0.472225,0.427036,0.401546,0.452024,1.435942,0.700131,0.558183,0.457275,0.412636,0.358414
batch 432,0.882020,0.669600,0.665223,0.632666,0.728034,0.621259,0.595534,0.488353,0.477076,0.542562,0.528668,0.774849,0.853885,0.216772,0.165879,0.133732,0.287409,0.424792,0.746493,0.607967,0.528475,0.414342,0.401589,0.494248,1.570734,0.674964,0.488925,0.400622,0.398483,0.343971
batch 433,0.828930,0.675458,0.633485,0.643043,0.693809,0.605526,0.590556,0.470804,0.480945,0.530264,0.518581,0.753938,0.750121,0.248805,0.187047,0.144674,0.278061,0.408273,0.736757,0.540430,0.478472,0.432857,0.392600,0.467024,1.488768,0.742175,0.558491,0.486241,0.442037,0.394107
batch 434,0.749936,0.614222,0.575972,0.602122,0.702625,0.588556,0.552808,0.450559,0.454650,0.512785,0.504260,0.759882,0.657038,0.265487,0.178444,0.148889,0.283779,0.422061,0.710201,0.533852,0.483270,0.458782,0.440467,0.432468,1.469039,0.769722,0.543438,0.468683,0.412573,0.359823
batch 435,0.768131,0.640244,0.605086,0.616163,0.709176,0.588520,0.591760,0.476107,0.474521,0.530062,0.516298,0.747982,0.773594,0.251074,0.160966,0.133976,0.271874,0.406064,0.712721,0.533548,0.460786,0.465676,0.408732,0.472841,1.527081,0.736917,0.542982,0.466462,0.409719,0.364849
batch 436,0.851533,0.684070,0.635989,0.622963,0.713885,0.596570,0.583825,0.462185,0.461387,0.527944,0.538644,0.730830,0.773482,0.219958,0.169452,0.135929,0.312055,0.389641,0.740019,0.574571,0.509082,0.439485,0.418843,0.454157,1.538287,0.730526,0.526829,0.458527,0.404986,0.355542
batch 437,0.892616,0.692202,0.648456,0.642936,0.773509,0.617131,0.637492,0.472042,0.476130,0.548097,0.539490,0.779748,0.850046,0.226313,0.160871,0.128656,0.294958,0.415472,0.762135,0.557720,0.505937,0.442873,0.401396,0.485922,1.567820,0.694066,0.495042,0.429198,0.393617,0.330236
batch 438,0.815317,0.632505,0.605868,0.599002,0.658066,0.614619,0.578750,0.459476,0.464310,0.533806,0.540173,0.743868,0.776632,0.245448,0.158836,0.126412,0.281747,0.394187,0.803629,0.586319,0.541651,0.428647,0.460392,0.426600,1.603929,0.745963,0.561514,0.456031,0.374458,0.324835
batch 439,0.882530,0.693286,0.647245,0.659845,0.708995,0.610632,0.603216,0.475246,0.470989,0.530449,0.532690,0.777857,0.831174,0.226402,0.164281,0.132450,0.282047,0.419374,0.795701,0.613996,0.527881,0.447550,0.394801,0.476985,1.607389,0.706611,0.501655,0.430160,0.374688,0.349296
batch 440,0.772096,0.645818,0.627441,0.660003,0.709896,0.659795,0.540846,0.477864,0.476462,0.544111,0.518516,0.744711,0.736294,0.228804,0.163627,0.138064,0.276644,0.421292,0.753438,0.583798,0.504977,0.409600,0.371397,0.468798,1.552671,0.751573,0.535765,0.443598,0.390800,0.376329
batch 441,0.851358,0.703030,0.626295,0.642670,0.747474,0.642773,0.558349,0.466802,0.458617,0.521011,0.510007,0.734752,0.805850,0.206486,0.183132,0.130272,0.286681,0.398172,0.778638,0.616721,0.514192,0.460952,0.479613,0.447960,1.506466,0.736589,0.498146,0.399467,0.367817,0.309968
batch 442,0.782840,0.656104,0.617483,0.621832,0.703650,0.598146,0.559515,0.465529,0.465463,0.526946,0.513944,0.771874,0.714927,0.266816,0.167798,0.146897,0.287352,0.412574,0.711638,0.531188,0.473641,0.435742,0.425594,0.458897,1.433547,0.749661,0.541890,0.446414,0.428925,0.363311
batch 443,0.884189,0.673149,0.602261,0.587715,0.664993,0.558254,0.638370,0.491123,0.474478,0.535997,0.525867,0.720926,0.855711,0.230200,0.168406,0.136500,0.258710,0.381462,0.776781,0.596880,0.536807,0.439739,0.389475,0.470624,1.610604,0.721171,0.549529,0.437861,0.393346,0.358839
batch 444,0.847770,0.663302,0.610366,0.613132,0.668132,0.550541,0.600071,0.469307,0.454998,0.507018,0.517439,0.710583,0.843706,0.220542,0.156495,0.140060,0.270485,0.366027,0.756531,0.574301,0.514278,0.454245,0.439183,0.441633,1.511149,0.705746,0.519404,0.436811,0.392541,0.344302
batch 445,0.927314,0.695573,0.661608,0.692968,0.777554,0.695682,0.627563,0.486107,0.492172,0.542704,0.514009,0.703779,0.887082,0.224636,0.172338,0.132511,0.295244,0.397064,0.721433,0.565619,0.511796,0.429672,0.388663,0.480343,1.620233,0.678253,0.522497,0.444789,0.385908,0.359122
batch 446,0.855865,0.674286,0.646284,0.623268,0.697601,0.618031,0.578960,0.468182,0.471652,0.524772,0.524782,0.762955,0.838938,0.208806,0.156928,0.118786,0.280539,0.416416,0.745588,0.586610,0.513784,0.441408,0.391580,0.450304,1.424620,0.708349,0.497577,0.404730,0.369136,0.312319
batch 447,0.775741,0.637119,0.599130,0.615860,0.719161,0.585170,0.565840,0.466651,0.463259,0.532189,0.520247,0.748133,0.720738,0.246577,0.179981,0.148733,0.277400,0.403034,0.718255,0.558610,0.507085,0.435170,0.408198,0.482224,1.506825,0.742480,0.575864,0.495375,0.415317,0.375764
batch 448,0.850851,0.648943,0.580400,0.580847,0.712707,0.586103,0.571010,0.460381,0.466845,0.533616,0.519952,0.743119,0.769475,0.244742,0.156294,0.124844,0.297224,0.390425,0.813819,0.561195,0.521141,0.437707,0.451032,0.452109,1.600744,0.717077,0.538540,0.412351,0.404263,0.345639
batch 449,0.717060,0.609084,0.594162,0.620054,0.695262,0.603072,0.529030,0.452700,0.453856,0.521810,0.515558,0.784611,0.655347,0.240372,0.167709,0.143318,0.285907,0.424488,0.715708,0.526860,0.453012,0.458666,0.420851,0.465263,1.503034,0.749184,0.562565,0.449544,0.429398,0.387533
batch 450,0.732827,0.613326,0.602436,0.617704,0.679608,0.598448,0.543845,0.465659,0.462322,0.517896,0.511837,0.743070,0.682063,0.275614,0.187944,0.142352,0.267359,0.405494,0.687952,0.515733,0.446020,0.429434,0.394147,0.479832,1.391123,0.726606,0.553789,0.467203,0.435636,0.386928
batch 451,0.777830,0.647611,0.609195,0.611138,0.726868,0.601925,0.580046,0.466881,0.473456,0.516181,0.515775,0.784914,0.721734,0.268047,0.180181,0.149835,0.282759,0.426085,0.697981,0.521438,0.457287,0.443873,0.418570,0.461413,1.439762,0.719485,0.528619,0.461331,0.441261,0.391301
batch 452,0.737882,0.622974,0.582572,0.601842,0.661234,0.591059,0.538672,0.443516,0.450873,0.500331,0.498026,0.726784,0.640996,0.243113,0.167053,0.137924,0.265402,0.404014,0.713187,0.532486,0.465086,0.440552,0.401685,0.461008,1.485723,0.740645,0.565969,0.468392,0.421438,0.389682
batch 453,0.786529,0.637551,0.614984,0.604407,0.671267,0.568519,0.559253,0.465190,0.462637,0.531295,0.523365,0.750701,0.726304,0.262169,0.168047,0.140758,0.284541,0.415170,0.741075,0.550759,0.475224,0.429340,0.364397,0.467801,1.408136,0.715486,0.529047,0.457556,0.424103,0.377685
batch 454,0.828248,0.654680,0.632168,0.617516,0.672453,0.591388,0.605869,0.465694,0.465978,0.542878,0.520439,0.757202,0.829359,0.225397,0.153084,0.128152,0.272475,0.406609,0.790065,0.611378,0.543514,0.458222,0.449502,0.437854,1.580521,0.775728,0.532021,0.448819,0.401068,0.337097
batch 455,0.808002,0.643109,0.614172,0.620729,0.707491,0.595319,0.593041,0.478599,0.473719,0.536975,0.533830,0.774386,0.784859,0.240903,0.173032,0.139633,0.287782,0.413956,0.724690,0.556216,0.501940,0.449922,0.387362,0.479402,1.530659,0.716954,0.539621,0.469735,0.409326,0.355763
batch 456,0.833125,0.657787,0.603086,0.620240,0.717692,0.626434,0.572523,0.478995,0.470826,0.538275,0.531187,0.759393,0.776241,0.290313,0.174111,0.145609,0.291052,0.423586,0.713500,0.533894,0.459166,0.437331,0.387914,0.458633,1.502793,0.773237,0.577966,0.483319,0.421092,0.384579
batch 457,0.769874,0.628094,0.582030,0.607900,0.684426,0.613956,0.565382,0.464232,0.461135,0.522697,0.518453,0.722805,0.781407,0.300612,0.183471,0.156065,0.284601,0.402347,0.770712,0.601043,0.486424,0.403922,0.362226,0.456729,1.507955,0.722041,0.537445,0.431851,0.404080,0.362054
batch 458,0.705039,0.583521,0.588902,0.601742,0.673713,0.570259,0.543129,0.447053,0.440672,0.504766,0.509838,0.712339,0.657265,0.269828,0.180274,0.148795,0.287592,0.390043,0.696796,0.524773,0.450108,0.441291,0.393372,0.464004,1.418362,0.720271,0.546855,0.457784,0.413472,0.382803
batch 459,0.817243,0.629454,0.617652,0.621007,0.680953,0.574058,0.551570,0.458967,0.447395,0.508990,0.489957,0.749235,0.815664,0.231143,0.163531,0.125399,0.273969,0.405406,0.768634,0.610874,0.514586,0.416074,0.406635,0.457620,1.497065,0.742823,0.506034,0.422242,0.365530,0.318811
batch 460,0.743136,0.610200,0.617763,0.622239,0.713920,0.628870,0.543517,0.451103,0.451761,0.512033,0.491187,0.710486,0.774435,0.253210,0.172230,0.140762,0.273138,0.397134,0.694252,0.547233,0.496976,0.418109,0.375482,0.493095,1.461909,0.676710,0.517956,0.453848,0.399355,0.360040
batch 461,0.857685,0.662496,0.639394,0.625164,0.725858,0.623285,0.603715,0.475988,0.479301,0.529582,0.520036,0.706233,0.831349,0.245577,0.181483,0.137325,0.280017,0.380138,0.755238,0.623914,0.506714,0.418067,0.431917,0.470023,1.588754,0.714555,0.502635,0.441543,0.374894,0.326208
batch 462,0.914651,0.695848,0.656448,0.640949,0.719464,0.624729,0.635693,0.489294,0.478012,0.548113,0.532614,0.775129,0.898497,0.230491,0.170381,0.135239,0.287088,0.419916,0.731605,0.541935,0.478490,0.439305,0.413973,0.466691,1.516318,0.703983,0.519187,0.473885,0.384307,0.336078
batch 463,0.710293,0.627924,0.599540,0.620402,0.684581,0.613418,0.534325,0.471565,0.463426,0.527684,0.510586,0.771277,0.709860,0.258671,0.174389,0.135883,0.276806,0.431027,0.744111,0.559894,0.484435,0.447234,0.395249,0.463793,1.545596,0.770452,0.553406,0.462106,0.409508,0.378947
batch 464,0.831116,0.655336,0.619617,0.616028,0.700357,0.605510,0.593298,0.482217,0.468105,0.528634,0.524204,0.720356,0.784276,0.235733,0.170690,0.129636,0.276193,0.391877,0.702874,0.540511,0.504119,0.426087,0.386240,0.496369,1.498277,0.698610,0.515551,0.466261,0.415221,0.369113
batch 465,0.861731,0.673175,0.634962,0.626443,0.704247,0.630269,0.634701,0.467194,0.472527,0.516875,0.513715,0.730626,0.803997,0.219408,0.165496,0.132213,0.275773,0.394461,0.706813,0.565383,0.569751,0.451338,0.403663,0.455723,1.537694,0.717306,0.538776,0.426442,0.401102,0.352341
batch 466,0.773554,0.640531,0.626560,0.636424,0.713470,0.632457,0.572480,0.480672,0.485377,0.534166,0.517318,0.747625,0.768965,0.243288,0.171104,0.132504,0.278093,0.407056,0.763439,0.565134,0.479328,0.445195,0.435500,0.477613,1.656752,0.720160,0.516891,0.453253,0.394666,0.385688
batch 467,0.898800,0.670685,0.650828,0.616016,0.707029,0.628263,0.608667,0.485573,0.475288,0.545527,0.536368,0.754471,0.886362,0.227662,0.177155,0.136503,0.280591,0.412656,0.773998,0.594034,0.514107,0.459705,0.380598,0.453793,1.612492,0.746134,0.506088,0.440576,0.399601,0.363990
batch 468,0.795679,0.620007,0.614131,0.628530,0.720582,0.589961,0.563570,0.482725,0.480730,0.532787,0.516791,0.754906,0.740728,0.247400,0.170008,0.135436,0.277078,0.414418,0.685086,0.510649,0.462903,0.489003,0.412052,0.479276,1.458641,0.703788,0.528597,0.455315,0.410714,0.372345
batch 469,0.745385,0.648607,0.604972,0.663423,0.750012,0.634074,0.516984,0.461170,0.467139,0.529700,0.522565,0.736813,0.678750,0.264188,0.172907,0.135204,0.288401,0.399807,0.735567,0.539882,0.489632,0.450273,0.402836,0.476963,1.501599,0.752767,0.541774,0.490224,0.439080,0.385589
batch 470,0.811681,0.631351,0.631457,0.603337,0.705158,0.629700,0.567943,0.476311,0.470520,0.555819,0.532868,0.775542,0.782989,0.225626,0.158404,0.141670,0.288165,0.425697,0.770917,0.604100,0.522637,0.406658,0.380348,0.460741,1.540162,0.671079,0.504767,0.398931,0.385366,0.334807
batch 471,0.750650,0.624956,0.615169,0.659329,0.723869,0.602811,0.512444,0.465615,0.462208,0.520725,0.500815,0.763395,0.712969,0.229259,0.161100,0.136639,0.275305,0.404702,0.759426,0.549466,0.512899,0.436269,0.387835,0.457663,1.593090,0.710360,0.500056,0.477302,0.390580,0.377938
batch 472,0.737576,0.634997,0.626404,0.636861,0.704855,0.606843,0.533370,0.468511,0.466675,0.523155,0.518921,0.762287,0.681002,0.242771,0.180648,0.136624,0.274944,0.420131,0.745506,0.549012,0.474468,0.419264,0.387700,0.460910,1.455431,0.733688,0.518150,0.457816,0.426444,0.386527
batch 473,0.705961,0.627355,0.577408,0.598625,0.643440,0.569421,0.556985,0.452594,0.453196,0.521641,0.528463,0.760279,0.691535,0.243312,0.175653,0.139459,0.266813,0.410480,0.747938,0.545876,0.470439,0.447261,0.421974,0.433103,1.472469,0.727060,0.564104,0.441378,0.415608,0.377736
batch 474,0.765614,0.631035,0.576806,0.603759,0.649879,0.596434,0.529402,0.444608,0.449087,0.516751,0.517155,0.741870,0.728975,0.224355,0.168991,0.140049,0.260402,0.397080,0.743679,0.553864,0.507806,0.461765,0.421719,0.456861,1.607975,0.694082,0.501464,0.441301,0.410037,0.352764
batch 475,0.729968,0.624892,0.598059,0.624268,0.673944,0.577467,0.545321,0.466741,0.467242,0.521068,0.521924,0.745382,0.703469,0.250229,0.164046,0.132697,0.268331,0.407190,0.672739,0.508850,0.444057,0.438582,0.407632,0.463692,1.420776,0.698965,0.544889,0.445634,0.417287,0.379214
batch 476,0.836980,0.650838,0.607908,0.598159,0.682718,0.627391,0.562617,0.463144,0.477885,0.511999,0.525625,0.728020,0.815231,0.229534,0.160372,0.134600,0.271327,0.398497,0.760201,0.583467,0.515049,0.444810,0.429821,0.446075,1.564822,0.726700,0.527466,0.446853,0.383714,0.337780
batch 477,0.787800,0.630992,0.580867,0.615128,0.683254,0.581645,0.590373,0.466735,0.470559,0.530414,0.550836,0.739034,0.772197,0.231800,0.165278,0.129046,0.273317,0.401335,0.746329,0.550643,0.496767,0.448128,0.422642,0.505531,1.541742,0.680152,0.544270,0.441010,0.397724,0.355864
batch 478,0.821094,0.630081,0.592050,0.585065,0.622184,0.556042,0.584562,0.459338,0.460905,0.530336,0.515268,0.753972,0.707543,0.255857,0.163682,0.134830,0.282230,0.404089,0.746132,0.545663,0.525779,0.452586,0.423801,0.453788,1.532023,0.758566,0.556389,0.467695,0.408980,0.370308
batch 479,0.893243,0.642401,0.616250,0.622663,0.693655,0.576575,0.621551,0.480843,0.470497,0.528739,0.517620,0.748598,0.823213,0.229016,0.175439,0.132179,0.258525,0.400656,0.705250,0.543415,0.503631,0.507214,0.406183,0.472786,1.524229,0.679432,0.535865,0.454795,0.385272,0.361212
batch 480,0.780734,0.649519,0.621279,0.602773,0.680463,0.571119,0.544052,0.448563,0.453285,0.512686,0.515414,0.749266,0.731007,0.231383,0.161988,0.139126,0.281328,0.382535,0.807243,0.586992,0.535914,0.439215,0.377256,0.475048,1.619320,0.791238,0.561795,0.476051,0.394352,0.339711
batch 481,0.740572,0.611842,0.581670,0.621598,0.677485,0.623406,0.597226,0.476182,0.481619,0.537218,0.533410,0.775962,0.743293,0.263484,0.178667,0.153725,0.298209,0.424812,0.736581,0.539486,0.451839,0.467337,0.404951,0.472109,1.497389,0.719861,0.545474,0.432131,0.417992,0.383110
batch 482,0.780088,0.652115,0.613253,0.625139,0.705937,0.590785,0.548753,0.469805,0.477118,0.525616,0.513763,0.754965,0.745274,0.233414,0.160042,0.129263,0.275504,0.408869,0.704500,0.537252,0.503469,0.428299,0.422467,0.471433,1.496389,0.724336,0.517628,0.449159,0.392824,0.371343
batch 483,0.796253,0.653533,0.625401,0.641943,0.701498,0.615663,0.553431,0.467886,0.481198,0.533537,0.502186,0.739981,0.743221,0.249139,0.165733,0.134976,0.275742,0.396657,0.693730,0.549403,0.466659,0.451741,0.385272,0.469561,1.469712,0.728428,0.531791,0.479691,0.418215,0.371941
batch 484,0.816940,0.664467,0.637792,0.671190,0.711985,0.605612,0.610509,0.482791,0.477383,0.538095,0.531587,0.767265,0.797495,0.245138,0.166888,0.130001,0.280760,0.407628,0.731188,0.581653,0.472035,0.481292,0.450374,0.481076,1.477498,0.760617,0.559409,0.465643,0.427612,0.393534
batch 485,0.793628,0.660901,0.625944,0.670348,0.731965,0.636243,0.563860,0.476043,0.477316,0.544151,0.529656,0.741353,0.809171,0.238666,0.168796,0.143984,0.286824,0.420069,0.750953,0.550123,0.466038,0.446708,0.403052,0.458052,1.414346,0.664260,0.497750,0.432913,0.368201,0.343705
batch 486,0.724553,0.614751,0.597021,0.617841,0.706615,0.592028,0.529043,0.463432,0.460556,0.515756,0.509090,0.769932,0.665614,0.249508,0.164058,0.129007,0.269393,0.411424,0.689596,0.543671,0.463153,0.441674,0.385717,0.463158,1.481970,0.740014,0.553624,0.446350,0.429537,0.382644
batch 487,0.725870,0.628294,0.580229,0.591630,0.656663,0.608604,0.585593,0.465003,0.472465,0.532096,0.507966,0.796281,0.703441,0.271014,0.181810,0.157686,0.282610,0.443858,0.714947,0.527119,0.445720,0.482978,0.410522,0.461301,1.486517,0.722455,0.554872,0.430283,0.414411,0.387601
batch 488,0.856907,0.719468,0.670540,0.664580,0.740254,0.610325,0.568058,0.483895,0.488511,0.556530,0.509660,0.744340,0.824441,0.245961,0.171534,0.149049,0.311446,0.397867,0.832862,0.632604,0.511168,0.443330,0.376263,0.442441,1.510003,0.754616,0.536281,0.458371,0.375233,0.341921
batch 489,0.809456,0.651893,0.633853,0.637353,0.719792,0.592242,0.602436,0.474260,0.468426,0.525663,0.510876,0.738561,0.770082,0.252319,0.179125,0.154214,0.273572,0.396872,0.763296,0.551378,0.493318,0.424481,0.372996,0.480163,1.539964,0.691256,0.519725,0.448749,0.416260,0.374328
batch 490,0.735563,0.622245,0.593108,0.614965,0.646727,0.552393,0.559195,0.459300,0.457062,0.524706,0.541793,0.755714,0.674802,0.240990,0.171186,0.134513,0.292605,0.404943,0.718133,0.512801,0.451232,0.463065,0.428697,0.450259,1.455987,0.732473,0.533043,0.446165,0.434651,0.378517
batch 491,0.760879,0.652458,0.604771,0.630481,0.694886,0.600521,0.559720,0.467399,0.473872,0.528547,0.515260,0.728780,0.715695,0.256148,0.179123,0.153526,0.268666,0.384878,0.712232,0.526428,0.458693,0.460564,0.435518,0.458121,1.511073,0.734862,0.542510,0.465851,0.443028,0.379620
batch 492,0.821023,0.662997,0.620358,0.626091,0.748349,0.551624,0.569601,0.469362,0.491015,0.540354,0.513346,0.717029,0.783506,0.209076,0.162175,0.129767,0.267971,0.361519,0.782175,0.580444,0.519533,0.439228,0.397147,0.460701,1.552100,0.712022,0.505123,0.454530,0.403745,0.348391
batch 493,0.889129,0.652921,0.607244,0.597033,0.649070,0.596399,0.638081,0.489119,0.479665,0.534641,0.561178,0.746532,0.922835,0.239679,0.164499,0.140068,0.264656,0.412537,0.761776,0.643127,0.536659,0.422937,0.409961,0.423222,1.572960,0.734564,0.493234,0.369340,0.336158,0.304100
batch 494,0.708552,0.595135,0.606448,0.610867,0.700232,0.593347,0.514277,0.450085,0.451177,0.515426,0.499127,0.763101,0.640411,0.242005,0.161121,0.132565,0.277145,0.425058,0.691081,0.517380,0.454741,0.409980,0.385307,0.465006,1.434817,0.727889,0.530178,0.461202,0.408977,0.391740
batch 495,0.756643,0.628286,0.617117,0.623059,0.690447,0.603912,0.514805,0.443902,0.459413,0.542487,0.524067,0.729800,0.703745,0.216756,0.160717,0.135172,0.278011,0.386501,0.783618,0.572760,0.519771,0.434497,0.407784,0.454056,1.536776,0.676200,0.515160,0.422911,0.382001,0.329188
batch 496,0.803605,0.691046,0.608482,0.633423,0.675322,0.627242,0.536090,0.460926,0.490713,0.514564,0.519199,0.741868,0.789260,0.257378,0.154522,0.131025,0.272309,0.395936,0.748827,0.586074,0.516564,0.443231,0.385707,0.447943,1.476107,0.714063,0.531524,0.446227,0.385258,0.342645
batch 497,0.921935,0.684723,0.678960,0.667273,0.728078,0.614768,0.628895,0.505565,0.495241,0.572894,0.531173,0.726578,0.884501,0.246163,0.194324,0.145218,0.280605,0.396814,0.784498,0.545932,0.473300,0.413159,0.393301,0.480893,1.466023,0.658348,0.501743,0.457076,0.382659,0.347916
batch 498,0.761503,0.594711,0.585482,0.568177,0.613219,0.552719,0.582437,0.474564,0.484916,0.511809,0.499451,0.738867,0.702411,0.262040,0.176096,0.139416,0.250245,0.394188,0.712706,0.548484,0.502106,0.455248,0.388965,0.454279,1.498122,0.724148,0.537412,0.434830,0.423670,0.360626
batch 499,0.739170,0.655401,0.611140,0.627136,0.719982,0.621467,0.529441,0.459684,0.459968,0.517790,0.514963,0.754972,0.675847,0.263702,0.181169,0.149652,0.286364,0.412945,0.716716,0.541913,0.479459,0.436455,0.374162,0.461889,1.515437,0.757659,0.558856,0.483506,0.426582,0.395563
batch 500,0.783379,0.656176,0.614601,0.632738,0.672391,0.610155,0.577304,0.475240,0.474724,0.530078,0.531587,0.772275,0.759010,0.250380,0.170709,0.138163,0.278048,0.419061,0.755990,0.557902,0.488399,0.426938,0.411139,0.464668,1.503532,0.740369,0.536278,0.463961,0.423518,0.365577
batch 501,0.735241,0.645997,0.594659,0.615845,0.667940,0.575141,0.562043,0.468473,0.470764,0.536465,0.505477,0.757813,0.716268,0.266552,0.174537,0.156808,0.259049,0.410794,0.683465,0.522732,0.466261,0.472521,0.401926,0.449829,1.461228,0.719733,0.537306,0.456989,0.423768,0.370057
batch 502,0.808456,0.627965,0.610669,0.601694,0.678029,0.576896,0.583559,0.473987,0.462118,0.519717,0.527767,0.773239,0.731888,0.246071,0.176608,0.133606,0.271532,0.414590,0.734373,0.565568,0.482700,0.450568,0.396062,0.464294,1.436565,0.698944,0.510737,0.446611,0.396033,0.367320
batch 503,0.724344,0.607571,0.612152,0.619093,0.669879,0.573904,0.571243,0.468653,0.467702,0.525677,0.504724,0.750820,0.720047,0.271940,0.168111,0.131995,0.268270,0.403819,0.725567,0.541588,0.492466,0.440498,0.391950,0.456616,1.468489,0.726008,0.550354,0.463076,0.416764,0.378659
batch 504,0.845086,0.709586,0.642615,0.657213,0.740258,0.630502,0.579905,0.485687,0.478619,0.537254,0.537130,0.741450,0.807201,0.245413,0.169371,0.141651,0.296932,0.400729,0.788020,0.605982,0.504606,0.421447,0.430879,0.446087,1.394109,0.732575,0.522320,0.447797,0.395061,0.338506
batch 505,0.848819,0.661087,0.666791,0.653964,0.789285,0.675278,0.606421,0.486550,0.490903,0.546421,0.529271,0.762039,0.836502,0.219593,0.153966,0.129634,0.303652,0.432477,0.688070,0.521647,0.483779,0.423857,0.414306,0.527995,1.404976,0.644379,0.472475,0.410350,0.398719,0.366671
batch 506,0.765552,0.599902,0.618340,0.602101,0.689555,0.577869,0.551637,0.459631,0.461504,0.519359,0.512991,0.709309,0.732632,0.230458,0.165294,0.141739,0.268947,0.375987,0.708309,0.538795,0.483547,0.447311,0.386242,0.495126,1.512392,0.706545,0.536933,0.460157,0.392012,0.365224
batch 507,0.790938,0.641587,0.644073,0.673989,0.780438,0.582034,0.563293,0.479648,0.474018,0.528789,0.536247,0.745742,0.726180,0.267098,0.172901,0.141394,0.285880,0.399232,0.744785,0.571730,0.469220,0.431790,0.393646,0.440297,1.494363,0.741734,0.527770,0.486887,0.425465,0.381503
batch 508,0.868589,0.675994,0.657582,0.652701,0.729669,0.665414,0.585722,0.480441,0.477590,0.540584,0.527134,0.750860,0.844119,0.221435,0.151839,0.131535,0.284162,0.417907,0.753802,0.580297,0.518961,0.459907,0.422572,0.470600,1.505912,0.735174,0.533201,0.439942,0.380423,0.341542
batch 509,0.741434,0.610506,0.612108,0.609821,0.685184,0.607758,0.548870,0.463934,0.472226,0.523840,0.500031,0.743448,0.711271,0.259621,0.171535,0.139885,0.265103,0.419098,0.719494,0.550620,0.478252,0.424950,0.390059,0.447080,1.488131,0.718115,0.527372,0.445311,0.423964,0.369474
batch 510,0.735169,0.622865,0.596492,0.608176,0.692863,0.600159,0.545787,0.460988,0.458492,0.534515,0.531686,0.748341,0.686881,0.244773,0.166609,0.136863,0.271963,0.408155,0.692748,0.531841,0.455609,0.442278,0.417357,0.443400,1.505196,0.719675,0.514434,0.449226,0.412026,0.385585
batch 511,0.866490,0.654797,0.637056,0.620552,0.749367,0.624627,0.607250,0.466109,0.459499,0.522343,0.520844,0.776639,0.833215,0.225224,0.143137,0.128118,0.288409,0.421179,0.779923,0.582325,0.520636,0.454149,0.458070,0.454570,1.628170,0.747546,0.546022,0.448952,0.390767,0.341537
batch 512,0.742316,0.610551,0.565961,0.575759,0.631805,0.550910,0.592722,0.466781,0.459030,0.522795,0.535443,0.717780,0.758960,0.277220,0.168727,0.144420,0.247740,0.371645,0.703690,0.541535,0.465086,0.472416,0.412350,0.440773,1.491448,0.723425,0.531568,0.457638,0.415762,0.374515
batch 513,0.727238,0.609650,0.586009,0.624330,0.689311,0.586320,0.531186,0.458464,0.468252,0.523319,0.498765,0.747829,0.715022,0.281961,0.180469,0.153383,0.266671,0.422205,0.713018,0.548698,0.459219,0.447204,0.400846,0.446385,1.465291,0.710464,0.503088,0.435089,0.441190,0.369741
batch 514,0.799340,0.641847,0.622746,0.625104,0.691296,0.573879,0.576703,0.474185,0.464189,0.535425,0.515093,0.738025,0.767160,0.226512,0.186801,0.137062,0.270980,0.395058,0.725990,0.544012,0.465071,0.463454,0.448313,0.440365,1.563387,0.743682,0.559353,0.476548,0.426211,0.359204
batch 515,0.820045,0.644941,0.621253,0.622342,0.693358,0.595742,0.555492,0.454262,0.459969,0.528271,0.516370,0.766093,0.786925,0.221429,0.166850,0.149728,0.278553,0.401314,0.734950,0.566909,0.456790,0.401431,0.409039,0.458764,1.453616,0.707668,0.500574,0.407132,0.392364,0.369232
batch 516,0.683544,0.599613,0.581158,0.613070,0.722443,0.596354,0.505871,0.446587,0.442207,0.506973,0.495321,0.733421,0.662222,0.259468,0.163521,0.140588,0.289957,0.402863,0.669745,0.529980,0.459160,0.421330,0.365612,0.478978,1.477745,0.734514,0.524617,0.478365,0.417684,0.387673
batch 517,0.744103,0.622107,0.607502,0.630083,0.658267,0.555298,0.564345,0.453789,0.454641,0.514711,0.525635,0.733948,0.691470,0.244452,0.171282,0.155594,0.260339,0.391151,0.705223,0.564336,0.493680,0.431395,0.382529,0.456450,1.552948,0.756203,0.555679,0.450361,0.426723,0.389097
batch 518,0.756434,0.609470,0.624916,0.626641,0.753684,0.645023,0.542756,0.473356,0.468160,0.524904,0.520090,0.762861,0.715337,0.237205,0.169331,0.138732,0.287480,0.434293,0.657660,0.496239,0.453023,0.453601,0.394683,0.495876,1.349393,0.681587,0.526604,0.464669,0.412044,0.384967
batch 519,0.806720,0.695890,0.648434,0.688903,0.736271,0.633909,0.578616,0.483404,0.477063,0.534790,0.528679,0.744997,0.780716,0.246320,0.180475,0.134318,0.290303,0.397066,0.765571,0.574996,0.480189,0.439190,0.387359,0.479879,1.538284,0.716658,0.545501,0.480975,0.374195,0.341015
batch 520,0.782175,0.665153,0.635492,0.646833,0.708798,0.606241,0.555734,0.470597,0.477748,0.530736,0.519835,0.763584,0.727964,0.253742,0.185486,0.149690,0.274804,0.413685,0.783781,0.576853,0.508503,0.446663,0.423112,0.470561,1.581190,0.732267,0.530496,0.473206,0.396848,0.350074
batch 521,0.775173,0.626094,0.606116,0.621438,0.664531,0.618454,0.612374,0.473757,0.476108,0.552098,0.520727,0.811325,0.754224,0.259312,0.185048,0.156900,0.297357,0.454726,0.726956,0.551021,0.467622,0.508705,0.445450,0.467150,1.572918,0.760002,0.561365,0.459322,0.405086,0.362238
batch 522,0.792962,0.691961,0.628534,0.648359,0.710096,0.612274,0.567062,0.472577,0.475174,0.528035,0.521872,0.787343,0.725109,0.257032,0.168213,0.133316,0.287216,0.438460,0.730932,0.543941,0.495193,0.433658,0.383853,0.447924,1.480260,0.790004,0.564976,0.474171,0.419926,0.385398
batch 523,0.749452,0.624790,0.580640,0.605571,0.700390,0.586500,0.561456,0.477372,0.467705,0.515420,0.518746,0.749925,0.710178,0.261237,0.165908,0.141863,0.277501,0.409115,0.713274,0.511371,0.475260,0.462775,0.433479,0.474020,1.528199,0.716402,0.546566,0.488113,0.416112,0.380556
batch 524,0.819133,0.657298,0.639395,0.651560,0.729004,0.592671,0.588676,0.468618,0.471566,0.540134,0.534299,0.767943,0.776618,0.234112,0.159227,0.136378,0.305080,0.393168,0.785239,0.618060,0.535897,0.432707,0.384959,0.464639,1.612958,0.794220,0.550779,0.474329,0.389537,0.340536
batch 525,0.774892,0.623191,0.580633,0.576649,0.646081,0.561067,0.576070,0.469266,0.462103,0.541845,0.528490,0.727100,0.743705,0.262524,0.176167,0.141921,0.256112,0.385406,0.719613,0.559141,0.496002,0.417166,0.370495,0.463309,1.438955,0.698165,0.506494,0.439702,0.381026,0.357281
batch 526,0.780125,0.646841,0.611598,0.626032,0.684244,0.571967,0.562128,0.474380,0.477557,0.531440,0.510670,0.735068,0.708388,0.261273,0.177754,0.150134,0.260995,0.392116,0.713351,0.542583,0.481416,0.443400,0.388668,0.486887,1.529780,0.724781,0.524536,0.465753,0.427808,0.389322
batch 527,0.718957,0.629114,0.603968,0.649642,0.717033,0.573637,0.550911,0.472830,0.467545,0.525499,0.519991,0.731049,0.718455,0.239094,0.174464,0.137191,0.266236,0.376588,0.775887,0.573108,0.487818,0.461636,0.419099,0.442740,1.636506,0.691766,0.522776,0.449666,0.390711,0.352912
batch 528,0.807587,0.681868,0.651312,0.639314,0.699132,0.631730,0.560929,0.480451,0.478817,0.537448,0.537805,0.761381,0.767720,0.219854,0.157512,0.125089,0.290669,0.418783,0.769211,0.584064,0.487948,0.442054,0.442886,0.475642,1.585296,0.759408,0.541004,0.459695,0.408954,0.371606
batch 529,0.806341,0.620861,0.610399,0.615988,0.681944,0.570576,0.579484,0.462910,0.460540,0.520242,0.523529,0.741858,0.749931,0.246114,0.165850,0.128158,0.268402,0.385635,0.740237,0.551385,0.467066,0.443892,0.371261,0.492165,1.503985,0.690206,0.528569,0.445944,0.397980,0.378484
batch 530,0.919712,0.729103,0.674866,0.680925,0.771233,0.675755,0.642100,0.516348,0.513254,0.569905,0.561698,0.800454,0.914193,0.232253,0.168602,0.134126,0.315811,0.435531,0.843416,0.581015,0.500237,0.420060,0.382613,0.456869,1.566952,0.712576,0.512070,0.419111,0.363777,0.319386
batch 531,0.887997,0.693646,0.658534,0.640011,0.744357,0.673770,0.591814,0.489159,0.487772,0.555748,0.544044,0.754040,0.809192,0.218511,0.170750,0.131367,0.296864,0.412831,0.801124,0.608011,0.525329,0.415063,0.381792,0.443655,1.513776,0.683352,0.505652,0.398254,0.379417,0.338834
batch 532,0.819498,0.644650,0.604084,0.615819,0.633252,0.560189,0.551187,0.450825,0.451048,0.508594,0.517603,0.758262,0.807361,0.202301,0.155976,0.122230,0.255362,0.396187,0.814344,0.641154,0.532384,0.420819,0.412868,0.410583,1.574235,0.698727,0.477604,0.395999,0.386752,0.286009
batch 533,0.846611,0.659160,0.613197,0.614971,0.700388,0.605971,0.608227,0.467828,0.470629,0.541071,0.521511,0.747242,0.813495,0.237992,0.172516,0.131892,0.274442,0.405435,0.752582,0.545205,0.490275,0.450865,0.427044,0.474792,1.562216,0.708334,0.533700,0.455981,0.414751,0.360606
batch 534,0.850583,0.694325,0.659885,0.616474,0.703299,0.635620,0.577678,0.472913,0.471415,0.517046,0.502776,0.707453,0.786793,0.227939,0.192251,0.138412,0.269979,0.405389,0.718593,0.576757,0.500161,0.406732,0.345182,0.461116,1.464569,0.670632,0.500858,0.448339,0.404162,0.343228
batch 535,0.842770,0.674561,0.622852,0.643716,0.663873,0.540002,0.615515,0.475818,0.473600,0.541588,0.558708,0.748620,0.833081,0.236875,0.154382,0.127347,0.265949,0.378209,0.801236,0.589990,0.514082,0.405594,0.356119,0.440159,1.542114,0.749078,0.557015,0.443938,0.389025,0.349664
batch 536,0.795630,0.648624,0.621811,0.619242,0.711042,0.632077,0.545762,0.461299,0.463581,0.526172,0.519450,0.752806,0.727611,0.247648,0.173606,0.132549,0.290563,0.421763,0.693389,0.521043,0.454824,0.437243,0.416136,0.449371,1.429285,0.726016,0.551965,0.453165,0.407971,0.369429
batch 537,0.768224,0.645220,0.586317,0.615624,0.693707,0.571046,0.542966,0.456787,0.463621,0.520304,0.517402,0.741403,0.692965,0.247687,0.190458,0.132011,0.265666,0.397713,0.767621,0.570701,0.506448,0.414315,0.359121,0.450352,1.540844,0.759041,0.544186,0.433025,0.408476,0.372141
batch 538,0.873600,0.665894,0.619741,0.591930,0.679246,0.616953,0.619262,0.477633,0.466805,0.537431,0.524452,0.745074,0.902577,0.238354,0.170128,0.136967,0.278342,0.410701,0.829158,0.641516,0.553172,0.393234,0.411675,0.452600,1.572024,0.738470,0.500577,0.391041,0.360885,0.324158
batch 539,0.762849,0.617665,0.589644,0.612739,0.656410,0.580743,0.587095,0.462260,0.468281,0.533811,0.551069,0.776918,0.701899,0.249100,0.170118,0.136307,0.292218,0.417141,0.709749,0.551759,0.453585,0.474005,0.407527,0.459165,1.549875,0.748280,0.553871,0.451744,0.415776,0.376404
batch 540,0.785624,0.664145,0.637336,0.643515,0.707492,0.606920,0.564064,0.477262,0.470328,0.536252,0.514556,0.769617,0.715961,0.250834,0.166723,0.140382,0.284149,0.425186,0.698882,0.534507,0.457478,0.456808,0.389530,0.473586,1.524715,0.785617,0.568608,0.486171,0.437079,0.406443
batch 541,0.786355,0.630278,0.619674,0.600641,0.664168,0.601294,0.581811,0.466025,0.462737,0.515849,0.506628,0.748095,0.748644,0.259025,0.162695,0.136325,0.267976,0.413072,0.676859,0.516608,0.472607,0.432847,0.379612,0.475245,1.413595,0.707439,0.511156,0.433892,0.426248,0.376117
batch 542,0.888587,0.717764,0.632597,0.618736,0.690006,0.602817,0.630358,0.473922,0.467689,0.524069,0.518988,0.732785,0.851399,0.222334,0.177340,0.150448,0.273421,0.387052,0.815157,0.635610,0.561741,0.425941,0.415984,0.460598,1.562105,0.709792,0.496977,0.403675,0.399521,0.337292
batch 543,0.796952,0.653146,0.597994,0.611410,0.663831,0.561986,0.571696,0.482262,0.466067,0.522800,0.511303,0.705037,0.704706,0.261348,0.186404,0.164701,0.357669,0.383298,0.749794,0.583118,0.500375,0.422189,0.400020,0.458533,1.494705,0.714803,0.547152,0.459262,0.406195,0.355828
batch 544,0.800838,0.644554,0.616482,0.615586,0.695218,0.605899,0.560717,0.461049,0.462520,0.515396,0.507719,0.751994,0.739164,0.249234,0.165362,0.144263,0.275832,0.422585,0.697129,0.539511,0.480524,0.432868,0.369417,0.474596,1.478612,0.723649,0.538680,0.472783,0.419015,0.388012
batch 545,0.768593,0.644257,0.608574,0.627932,0.707301,0.599388,0.572043,0.457951,0.453919,0.532089,0.536642,0.733817,0.687188,0.242172,0.163848,0.134623,0.288097,0.400279,0.719208,0.525610,0.460732,0.439841,0.393613,0.465101,1.531722,0.738906,0.560325,0.485830,0.437112,0.400507
batch 546,0.785933,0.645414,0.616736,0.616896,0.732674,0.605617,0.570114,0.463336,0.455920,0.510852,0.517381,0.715734,0.732358,0.269404,0.179748,0.144209,0.295427,0.392729,0.767050,0.579803,0.506821,0.422088,0.367812,0.458144,1.528333,0.744230,0.548281,0.441008,0.398920,0.338331
batch 547,0.760007,0.644210,0.623170,0.656928,0.690446,0.615757,0.566176,0.469223,0.468832,0.528006,0.520775,0.754374,0.765059,0.240253,0.160752,0.139358,0.274109,0.422107,0.736235,0.539743,0.487346,0.416414,0.392140,0.490486,1.539803,0.681049,0.526704,0.447614,0.403892,0.382931
batch 548,0.786641,0.618512,0.583699,0.595793,0.643730,0.580037,0.545773,0.454058,0.466545,0.520345,0.521175,0.746732,0.844027,0.222060,0.164441,0.125684,0.258552,0.418028,0.712742,0.604381,0.525587,0.461995,0.413023,0.413857,1.444350,0.694164,0.479978,0.410744,0.387771,0.288402
batch 549,0.740526,0.652284,0.627568,0.660592,0.691183,0.593617,0.536608,0.461472,0.467858,0.523589,0.507493,0.742072,0.716538,0.244653,0.172010,0.156519,0.273573,0.403974,0.711404,0.524675,0.468225,0.443499,0.385174,0.487429,1.578667,0.744292,0.553856,0.466071,0.418287,0.382398
batch 550,0.815669,0.641230,0.631543,0.620422,0.674740,0.598201,0.587961,0.472365,0.461031,0.529229,0.521836,0.737465,0.725295,0.254811,0.163229,0.132732,0.270732,0.393812,0.750973,0.575022,0.487710,0.433520,0.425341,0.450364,1.544491,0.769537,0.551834,0.454068,0.411012,0.369232
batch 551,0.850566,0.665365,0.592577,0.579175,0.679384,0.574259,0.580014,0.478194,0.463585,0.521188,0.518141,0.726984,0.843106,0.237465,0.167202,0.137839,0.264214,0.379509,0.813345,0.622938,0.527151,0.439683,0.365762,0.473234,1.612371,0.689760,0.506618,0.387432,0.385908,0.321811
batch 552,0.754768,0.627654,0.609633,0.652488,0.711445,0.655655,0.534442,0.464883,0.464871,0.518490,0.511682,0.743644,0.683653,0.251243,0.180633,0.145127,0.273871,0.411453,0.746580,0.553983,0.459139,0.450971,0.388851,0.457803,1.493189,0.745286,0.538965,0.443790,0.412455,0.377767
batch 553,0.765380,0.616974,0.628914,0.625789,0.679110,0.586921,0.556324,0.460670,0.457705,0.520838,0.507690,0.746135,0.689939,0.284773,0.176432,0.144098,0.264585,0.410609,0.687085,0.529727,0.478035,0.425253,0.355081,0.475929,1.464642,0.704603,0.532060,0.444419,0.454390,0.401117
batch 554,0.916749,0.697531,0.672283,0.638557,0.766099,0.684278,0.637909,0.491313,0.497083,0.554042,0.537316,0.761148,0.873396,0.231530,0.161201,0.129424,0.293550,0.417085,0.775220,0.576177,0.514051,0.449748,0.409244,0.503994,1.682622,0.728354,0.517762,0.460909,0.398228,0.355158
batch 555,0.892894,0.660351,0.636417,0.612652,0.721715,0.614079,0.608523,0.487913,0.494591,0.542987,0.528292,0.784036,0.832181,0.230445,0.155640,0.130711,0.291950,0.417898,0.749802,0.579046,0.536327,0.436825,0.434956,0.435307,1.531222,0.706220,0.493106,0.432451,0.377741,0.331095
batch 556,0.690393,0.607768,0.588506,0.593160,0.665134,0.572618,0.530990,0.457511,0.455886,0.526031,0.497924,0.729621,0.684265,0.253822,0.173644,0.138143,0.260788,0.380037,0.726955,0.557046,0.490219,0.449620,0.378677,0.477073,1.540660,0.730366,0.539217,0.447894,0.409346,0.385229
batch 557,0.810598,0.646877,0.603655,0.596363,0.690656,0.574997,0.591118,0.468137,0.459666,0.533665,0.544676,0.706210,0.812956,0.240632,0.164128,0.136544,0.265329,0.369729,0.736701,0.596432,0.477103,0.424615,0.386861,0.455159,1.427421,0.669084,0.476670,0.389280,0.376930,0.350453
batch 558,0.806883,0.667236,0.644303,0.646955,0.776791,0.599437,0.552212,0.475891,0.475000,0.540060,0.532528,0.746718,0.780415,0.240398,0.190043,0.154504,0.294521,0.396135,0.748026,0.595413,0.505789,0.443095,0.413357,0.494929,1.603692,0.735468,0.545423,0.453577,0.401469,0.365312
batch 559,0.753595,0.606972,0.604865,0.592192,0.680497,0.570992,0.550471,0.461576,0.460156,0.524325,0.486244,0.741186,0.735221,0.226275,0.167185,0.129401,0.263552,0.394323,0.733283,0.567404,0.510300,0.446661,0.406633,0.489767,1.545039,0.683009,0.513190,0.475144,0.396729,0.367392
batch 560,0.787065,0.658870,0.617931,0.637843,0.655440,0.598123,0.558011,0.470566,0.463731,0.512849,0.540366,0.751562,0.806454,0.252617,0.172836,0.138597,0.268968,0.394708,0.790391,0.569058,0.489674,0.432491,0.429786,0.483467,1.562702,0.698936,0.536807,0.468774,0.364443,0.367151
batch 561,0.720030,0.633388,0.621633,0.627227,0.686076,0.596076,0.525549,0.469314,0.457761,0.529047,0.532158,0.769247,0.681715,0.250266,0.162222,0.136427,0.276183,0.411722,0.690452,0.511197,0.457342,0.429024,0.445361,0.460166,1.443441,0.744671,0.554063,0.475924,0.448196,0.390995
batch 562,0.759435,0.600200,0.600372,0.605208,0.700647,0.576588,0.552640,0.457779,0.466860,0.526290,0.504257,0.737987,0.681630,0.241196,0.168983,0.136648,0.277672,0.393027,0.685602,0.537330,0.456781,0.447188,0.410270,0.471631,1.490628,0.703241,0.545545,0.456845,0.401068,0.375656
batch 563,0.782233,0.630472,0.583626,0.615467,0.660791,0.546306,0.566839,0.466363,0.451182,0.514623,0.531092,0.728582,0.700245,0.264956,0.194590,0.160975,0.291405,0.381911,0.734464,0.565851,0.478535,0.442087,0.442105,0.440262,1.461372,0.769759,0.557062,0.474292,0.414871,0.370003
batch 564,0.826016,0.676995,0.636444,0.591967,0.682147,0.573840,0.591572,0.464022,0.478216,0.534339,0.535933,0.741588,0.843043,0.235332,0.163982,0.145032,0.275990,0.398424,0.814646,0.649680,0.546122,0.442538,0.400370,0.448526,1.577366,0.734200,0.507936,0.412889,0.401618,0.336156
batch 565,0.815905,0.688863,0.619038,0.632537,0.724408,0.594036,0.544841,0.468017,0.468336,0.524905,0.506724,0.743592,0.827765,0.235458,0.184507,0.137722,0.277325,0.405990,0.743390,0.554255,0.461194,0.432979,0.372284,0.485542,1.495205,0.692845,0.518373,0.463726,0.385298,0.354439
batch 566,0.795097,0.658031,0.632024,0.651652,0.729035,0.645169,0.577828,0.475169,0.479257,0.546536,0.525732,0.770758,0.724800,0.249146,0.177756,0.141199,0.295280,0.431893,0.724310,0.553589,0.472847,0.456090,0.403212,0.462933,1.476057,0.743653,0.543722,0.489162,0.412598,0.374824
batch 567,0.801563,0.645138,0.605757,0.636901,0.727222,0.624218,0.557832,0.462612,0.472092,0.529582,0.505205,0.740193,0.743331,0.243653,0.177890,0.151099,0.282927,0.400810,0.731954,0.541384,0.494105,0.439268,0.382342,0.486286,1.522914,0.722106,0.537963,0.462826,0.424536,0.384484
batch 568,0.895495,0.708390,0.631950,0.637961,0.696637,0.617709,0.620293,0.480201,0.494049,0.537556,0.532501,0.782210,0.853939,0.251831,0.166239,0.139358,0.280938,0.416449,0.754900,0.554482,0.500631,0.448647,0.400745,0.458697,1.640418,0.727409,0.553056,0.468725,0.392985,0.373691
batch 569,0.860354,0.677392,0.640658,0.630560,0.735091,0.656028,0.612501,0.492927,0.482335,0.548717,0.532681,0.763323,0.855822,0.237077,0.172822,0.139165,0.299623,0.419064,0.741346,0.552903,0.526941,0.468543,0.453416,0.469219,1.647506,0.759142,0.547816,0.459459,0.439651,0.372308
batch 570,0.792876,0.651641,0.598678,0.614514,0.680656,0.614434,0.573679,0.463435,0.462663,0.520694,0.516450,0.755932,0.749832,0.270334,0.179991,0.137422,0.284516,0.409941,0.739846,0.550876,0.474643,0.475927,0.411412,0.446494,1.567778,0.739431,0.553869,0.472420,0.429150,0.386254
batch 571,0.861096,0.620177,0.623311,0.545006,0.654740,0.554852,0.654955,0.467321,0.481751,0.521499,0.532030,0.712570,0.862197,0.226680,0.156746,0.137038,0.253811,0.375376,0.866327,0.617678,0.538398,0.423463,0.391857,0.471520,1.532685,0.685035,0.494729,0.382468,0.394828,0.309974
batch 572,0.747947,0.615024,0.591309,0.607421,0.689243,0.612186,0.547449,0.456545,0.460172,0.532678,0.519343,0.748186,0.694792,0.249692,0.179330,0.157895,0.266799,0.411816,0.723363,0.542970,0.476636,0.434095,0.388921,0.447300,1.468772,0.745540,0.535023,0.476774,0.412348,0.368634
batch 573,0.773968,0.637811,0.625349,0.609868,0.720413,0.619047,0.573745,0.467423,0.465026,0.524353,0.515822,0.739236,0.708429,0.253318,0.170748,0.139904,0.278831,0.412741,0.688492,0.541245,0.465108,0.460389,0.391236,0.486119,1.500524,0.714895,0.538939,0.457503,0.408589,0.371102
batch 574,0.755250,0.645928,0.610177,0.630534,0.710615,0.597503,0.542595,0.466363,0.477993,0.516481,0.508871,0.723511,0.680861,0.253129,0.170756,0.144607,0.269029,0.401738,0.735808,0.539433,0.497012,0.437410,0.386584,0.499500,1.535309,0.722287,0.523219,0.450230,0.411087,0.375168
batch 575,0.773740,0.610184,0.567004,0.559362,0.652990,0.578579,0.569644,0.468427,0.455111,0.522948,0.530016,0.728499,0.751131,0.261485,0.174916,0.151770,0.273339,0.381557,0.740558,0.565005,0.494595,0.456984,0.402969,0.434959,1.523835,0.729016,0.560796,0.462867,0.377943,0.340663
batch 576,0.828095,0.643487,0.597282,0.591567,0.674644,0.563298,0.614531,0.485293,0.475861,0.531018,0.540528,0.745912,0.809490,0.262272,0.168611,0.137479,0.299804,0.401774,0.734428,0.544690,0.497468,0.465687,0.366901,0.482236,1.512210,0.701257,0.518148,0.473401,0.387895,0.363296
batch 577,0.855827,0.689233,0.643012,0.642019,0.762603,0.632522,0.564424,0.470109,0.478501,0.533896,0.522740,0.762855,0.824881,0.220882,0.171469,0.143565,0.295154,0.418663,0.759695,0.601785,0.522966,0.437261,0.348482,0.503715,1.585032,0.709997,0.530496,0.431353,0.410000,0.342723
batch 578,0.765629,0.603117,0.610142,0.592089,0.655935,0.569931,0.573105,0.462295,0.464675,0.520420,0.494389,0.730506,0.719169,0.271604,0.181914,0.136176,0.249509,0.400281,0.696016,0.514763,0.463868,0.450858,0.382184,0.465161,1.495296,0.685036,0.528106,0.439490,0.432107,0.378428
batch 579,0.787828,0.634839,0.613247,0.606765,0.688664,0.592718,0.571032,0.466988,0.470175,0.523813,0.527391,0.750906,0.699241,0.248309,0.165082,0.138476,0.287020,0.408975,0.710854,0.554819,0.484643,0.407609,0.383023,0.453160,1.461280,0.738956,0.545819,0.445054,0.416511,0.381688
batch 580,0.744016,0.640741,0.571941,0.596426,0.680958,0.568610,0.551020,0.452099,0.466983,0.516097,0.497190,0.729221,0.676837,0.233743,0.166859,0.127672,0.253488,0.383420,0.711276,0.548828,0.469198,0.495606,0.411750,0.463433,1.501951,0.755824,0.535910,0.456993,0.426755,0.398859
batch 581,0.773681,0.637494,0.594216,0.608426,0.703347,0.600990,0.584171,0.460401,0.470681,0.527224,0.531697,0.727807,0.716613,0.250405,0.171836,0.143766,0.288023,0.381742,0.762665,0.579956,0.484639,0.460457,0.403174,0.458852,1.649200,0.771577,0.566230,0.478212,0.411378,0.373447
batch 582,0.738731,0.626618,0.589997,0.607300,0.703569,0.571314,0.548334,0.455066,0.456442,0.519466,0.501862,0.752715,0.664263,0.249483,0.166969,0.141261,0.270548,0.419472,0.645183,0.517274,0.455398,0.433871,0.393038,0.461392,1.441463,0.720117,0.528990,0.440706,0.418490,0.382792
batch 583,0.728488,0.658942,0.620826,0.630227,0.716463,0.611684,0.528872,0.470532,0.463310,0.517570,0.508711,0.768398,0.655240,0.262441,0.169487,0.140925,0.291910,0.417728,0.690555,0.495274,0.441924,0.435277,0.420514,0.463174,1.397073,0.687306,0.525670,0.450126,0.435692,0.400053
batch 584,0.793378,0.611803,0.600466,0.614207,0.726479,0.608974,0.566575,0.468497,0.484286,0.522025,0.498826,0.778645,0.717276,0.244486,0.174672,0.145271,0.274786,0.448052,0.683391,0.519081,0.486744,0.440106,0.393515,0.477052,1.435598,0.697751,0.524577,0.428733,0.412409,0.373285
batch 585,0.836295,0.654934,0.638462,0.654768,0.716303,0.607153,0.573122,0.475816,0.484089,0.536131,0.533134,0.768340,0.776822,0.210891,0.166490,0.132367,0.283498,0.411294,0.737504,0.569695,0.500711,0.424236,0.414898,0.468947,1.527586,0.704589,0.529361,0.446348,0.393148,0.353338
batch 586,0.753620,0.632518,0.609148,0.621287,0.688596,0.595080,0.556137,0.472172,0.465231,0.530001,0.512964,0.748548,0.692747,0.259983,0.173782,0.140787,0.271671,0.410881,0.709638,0.535910,0.447470,0.428873,0.393074,0.454949,1.561069,0.749605,0.548746,0.462285,0.437040,0.371367
batch 587,0.875956,0.696120,0.631277,0.635315,0.742280,0.643395,0.601116,0.469186,0.463344,0.522806,0.512111,0.728112,0.858904,0.236128,0.193383,0.144260,0.278953,0.403151,0.759883,0.584235,0.506238,0.436740,0.405163,0.460294,1.587643,0.737717,0.528712,0.426656,0.371943,0.357596
batch 588,0.727398,0.602210,0.567789,0.596973,0.696656,0.589862,0.543584,0.452343,0.466082,0.524379,0.504236,0.742903,0.672635,0.261611,0.173624,0.143326,0.261729,0.402155,0.710320,0.519017,0.488815,0.487514,0.396919,0.463580,1.516073,0.762703,0.541505,0.471555,0.416580,0.388243
batch 589,0.836627,0.681088,0.669957,0.641888,0.739938,0.620113,0.546973,0.480071,0.477865,0.528683,0.521641,0.777290,0.804248,0.220399,0.150138,0.126876,0.286473,0.420332,0.680474,0.528984,0.488404,0.417417,0.402045,0.477559,1.438157,0.672258,0.526063,0.409536,0.400819,0.348572
batch 590,0.897984,0.657953,0.628095,0.594662,0.699329,0.610411,0.649309,0.489437,0.491920,0.532349,0.526153,0.744434,0.853016,0.231013,0.165987,0.147839,0.271604,0.397490,0.813223,0.635627,0.540233,0.430938,0.391977,0.480608,1.570119,0.720507,0.508906,0.388163,0.372606,0.332441
batch 591,0.745569,0.616856,0.597887,0.593558,0.654069,0.584685,0.581960,0.459654,0.462621,0.523347,0.530554,0.756138,0.708410,0.240813,0.177410,0.148290,0.276618,0.403587,0.749517,0.554412,0.469974,0.447214,0.391635,0.468135,1.484283,0.726997,0.547952,0.442078,0.407522,0.365718
batch 592,0.738155,0.621310,0.608996,0.624405,0.705947,0.592327,0.546328,0.466449,0.470539,0.536662,0.520971,0.760072,0.697522,0.265495,0.172189,0.140833,0.276491,0.409732,0.697212,0.506686,0.459781,0.452982,0.446387,0.462318,1.461793,0.711560,0.540512,0.482446,0.432073,0.378521
batch 593,0.801895,0.649424,0.627770,0.630490,0.698156,0.591195,0.559021,0.466703,0.476462,0.522995,0.507811,0.710239,0.774781,0.248659,0.175068,0.130775,0.263828,0.379467,0.755623,0.580538,0.519943,0.460865,0.378203,0.474456,1.662452,0.719714,0.511787,0.451550,0.399201,0.376238
batch 594,0.756563,0.614070,0.591064,0.601210,0.702290,0.610480,0.570294,0.465398,0.468394,0.531331,0.502340,0.706434,0.692123,0.245372,0.172523,0.132550,0.265865,0.382870,0.732950,0.544762,0.473310,0.412373,0.364887,0.470493,1.515367,0.709681,0.506458,0.426326,0.409611,0.377255
batch 595,0.787765,0.641282,0.611668,0.605323,0.677992,0.618572,0.547621,0.464393,0.461467,0.527147,0.511232,0.700471,0.793120,0.261407,0.171247,0.130530,0.271079,0.378643,0.737482,0.573092,0.531869,0.429057,0.391771,0.462635,1.577591,0.721242,0.533358,0.458809,0.398756,0.365592
batch 596,0.854074,0.676069,0.633398,0.634662,0.746403,0.600307,0.610150,0.488514,0.483610,0.539777,0.536245,0.731617,0.803017,0.264653,0.169881,0.139325,0.282692,0.391506,0.679011,0.526513,0.471801,0.440764,0.353776,0.459350,1.411761,0.688243,0.528315,0.440783,0.422844,0.388462
batch 597,0.814811,0.650323,0.621816,0.658912,0.721981,0.575861,0.587557,0.470485,0.474499,0.536932,0.531162,0.770823,0.760561,0.221673,0.172358,0.139443,0.282108,0.404617,0.727709,0.542882,0.500401,0.448591,0.473147,0.444228,1.505372,0.684866,0.520443,0.445855,0.390809,0.353610
batch 598,0.770777,0.604626,0.595853,0.610792,0.703614,0.587933,0.578704,0.475907,0.466135,0.529127,0.532029,0.718604,0.746271,0.239244,0.178085,0.142485,0.271419,0.393437,0.713308,0.555819,0.498931,0.410415,0.374718,0.474790,1.430137,0.680124,0.517425,0.437207,0.411252,0.367203
batch 599,0.768253,0.618056,0.603477,0.604056,0.672492,0.590667,0.575673,0.464259,0.464136,0.541779,0.542163,0.738385,0.730723,0.243036,0.161673,0.129186,0.275540,0.395183,0.752063,0.552302,0.446085,0.440530,0.394926,0.463179,1.497652,0.694879,0.535730,0.451541,0.398714,0.356746
batch 600,0.765006,0.656490,0.620968,0.642125,0.724860,0.613215,0.546068,0.456747,0.464804,0.524865,0.514255,0.759071,0.703914,0.251929,0.172686,0.147682,0.290637,0.408043,0.756086,0.559587,0.474596,0.445669,0.392297,0.454218,1.557587,0.778112,0.554259,0.472405,0.408122,0.369948
batch 601,0.784799,0.645029,0.599395,0.606817,0.673052,0.597910,0.558966,0.465026,0.466423,0.531450,0.519519,0.754558,0.746337,0.251176,0.166519,0.136531,0.272736,0.408317,0.709083,0.544696,0.482127,0.462293,0.411179,0.470267,1.556446,0.772512,0.559436,0.503258,0.410246,0.381592
batch 602,0.757743,0.635483,0.614527,0.663899,0.730049,0.579989,0.521417,0.469930,0.472052,0.539188,0.507569,0.765868,0.745400,0.231520,0.155827,0.136599,0.274995,0.406449,0.752653,0.601992,0.545626,0.449968,0.387476,0.445254,1.580247,0.760077,0.515860,0.455130,0.367130,0.361626
batch 603,0.753302,0.640711,0.618404,0.657366,0.677533,0.594311,0.569315,0.468333,0.464044,0.530218,0.510372,0.780076,0.712949,0.259750,0.179362,0.150495,0.276439,0.421069,0.691687,0.520594,0.446826,0.492951,0.428388,0.478842,1.433041,0.715868,0.547656,0.461068,0.432744,0.401089
batch 604,0.810053,0.661152,0.625728,0.617241,0.698684,0.606551,0.605633,0.471141,0.475101,0.533876,0.529219,0.759727,0.789856,0.259155,0.183238,0.146407,0.283897,0.413516,0.757650,0.591260,0.503848,0.437237,0.378602,0.452718,1.526802,0.743139,0.537921,0.443519,0.409429,0.355872
batch 605,0.785457,0.639615,0.612612,0.636094,0.688430,0.594323,0.521708,0.462300,0.456601,0.510245,0.485723,0.727582,0.727904,0.236990,0.176587,0.140748,0.267845,0.399920,0.757237,0.574755,0.487619,0.422233,0.408452,0.462310,1.616622,0.736313,0.542970,0.462325,0.418795,0.372502
batch 606,0.823455,0.651264,0.648848,0.646112,0.737337,0.617498,0.581218,0.477091,0.478985,0.531953,0.518106,0.762124,0.755438,0.247614,0.173866,0.132447,0.280494,0.427241,0.660949,0.523882,0.473098,0.437089,0.379568,0.492708,1.366980,0.697106,0.540504,0.464721,0.451595,0.403492
batch 607,0.839276,0.664544,0.649850,0.646149,0.722893,0.616065,0.574301,0.481945,0.473126,0.547974,0.529740,0.781477,0.833787,0.247603,0.164205,0.141945,0.293540,0.430372,0.738512,0.549703,0.486125,0.399424,0.335022,0.483926,1.488354,0.701937,0.510925,0.435663,0.380066,0.378423
batch 608,0.836358,0.660427,0.634658,0.601228,0.675694,0.629439,0.582783,0.477352,0.466048,0.540646,0.542403,0.738245,0.825186,0.240365,0.166629,0.124704,0.271512,0.404806,0.745011,0.630532,0.550815,0.418676,0.402294,0.433461,1.634665,0.704895,0.489155,0.388396,0.355413,0.301970
batch 609,0.804787,0.636855,0.610184,0.627658,0.739236,0.627347,0.585971,0.481333,0.493057,0.552143,0.545512,0.727142,0.793204,0.244527,0.173642,0.139856,0.290244,0.391414,0.672410,0.517137,0.455065,0.445714,0.434134,0.472884,1.387148,0.698672,0.527406,0.469748,0.396968,0.373158
batch 610,0.758908,0.616112,0.618382,0.608477,0.689110,0.598603,0.542301,0.464946,0.479694,0.519887,0.514154,0.767334,0.698756,0.244016,0.166299,0.138913,0.287848,0.420746,0.694565,0.502179,0.449400,0.415991,0.387681,0.481531,1.355858,0.708716,0.537096,0.462981,0.404075,0.378230
batch 611,0.796552,0.671148,0.642884,0.671110,0.711547,0.611724,0.568040,0.488975,0.475726,0.538211,0.525391,0.750403,0.769744,0.243988,0.170759,0.139182,0.272958,0.409075,0.741628,0.564861,0.483627,0.434949,0.398897,0.461837,1.641810,0.742727,0.513231,0.465712,0.423876,0.377665
batch 612,0.860280,0.688597,0.636243,0.633863,0.706954,0.588217,0.617390,0.483962,0.472516,0.540520,0.528105,0.757910,0.803368,0.254233,0.184217,0.143389,0.280126,0.409020,0.765107,0.564743,0.487540,0.420307,0.355584,0.467100,1.622370,0.742093,0.552774,0.465089,0.416855,0.375561
batch 613,0.843197,0.645505,0.614956,0.611622,0.676090,0.567783,0.634649,0.500848,0.477288,0.536550,0.533697,0.722738,0.842491,0.260794,0.186155,0.139631,0.270967,0.382960,0.726528,0.579693,0.482987,0.399182,0.381778,0.479017,1.451678,0.658482,0.514708,0.416600,0.387742,0.355932
batch 614,0.752519,0.582517,0.561780,0.583135,0.647043,0.547420,0.577760,0.448244,0.457207,0.505153,0.506747,0.730315,0.687426,0.264362,0.163664,0.138046,0.246929,0.388101,0.678795,0.504315,0.475830,0.442421,0.402427,0.473851,1.439762,0.704117,0.539282,0.450530,0.424374,0.381460
batch 615,0.691190,0.610627,0.578729,0.595137,0.669232,0.567595,0.530327,0.453783,0.457470,0.537411,0.511576,0.754392,0.683152,0.246095,0.162518,0.134332,0.287317,0.420158,0.719322,0.528668,0.463884,0.469767,0.410159,0.459914,1.449812,0.744862,0.542075,0.449250,0.420833,0.376409
batch 616,0.721857,0.605933,0.594019,0.633561,0.661915,0.565439,0.562126,0.460088,0.454491,0.507036,0.535584,0.718331,0.670744,0.240488,0.157811,0.131685,0.267226,0.372993,0.747135,0.576900,0.479735,0.444127,0.407928,0.480291,1.557383,0.769120,0.566301,0.479372,0.423018,0.392464
batch 617,0.856264,0.671452,0.661716,0.650978,0.734448,0.629599,0.589250,0.498850,0.493277,0.561473,0.535924,0.760770,0.851672,0.222395,0.157801,0.127515,0.289838,0.418754,0.737373,0.583432,0.509490,0.415967,0.402729,0.485638,1.487072,0.714236,0.499441,0.436944,0.394371,0.338478
batch 618,0.757888,0.618110,0.572281,0.606238,0.698213,0.582745,0.565322,0.457166,0.460714,0.531443,0.508607,0.744692,0.790373,0.239495,0.162216,0.140159,0.262182,0.407134,0.706849,0.518271,0.456135,0.470372,0.431626,0.476584,1.627998,0.717955,0.535651,0.457730,0.426330,0.381846
batch 619,0.734896,0.621792,0.582399,0.607578,0.659688,0.571701,0.559092,0.456628,0.456322,0.514115,0.512578,0.732861,0.693269,0.284496,0.182628,0.165224,0.288096,0.392471,0.743721,0.529900,0.452842,0.448666,0.381320,0.464927,1.464202,0.743331,0.567486,0.451282,0.441844,0.386945
batch 620,0.897682,0.711751,0.649934,0.661212,0.725427,0.614357,0.643613,0.490548,0.501845,0.548900,0.550847,0.744919,0.881292,0.256999,0.176405,0.138514,0.287540,0.392507,0.814428,0.630007,0.542871,0.433097,0.413107,0.444619,1.519272,0.754358,0.523902,0.416539,0.390515,0.323741
batch 621,0.728883,0.611055,0.574929,0.598101,0.687434,0.570966,0.535585,0.460331,0.452934,0.518828,0.515878,0.751094,0.661793,0.247258,0.172953,0.137155,0.267069,0.403060,0.670202,0.524236,0.457582,0.445489,0.374506,0.455249,1.457160,0.725647,0.538971,0.449023,0.417813,0.379294
batch 622,0.775995,0.650294,0.621951,0.645432,0.733280,0.615351,0.547742,0.465041,0.472122,0.519175,0.517431,0.750228,0.749533,0.242400,0.177061,0.133907,0.281623,0.415891,0.710619,0.565560,0.484048,0.460571,0.391615,0.459450,1.444761,0.717933,0.527301,0.455401,0.410871,0.368509
batch 623,0.757733,0.642949,0.603259,0.633868,0.689671,0.585800,0.549517,0.462414,0.464455,0.529964,0.516076,0.759149,0.680312,0.243634,0.171266,0.150715,0.286684,0.407652,0.758570,0.575631,0.506715,0.434265,0.440302,0.431312,1.561996,0.765133,0.564645,0.471276,0.418570,0.365421
batch 624,0.739246,0.624531,0.597880,0.608995,0.698304,0.606165,0.562255,0.470170,0.471951,0.524894,0.515500,0.703515,0.696645,0.257083,0.175867,0.146370,0.276954,0.384822,0.715072,0.525176,0.461254,0.447422,0.399703,0.472184,1.477343,0.722172,0.542237,0.455351,0.419992,0.385591
batch 625,0.868785,0.661095,0.659511,0.603709,0.630977,0.582310,0.617852,0.466662,0.472954,0.527184,0.539007,0.748683,0.819368,0.218875,0.188657,0.129955,0.267997,0.396841,0.902274,0.620894,0.537459,0.432580,0.407849,0.470415,1.609247,0.709622,0.528156,0.412943,0.370287,0.333947
batch 626,0.667102,0.549036,0.576463,0.570301,0.620776,0.530751,0.566977,0.462330,0.441672,0.508606,0.503640,0.731720,0.674643,0.262289,0.175271,0.128080,0.242895,0.366908,0.728464,0.552824,0.470544,0.422923,0.403537,0.486494,1.544503,0.791005,0.535090,0.509909,0.421248,0.376955
batch 627,0.847555,0.686604,0.636615,0.652281,0.752185,0.625980,0.593228,0.471973,0.466758,0.540591,0.517104,0.743827,0.839466,0.218266,0.160755,0.125691,0.289165,0.398639,0.830104,0.601263,0.535043,0.409266,0.442982,0.430516,1.533603,0.708024,0.491887,0.407960,0.362549,0.319301
batch 628,0.796686,0.643950,0.617135,0.639046,0.704055,0.632857,0.570393,0.464101,0.466367,0.528307,0.508138,0.755469,0.763506,0.234846,0.162405,0.142673,0.282598,0.424971,0.748635,0.541242,0.505769,0.446814,0.419153,0.477564,1.593425,0.725940,0.545510,0.498257,0.410158,0.357473
batch 629,0.902315,0.687017,0.632467,0.640340,0.738231,0.601032,0.623704,0.491769,0.473369,0.545475,0.528237,0.755262,0.892636,0.237994,0.181056,0.140981,0.278588,0.404661,0.784136,0.612003,0.517597,0.427193,0.420583,0.462267,1.581448,0.747157,0.507852,0.455717,0.365345,0.328969
batch 630,0.799744,0.670015,0.629082,0.637887,0.712301,0.616976,0.561524,0.463184,0.469122,0.538307,0.516845,0.742714,0.775284,0.220330,0.166800,0.133525,0.274684,0.393493,0.833069,0.628966,0.539926,0.440436,0.404656,0.473646,1.641884,0.742570,0.540462,0.458151,0.378327,0.348469
batch 631,0.889309,0.698060,0.660550,0.667647,0.749872,0.662752,0.610722,0.491045,0.491544,0.550913,0.527779,0.773314,0.888586,0.222745,0.161704,0.130641,0.305865,0.432758,0.774106,0.583993,0.489070,0.412616,0.389358,0.464109,1.684975,0.683417,0.495221,0.424144,0.380074,0.338758
batch 632,0.807657,0.650899,0.645913,0.626804,0.704065,0.600602,0.586140,0.477034,0.486224,0.558995,0.526321,0.758389,0.835042,0.228901,0.153172,0.136587,0.275997,0.404132,0.778146,0.644139,0.520572,0.425188,0.372266,0.471138,1.549955,0.723249,0.523983,0.436907,0.410398,0.351763
batch 633,0.817274,0.644110,0.627551,0.604378,0.681876,0.616791,0.573219,0.465836,0.459341,0.523813,0.531750,0.741051,0.738522,0.257549,0.172382,0.139836,0.296179,0.408773,0.759632,0.574388,0.498146,0.432236,0.414035,0.470751,1.561846,0.764331,0.555543,0.484055,0.406144,0.367352
batch 634,0.767177,0.648886,0.632239,0.663723,0.699125,0.586092,0.540100,0.464442,0.467429,0.521704,0.514501,0.763996,0.713741,0.268692,0.158303,0.148469,0.282960,0.410254,0.770374,0.590838,0.501829,0.417885,0.386733,0.433883,1.496633,0.758324,0.535294,0.465573,0.401330,0.367392
batch 635,0.840865,0.662097,0.610907,0.614780,0.646123,0.543856,0.653059,0.468511,0.482304,0.547121,0.530632,0.732429,0.856739,0.235408,0.154259,0.127445,0.263219,0.383693,0.781093,0.648248,0.556477,0.435322,0.429827,0.407037,1.602370,0.794860,0.536078,0.453446,0.373309,0.317435
batch 636,0.798336,0.624509,0.596819,0.588908,0.684970,0.583798,0.563355,0.453324,0.458428,0.525209,0.528101,0.732433,0.728384,0.223172,0.169270,0.132061,0.271431,0.385698,0.775650,0.628559,0.552483,0.417920,0.388653,0.425877,1.586326,0.713492,0.528841,0.415030,0.389401,0.346781
batch 637,0.765702,0.638850,0.624237,0.652939,0.678619,0.603310,0.585379,0.476298,0.470466,0.546360,0.525807,0.765069,0.758535,0.241309,0.163187,0.132821,0.281847,0.412964,0.764917,0.564109,0.481774,0.472501,0.467594,0.457825,1.554381,0.760840,0.555007,0.483548,0.417270,0.357786
batch 638,0.831144,0.641744,0.623217,0.596946,0.685666,0.580613,0.608647,0.473697,0.471316,0.525679,0.511516,0.719476,0.780556,0.277634,0.189364,0.159138,0.283787,0.383061,0.705441,0.546405,0.493463,0.404241,0.379715,0.471807,1.511015,0.706168,0.538916,0.430409,0.431853,0.391659
batch 639,0.718526,0.615513,0.581358,0.618820,0.664327,0.588681,0.549944,0.469498,0.465930,0.526477,0.531674,0.749742,0.665804,0.241392,0.176834,0.131436,0.272747,0.399969,0.748343,0.513229,0.446610,0.463157,0.436842,0.464086,1.547384,0.730149,0.554763,0.456793,0.406535,0.368682
batch 640,0.793769,0.649198,0.604813,0.640618,0.760278,0.631205,0.573074,0.469122,0.476213,0.559453,0.535610,0.776696,0.867147,0.226362,0.160760,0.130222,0.302033,0.427503,0.720144,0.556711,0.471974,0.437706,0.417240,0.464078,1.474594,0.681975,0.465070,0.424786,0.390369,0.356001
batch 641,0.762108,0.625137,0.602007,0.598261,0.686952,0.601969,0.563748,0.450612,0.462178,0.523300,0.510177,0.768069,0.717953,0.253551,0.163889,0.136108,0.275839,0.428720,0.720785,0.553029,0.464478,0.432932,0.401480,0.442095,1.461861,0.714182,0.537053,0.448170,0.404797,0.374750
batch 642,0.842590,0.662891,0.621738,0.643553,0.676932,0.564495,0.571317,0.465471,0.480751,0.536511,0.530291,0.744722,0.824796,0.242505,0.174250,0.132916,0.270831,0.393562,0.765041,0.617645,0.530264,0.432309,0.430780,0.443221,1.501327,0.721262,0.520872,0.409973,0.359244,0.317995
batch 643,0.759147,0.613355,0.590342,0.604450,0.692809,0.612996,0.608251,0.469784,0.467825,0.534653,0.534974,0.805080,0.714246,0.260492,0.167174,0.136635,0.291112,0.435280,0.716387,0.511850,0.457568,0.495536,0.459366,0.462910,1.508299,0.705743,0.514264,0.459445,0.405409,0.365726
batch 644,0.908210,0.701674,0.657654,0.626444,0.699218,0.638089,0.615279,0.485883,0.476351,0.532963,0.537574,0.760699,0.860763,0.215627,0.177210,0.132070,0.282046,0.417035,0.776772,0.621311,0.535419,0.447396,0.375182,0.475688,1.582506,0.684638,0.516508,0.404086,0.384455,0.336597
batch 645,0.786634,0.622328,0.598201,0.631499,0.699847,0.592817,0.586008,0.477136,0.474620,0.536963,0.520082,0.716882,0.765970,0.240510,0.167800,0.147053,0.266107,0.372617,0.702782,0.535564,0.464411,0.416543,0.466289,0.505591,1.355442,0.684071,0.511339,0.450152,0.398700,0.358618
batch 646,0.747262,0.622898,0.568587,0.564795,0.610186,0.555950,0.599003,0.480866,0.511506,0.538716,0.515911,0.763308,0.773898,0.278688,0.178573,0.141406,0.247904,0.395214,0.732067,0.548317,0.486888,0.461603,0.403881,0.466150,1.449447,0.701480,0.528244,0.458245,0.402042,0.343845
batch 647,0.804961,0.632652,0.623133,0.646294,0.714635,0.603048,0.573193,0.477945,0.470227,0.530887,0.515497,0.743869,0.780828,0.236575,0.163667,0.139221,0.274188,0.414944,0.731460,0.559683,0.498458,0.395081,0.364420,0.508057,1.466334,0.630043,0.492585,0.423326,0.382748,0.350725
batch 648,0.771546,0.645954,0.609938,0.615854,0.717846,0.599953,0.567098,0.472229,0.465545,0.530471,0.510133,0.719026,0.709764,0.259298,0.183010,0.145953,0.272959,0.396486,0.716488,0.548468,0.480841,0.457278,0.383880,0.469495,1.562894,0.767034,0.537605,0.457840,0.421113,0.388519
batch 649,0.728198,0.619580,0.610019,0.646913,0.682960,0.584581,0.519568,0.457564,0.459133,0.520237,0.516348,0.722832,0.658414,0.252690,0.164452,0.134557,0.262263,0.388831,0.704115,0.549962,0.486042,0.417452,0.383340,0.451639,1.417118,0.700794,0.520302,0.444279,0.431531,0.373484
batch 650,0.869024,0.689237,0.624632,0.630616,0.698046,0.609179,0.576672,0.483221,0.463332,0.533000,0.548315,0.754306,0.835607,0.234672,0.169090,0.134800,0.275471,0.410634,0.812096,0.647573,0.520995,0.428669,0.341842,0.436703,1.546490,0.764009,0.534925,0.440670,0.373858,0.340232
batch 651,0.815897,0.661567,0.633913,0.640709,0.743057,0.618641,0.577884,0.484308,0.478297,0.540360,0.538731,0.760170,0.768955,0.250719,0.166565,0.139992,0.290014,0.412541,0.732331,0.563580,0.463950,0.413136,0.415579,0.477410,1.507345,0.696081,0.502680,0.449066,0.399261,0.341665
batch 652,0.744314,0.610853,0.567468,0.571265,0.654377,0.576972,0.566570,0.453519,0.459518,0.516053,0.506705,0.759435,0.703474,0.266579,0.178681,0.143797,0.254495,0.414955,0.708918,0.555084,0.472830,0.459120,0.448538,0.420986,1.500255,0.735052,0.552630,0.461366,0.411748,0.357062
batch 653,0.910266,0.701669,0.607390,0.577799,0.635785,0.548033,0.630101,0.488917,0.473038,0.519531,0.519683,0.749040,0.883967,0.264841,0.166461,0.147476,0.296813,0.380337,0.768452,0.563177,0.522774,0.443845,0.420509,0.469531,1.583554,0.760159,0.565731,0.513984,0.377468,0.361632
batch 654,0.755894,0.599714,0.588813,0.605544,0.714847,0.595309,0.561749,0.456820,0.455871,0.508469,0.530754,0.760759,0.711150,0.261075,0.167683,0.136247,0.304553,0.422079,0.687563,0.483808,0.436310,0.440750,0.399570,0.457768,1.399461,0.694267,0.538079,0.459227,0.424222,0.379111
batch 655,0.839901,0.660454,0.640648,0.636984,0.662186,0.611726,0.549726,0.454816,0.461345,0.527337,0.533800,0.749907,0.756752,0.217840,0.170744,0.133528,0.270065,0.406908,0.798924,0.624503,0.534240,0.438446,0.403649,0.440798,1.467014,0.679918,0.516013,0.403480,0.379349,0.317421
batch 656,0.768287,0.639028,0.633704,0.633989,0.719608,0.633199,0.539766,0.477641,0.473026,0.531298,0.515158,0.764234,0.696340,0.238161,0.175106,0.136676,0.281110,0.413025,0.766749,0.538810,0.457115,0.449856,0.402114,0.472303,1.508481,0.730277,0.527398,0.467565,0.401751,0.378556
batch 657,0.717228,0.610560,0.583236,0.611950,0.728082,0.619527,0.550369,0.465937,0.465907,0.527658,0.504268,0.741455,0.681966,0.260452,0.178163,0.137603,0.274318,0.415261,0.698973,0.553534,0.460406,0.429584,0.403289,0.474478,1.525415,0.742670,0.534060,0.452605,0.430343,0.383741
batch 658,0.715793,0.624540,0.594907,0.603127,0.667514,0.577809,0.533490,0.443651,0.454354,0.528615,0.539961,0.749965,0.662732,0.246465,0.161041,0.132775,0.264156,0.398001,0.740566,0.539699,0.472184,0.466299,0.421187,0.444274,1.551528,0.742860,0.547040,0.445901,0.429854,0.383101
batch 659,0.721088,0.621196,0.587362,0.613793,0.678553,0.595646,0.535501,0.463261,0.462065,0.520299,0.512254,0.727313,0.718526,0.252609,0.176098,0.146093,0.270578,0.400268,0.740740,0.561161,0.479612,0.429476,0.399914,0.462892,1.558692,0.754056,0.564115,0.464103,0.433076,0.377916
batch 660,0.795679,0.592757,0.562707,0.559550,0.648406,0.548530,0.601964,0.463266,0.457313,0.517591,0.528595,0.694634,0.728458,0.258817,0.153020,0.127853,0.259042,0.351394,0.736815,0.584770,0.503250,0.455594,0.375460,0.485133,1.508723,0.714707,0.498382,0.443399,0.396532,0.363924
batch 661,0.723430,0.619063,0.595207,0.596067,0.683034,0.595102,0.542981,0.462669,0.454094,0.514641,0.504978,0.727063,0.681746,0.260548,0.182514,0.143786,0.283396,0.392351,0.654468,0.511728,0.446403,0.437655,0.377547,0.458178,1.415471,0.701639,0.552413,0.461247,0.424361,0.386287
batch 662,0.712906,0.586138,0.578171,0.554796,0.624327,0.550710,0.582788,0.479153,0.459921,0.510858,0.504971,0.745837,0.709962,0.297647,0.181241,0.141814,0.241937,0.398275,0.701214,0.523727,0.458751,0.444638,0.374775,0.468017,1.460041,0.712915,0.536198,0.455515,0.417557,0.372662
batch 663,0.833210,0.697498,0.640865,0.608725,0.680633,0.612541,0.571116,0.468753,0.464164,0.525485,0.515622,0.770613,0.810884,0.220888,0.173731,0.122051,0.277766,0.420750,0.833236,0.620406,0.524103,0.421321,0.395248,0.478438,1.627787,0.733913,0.544328,0.399775,0.401433,0.347653
batch 664,0.830385,0.634931,0.605755,0.579072,0.622088,0.561737,0.630957,0.460960,0.462749,0.525132,0.554880,0.727204,0.772972,0.243405,0.162588,0.121977,0.269758,0.374635,0.780345,0.575712,0.540289,0.450314,0.439083,0.404468,1.448040,0.729535,0.571082,0.460933,0.376064,0.334564
batch 665,0.939759,0.706025,0.624562,0.606598,0.691353,0.625081,0.611781,0.464719,0.468778,0.513195,0.537027,0.771983,0.869742,0.221875,0.184298,0.140878,0.275218,0.419807,0.804808,0.633740,0.543907,0.419686,0.381959,0.419430,1.545747,0.719763,0.505722,0.416106,0.377991,0.341572
batch 666,0.886061,0.670061,0.626433,0.626975,0.659010,0.557430,0.636574,0.513788,0.505623,0.546532,0.525802,0.721604,0.852076,0.240435,0.173376,0.136825,0.261678,0.380335,0.698012,0.542792,0.512254,0.425412,0.401132,0.452346,1.393246,0.662149,0.503911,0.425306,0.371219,0.347285
batch 667,0.793426,0.656452,0.607754,0.627026,0.672473,0.551959,0.571956,0.462132,0.466566,0.530243,0.515226,0.736055,0.730442,0.269107,0.168405,0.131154,0.259596,0.387706,0.728939,0.565568,0.503386,0.432746,0.381657,0.434571,1.537022,0.742360,0.560024,0.456269,0.416915,0.374445
batch 668,0.743258,0.638553,0.626175,0.627864,0.691934,0.595762,0.564105,0.473537,0.477358,0.528900,0.507172,0.751586,0.750341,0.275214,0.169368,0.129927,0.272977,0.404478,0.721476,0.545523,0.484056,0.428293,0.370979,0.462087,1.476897,0.736613,0.537823,0.455334,0.393090,0.370249
batch 669,0.731313,0.623862,0.589613,0.598847,0.656645,0.591249,0.541930,0.461882,0.460315,0.515518,0.521681,0.750011,0.669224,0.260631,0.169951,0.135093,0.273356,0.399182,0.697413,0.529817,0.470339,0.452581,0.392788,0.458442,1.455303,0.717758,0.556206,0.464108,0.414389,0.375053
batch 670,0.838184,0.670677,0.624559,0.623740,0.672038,0.606699,0.592596,0.470743,0.459188,0.524164,0.535486,0.764268,0.800322,0.255272,0.158707,0.144470,0.273384,0.432280,0.710496,0.545992,0.465416,0.412963,0.379906,0.477593,1.475610,0.717914,0.542049,0.468084,0.416536,0.377263
batch 671,0.878937,0.701847,0.636423,0.631781,0.744229,0.631598,0.601599,0.470427,0.473704,0.543008,0.537365,0.763904,0.846353,0.223648,0.165868,0.130307,0.297788,0.413016,0.813827,0.614178,0.543385,0.461278,0.430568,0.444230,1.612787,0.759147,0.529944,0.445363,0.361335,0.325088
batch 672,0.764032,0.637307,0.605714,0.622157,0.662946,0.604414,0.557967,0.460816,0.449447,0.526299,0.511776,0.788650,0.680414,0.263315,0.172912,0.145735,0.280129,0.426708,0.691340,0.533141,0.456599,0.438110,0.393173,0.443552,1.575689,0.787611,0.572079,0.453897,0.449193,0.403985
batch 673,0.894862,0.689886,0.653396,0.629858,0.721444,0.596610,0.652109,0.492232,0.482385,0.541880,0.545885,0.741424,0.905041,0.226338,0.162441,0.126716,0.281901,0.402312,0.709471,0.560318,0.523158,0.433974,0.386317,0.516524,1.708256,0.728552,0.534665,0.442863,0.433325,0.370410
batch 674,0.832560,0.691067,0.637009,0.652854,0.716869,0.605554,0.565033,0.466186,0.465399,0.519209,0.524208,0.748352,0.801220,0.218057,0.160109,0.135367,0.283524,0.405077,0.771691,0.615024,0.561348,0.424500,0.431589,0.418144,1.447402,0.733649,0.508817,0.416141,0.376119,0.319169
batch 675,0.756471,0.625653,0.605218,0.645447,0.692320,0.615913,0.544724,0.455680,0.465465,0.515443,0.516852,0.742647,0.691990,0.229567,0.176476,0.144796,0.272714,0.398757,0.733713,0.538663,0.461924,0.464326,0.406133,0.459523,1.480996,0.728251,0.550034,0.476068,0.397621,0.363416
batch 676,0.787708,0.667371,0.632726,0.636185,0.703543,0.613803,0.580174,0.471096,0.466073,0.528783,0.524827,0.733304,0.732070,0.245106,0.183278,0.142649,0.276849,0.397298,0.710144,0.536175,0.462160,0.434434,0.385750,0.464236,1.419124,0.700124,0.513578,0.445348,0.407384,0.359626
batch 677,0.804382,0.654835,0.612681,0.620997,0.709065,0.600963,0.568317,0.474423,0.475675,0.523714,0.510742,0.726584,0.754751,0.252704,0.178030,0.143882,0.274921,0.390748,0.716168,0.557170,0.500294,0.415524,0.370917,0.471278,1.518623,0.734110,0.526148,0.456855,0.417497,0.377782
batch 678,0.739399,0.609396,0.599861,0.617100,0.709104,0.582665,0.526652,0.472075,0.467292,0.526823,0.514354,0.744495,0.661249,0.247102,0.165478,0.137349,0.278588,0.400713,0.730045,0.553006,0.457483,0.419285,0.379990,0.464704,1.470138,0.737614,0.538779,0.452955,0.400872,0.379761
batch 679,0.811729,0.636576,0.634511,0.667392,0.720828,0.601281,0.574550,0.484085,0.486447,0.529973,0.513041,0.741267,0.840226,0.233979,0.174957,0.139315,0.270521,0.401472,0.741319,0.581899,0.492211,0.420273,0.376364,0.470242,1.530380,0.648610,0.513438,0.432964,0.384337,0.375263
batch 680,0.765278,0.621470,0.610093,0.629028,0.726013,0.627577,0.516871,0.456122,0.455722,0.498657,0.505511,0.735550,0.730076,0.236668,0.163205,0.128316,0.267417,0.406001,0.694033,0.493191,0.440377,0.441259,0.387928,0.506127,1.400707,0.688713,0.517864,0.475025,0.406472,0.369808
batch 681,0.759654,0.638900,0.611171,0.606091,0.687939,0.609225,0.552769,0.459018,0.467351,0.515621,0.520457,0.779114,0.706213,0.259359,0.188009,0.145634,0.280632,0.433876,0.699425,0.533424,0.459486,0.430293,0.390753,0.457088,1.458282,0.723644,0.536802,0.455883,0.414521,0.368297
batch 682,0.957446,0.730625,0.683540,0.664722,0.729414,0.671624,0.626914,0.496630,0.489321,0.547933,0.553991,0.801693,0.899437,0.226809,0.174210,0.132353,0.299759,0.442143,0.716897,0.609357,0.520817,0.441272,0.417358,0.459291,1.548457,0.717096,0.488420,0.400538,0.358546,0.314275
batch 683,0.842280,0.659294,0.632725,0.647870,0.675330,0.589216,0.569937,0.476036,0.476963,0.552391,0.520525,0.765471,0.835312,0.228801,0.151207,0.131987,0.291222,0.414743,0.770600,0.558128,0.522581,0.449377,0.410364,0.462009,1.494810,0.715979,0.528507,0.425630,0.398950,0.349286
batch 684,0.763503,0.618436,0.592304,0.604043,0.681408,0.612592,0.606482,0.473158,0.480823,0.536953,0.540293,0.796779,0.725089,0.274011,0.170284,0.136980,0.300720,0.446241,0.732726,0.535014,0.445383,0.495256,0.414815,0.481321,1.570812,0.742336,0.557547,0.471269,0.427551,0.382479
batch 685,0.850559,0.705272,0.663323,0.670257,0.823182,0.619845,0.573750,0.491006,0.490901,0.545264,0.514335,0.721066,0.830170,0.230806,0.191567,0.155479,0.298851,0.392488,0.800189,0.618582,0.528157,0.460081,0.398388,0.450389,1.536502,0.672471,0.472323,0.403122,0.374517,0.317797
batch 686,0.734692,0.609266,0.596464,0.622729,0.713271,0.570522,0.535448,0.465131,0.466001,0.521468,0.516057,0.712193,0.656949,0.245145,0.182494,0.142260,0.265635,0.377009,0.699431,0.527696,0.470962,0.429376,0.415171,0.457071,1.413403,0.702868,0.513915,0.469130,0.403781,0.382431
batch 687,0.797247,0.636232,0.632865,0.626493,0.676813,0.571478,0.572224,0.469722,0.459173,0.525632,0.500984,0.751928,0.749713,0.255482,0.166757,0.127032,0.262778,0.414581,0.775349,0.600751,0.523781,0.418890,0.397147,0.459983,1.541109,0.773728,0.540928,0.452030,0.414866,0.363616
batch 688,0.753892,0.634074,0.602087,0.635886,0.697246,0.623703,0.558012,0.476856,0.480267,0.529642,0.513319,0.742692,0.729447,0.253435,0.169896,0.140719,0.272928,0.406838,0.650257,0.499766,0.462188,0.434384,0.407476,0.452915,1.405941,0.692952,0.516977,0.460939,0.425295,0.379846
batch 689,0.891264,0.668075,0.637007,0.587412,0.690522,0.595812,0.619947,0.460311,0.451221,0.500491,0.514499,0.755910,0.834621,0.222930,0.163342,0.131817,0.270328,0.402385,0.800111,0.636235,0.527869,0.438423,0.408111,0.392263,1.466345,0.686307,0.489969,0.375610,0.345863,0.306812
batch 690,0.859573,0.693804,0.644214,0.651911,0.771589,0.661147,0.579878,0.487371,0.478547,0.542599,0.528590,0.769364,0.810471,0.265778,0.176049,0.138274,0.297015,0.431876,0.710335,0.550440,0.482704,0.434614,0.387099,0.485350,1.550044,0.737789,0.549326,0.456688,0.430941,0.366291
batch 691,0.743634,0.607193,0.580175,0.576863,0.649869,0.554855,0.589741,0.486868,0.484701,0.531391,0.500978,0.704315,0.761531,0.302043,0.205304,0.154775,0.250564,0.373386,0.739143,0.562443,0.479227,0.421200,0.393702,0.476975,1.490979,0.728755,0.531466,0.467784,0.417784,0.373590
batch 692,0.864384,0.694737,0.641180,0.655063,0.696052,0.627935,0.604560,0.492532,0.480583,0.553722,0.521041,0.771038,0.876629,0.248412,0.172728,0.139896,0.280631,0.428186,0.781221,0.583853,0.484677,0.436615,0.371239,0.448517,1.629524,0.761896,0.531041,0.480789,0.385552,0.352155
batch 693,0.833478,0.667964,0.622110,0.622866,0.724086,0.620914,0.628667,0.514188,0.509509,0.561242,0.562851,0.757211,0.893561,0.255466,0.165417,0.139960,0.293939,0.403886,0.804369,0.595065,0.525132,0.386673,0.368612,0.471717,1.707525,0.754018,0.550818,0.456955,0.399281,0.371068
batch 694,0.803789,0.647770,0.612729,0.616027,0.706216,0.596549,0.595069,0.482584,0.472596,0.532701,0.533162,0.754096,0.801151,0.246684,0.166505,0.135246,0.277384,0.412547,0.774140,0.582171,0.528884,0.455156,0.387906,0.481448,1.635420,0.734855,0.571778,0.485629,0.401217,0.353510
batch 695,0.745993,0.615858,0.623560,0.628787,0.721010,0.599217,0.539251,0.465934,0.476196,0.513612,0.491778,0.729774,0.669119,0.247362,0.170565,0.147207,0.267698,0.381756,0.696595,0.531067,0.461324,0.448319,0.399301,0.500677,1.441736,0.696717,0.537043,0.475591,0.434737,0.378387
batch 696,0.776250,0.637870,0.595517,0.623663,0.693245,0.618628,0.600358,0.486736,0.489746,0.528719,0.521414,0.740532,0.789088,0.263385,0.175901,0.135798,0.268555,0.402423,0.692522,0.554312,0.491186,0.454086,0.391404,0.489358,1.425282,0.692291,0.515352,0.445335,0.419321,0.364235
batch 697,0.726194,0.619818,0.594231,0.619501,0.685209,0.613822,0.534810,0.466469,0.463366,0.526895,0.515724,0.785497,0.719036,0.237266,0.163905,0.138863,0.285214,0.429631,0.716998,0.541483,0.469664,0.429562,0.384619,0.455139,1.516999,0.749463,0.552872,0.460295,0.411085,0.381300
batch 698,0.769709,0.647300,0.594127,0.604115,0.668849,0.581821,0.581399,0.476258,0.471340,0.541641,0.538277,0.741228,0.726398,0.270458,0.169214,0.155029,0.262681,0.396475,0.696526,0.517523,0.461171,0.439226,0.406416,0.453977,1.418212,0.692817,0.534564,0.444957,0.422151,0.383545
batch 699,0.769367,0.641757,0.597545,0.585786,0.665881,0.584513,0.565858,0.470324,0.459116,0.513690,0.503859,0.757237,0.743013,0.247552,0.157587,0.131933,0.257908,0.407015,0.682865,0.530608,0.484322,0.445692,0.384816,0.448182,1.514893,0.694412,0.544292,0.439076,0.431982,0.385239
batch 700,0.846976,0.656935,0.617827,0.610467,0.662190,0.611253,0.612897,0.487275,0.473270,0.533594,0.539473,0.750036,0.833747,0.225730,0.159566,0.127020,0.267842,0.397529,0.789437,0.600203,0.518050,0.417514,0.439600,0.455709,1.676485,0.722642,0.512531,0.446144,0.414199,0.354409
batch 701,0.800779,0.616949,0.555069,0.560506,0.594517,0.591132,0.590532,0.443813,0.447957,0.508773,0.513170,0.693027,0.740017,0.244229,0.178324,0.160909,0.253751,0.368636,0.792681,0.640380,0.547594,0.445460,0.382357,0.427309,1.460862,0.734844,0.521038,0.448176,0.377191,0.335186
batch 702,0.826454,0.624424,0.582000,0.615415,0.689367,0.584931,0.567044,0.454797,0.473034,0.526711,0.526917,0.745858,0.742762,0.230347,0.157834,0.134988,0.268784,0.399331,0.722372,0.557323,0.533738,0.480232,0.476528,0.441876,1.630649,0.768478,0.544629,0.475814,0.385068,0.338591
batch 703,0.785359,0.643535,0.604484,0.611627,0.655842,0.580926,0.585575,0.473831,0.466239,0.535558,0.527821,0.741681,0.734146,0.259290,0.185536,0.145814,0.269478,0.394675,0.724122,0.535231,0.462461,0.439174,0.373677,0.470964,1.555237,0.728946,0.557946,0.457391,0.419926,0.380311
batch 704,0.737647,0.628701,0.637586,0.638023,0.740713,0.623967,0.552671,0.477839,0.472863,0.539924,0.522195,0.779021,0.733309,0.249082,0.167614,0.146405,0.284216,0.427125,0.745093,0.552027,0.477832,0.435358,0.403793,0.463918,1.459449,0.721180,0.534146,0.471494,0.423659,0.379326
batch 705,0.774240,0.622324,0.580006,0.574789,0.661201,0.565549,0.547080,0.448158,0.444431,0.512221,0.528892,0.749643,0.830010,0.233730,0.163856,0.121476,0.256614,0.412076,0.760826,0.640865,0.519522,0.423228,0.384116,0.446638,1.467488,0.727715,0.476836,0.388638,0.330844,0.298942
batch 706,0.758511,0.608785,0.586179,0.579997,0.670876,0.584522,0.561280,0.454168,0.451137,0.531492,0.510410,0.702051,0.705150,0.258762,0.172824,0.142231,0.273165,0.381265,0.715921,0.577106,0.479076,0.410919,0.385713,0.470235,1.657729,0.735930,0.543792,0.482860,0.402127,0.354556
batch 707,0.806368,0.641901,0.613545,0.606293,0.677010,0.572767,0.580984,0.468451,0.468573,0.533628,0.523849,0.742710,0.760345,0.258227,0.173444,0.136344,0.260657,0.397390,0.717991,0.567384,0.504067,0.446554,0.364750,0.471988,1.570682,0.750206,0.529779,0.454408,0.402316,0.389046
batch 708,0.729845,0.623366,0.592466,0.630290,0.647579,0.590927,0.514421,0.454708,0.460443,0.529490,0.526168,0.747223,0.648592,0.223133,0.156892,0.131946,0.274148,0.396312,0.692805,0.528230,0.466262,0.438218,0.443958,0.439682,1.436167,0.719133,0.559739,0.466655,0.417954,0.365969
batch 709,0.795037,0.646705,0.608331,0.615242,0.700378,0.579311,0.547686,0.465143,0.464877,0.520130,0.498548,0.747024,0.706003,0.236963,0.176652,0.134925,0.260852,0.406744,0.752567,0.553999,0.482593,0.442758,0.393553,0.460393,1.495649,0.720331,0.537335,0.466602,0.419945,0.374507
batch 710,0.754955,0.601149,0.586989,0.590514,0.682412,0.529723,0.584867,0.463936,0.465403,0.531611,0.506531,0.707640,0.749589,0.264629,0.178593,0.147487,0.253639,0.365703,0.713227,0.514194,0.458879,0.460305,0.429706,0.476006,1.463771,0.735185,0.551611,0.492176,0.414393,0.362893
batch 711,0.835740,0.654033,0.609187,0.620614,0.670907,0.625801,0.577673,0.464624,0.473035,0.533791,0.523116,0.762239,0.796048,0.226057,0.176478,0.135806,0.286462,0.414157,0.820784,0.584989,0.554332,0.446221,0.428562,0.484626,1.741709,0.777671,0.571674,0.494614,0.386696,0.337606
batch 712,0.828758,0.658122,0.628298,0.606089,0.709860,0.627049,0.578792,0.480383,0.475053,0.545372,0.534847,0.750522,0.849307,0.228147,0.174441,0.139019,0.283079,0.412165,0.748077,0.608588,0.505150,0.372401,0.350223,0.435863,1.514782,0.689090,0.469300,0.382175,0.357033,0.322602
batch 713,0.752507,0.622719,0.574451,0.587054,0.641416,0.532000,0.557311,0.459687,0.442563,0.486413,0.508334,0.704612,0.672732,0.254787,0.190186,0.149403,0.259453,0.360539,0.735177,0.576573,0.499897,0.448767,0.388674,0.475954,1.525593,0.747270,0.544239,0.482132,0.422385,0.386139
batch 714,0.786326,0.634567,0.574109,0.594005,0.697463,0.592094,0.540213,0.457453,0.469525,0.536324,0.523983,0.725007,0.709009,0.268382,0.164516,0.144218,0.274161,0.390466,0.751660,0.534131,0.493746,0.432798,0.438165,0.448640,1.496695,0.712343,0.540625,0.454767,0.398381,0.357465
batch 715,0.777271,0.607568,0.566979,0.578380,0.679734,0.616542,0.609565,0.488046,0.468472,0.524938,0.524963,0.776279,0.758913,0.279391,0.171909,0.142063,0.268561,0.429139,0.692497,0.527902,0.479120,0.431512,0.384562,0.484244,1.537151,0.717697,0.555876,0.470281,0.416560,0.392321
batch 716,0.799563,0.626531,0.608407,0.638604,0.728190,0.602907,0.587842,0.481356,0.463362,0.526332,0.534500,0.726058,0.782868,0.241369,0.163566,0.134830,0.271551,0.383013,0.676488,0.502648,0.459713,0.452127,0.431562,0.496974,1.454180,0.703672,0.545329,0.466250,0.409822,0.381109
batch 717,0.746150,0.630077,0.603686,0.625503,0.684143,0.604144,0.530631,0.451094,0.461734,0.526365,0.518532,0.771181,0.681428,0.261345,0.169767,0.140920,0.290992,0.422830,0.727887,0.555512,0.463163,0.438545,0.360561,0.475569,1.521475,0.754907,0.547575,0.456211,0.423089,0.389141
batch 718,0.806617,0.646437,0.618717,0.629059,0.693314,0.614282,0.568837,0.473080,0.467681,0.552664,0.523012,0.795950,0.757680,0.240976,0.170908,0.140753,0.285876,0.426690,0.708498,0.541627,0.462248,0.443084,0.433731,0.451851,1.595182,0.740476,0.539076,0.454727,0.403800,0.368448
batch 719,0.781264,0.636358,0.598705,0.620744,0.696679,0.615769,0.621145,0.486216,0.482275,0.540786,0.542920,0.794498,0.759349,0.219932,0.153506,0.125404,0.286242,0.418051,0.755645,0.562887,0.451630,0.468215,0.443332,0.454956,1.523627,0.721281,0.523414,0.460177,0.397354,0.362675
batch 720,0.790921,0.660042,0.604253,0.624330,0.725920,0.611343,0.578571,0.469547,0.466833,0.528484,0.522722,0.742223,0.713098,0.263489,0.172953,0.142553,0.273135,0.411485,0.672826,0.486843,0.447421,0.474897,0.433851,0.462615,1.438138,0.698061,0.538590,0.468685,0.433679,0.382575
batch 721,0.699182,0.625866,0.609219,0.619967,0.668000,0.587563,0.536444,0.462930,0.466345,0.519586,0.517076,0.751166,0.698126,0.228825,0.164602,0.130783,0.282214,0.411531,0.755989,0.551059,0.456884,0.485060,0.450032,0.472968,1.575895,0.750005,0.550430,0.454894,0.417619,0.368353
batch 722,0.927068,0.745700,0.636571,0.657121,0.724862,0.657135,0.652524,0.478487,0.480404,0.544486,0.528675,0.776643,0.946959,0.226247,0.177590,0.128648,0.294996,0.424440,0.780267,0.614709,0.523994,0.451235,0.362194,0.443766,1.524613,0.721582,0.485459,0.388574,0.348551,0.315658
batch 723,0.756827,0.647184,0.609522,0.648078,0.683458,0.611210,0.547702,0.458764,0.462765,0.521461,0.526863,0.773507,0.685410,0.265732,0.170153,0.143878,0.280640,0.416187,0.718229,0.524258,0.452483,0.457321,0.381429,0.457356,1.522180,0.771428,0.573013,0.465170,0.439859,0.401429
batch 724,0.805133,0.648509,0.635349,0.661171,0.750542,0.608317,0.525476,0.470878,0.465436,0.515218,0.502175,0.748904,0.764043,0.219910,0.175693,0.142441,0.307629,0.413455,0.729993,0.583028,0.494277,0.427551,0.392614,0.438221,1.380235,0.672177,0.512776,0.412551,0.397377,0.344212
batch 725,0.754466,0.633352,0.604947,0.606287,0.648801,0.597514,0.561595,0.458987,0.452784,0.523893,0.516512,0.767892,0.740153,0.263578,0.177114,0.151839,0.281834,0.418765,0.738929,0.563078,0.458554,0.425511,0.387519,0.452828,1.505607,0.772431,0.551345,0.446157,0.415096,0.388597
batch 726,0.762189,0.626640,0.605634,0.604608,0.682774,0.582275,0.563030,0.460030,0.455963,0.512065,0.512413,0.759085,0.704330,0.266318,0.170914,0.131542,0.273935,0.429508,0.642437,0.494486,0.439576,0.421803,0.386532,0.470731,1.358617,0.683770,0.515393,0.436562,0.418269,0.386999
batch 727,0.775369,0.632425,0.616780,0.648472,0.706274,0.595017,0.581142,0.463967,0.462090,0.528821,0.530271,0.784875,0.690732,0.243268,0.165985,0.150101,0.330284,0.420715,0.782518,0.559094,0.469302,0.484785,0.443063,0.463942,1.555121,0.757251,0.553574,0.461159,0.408081,0.350735
batch 728,0.909690,0.688716,0.682349,0.650337,0.704003,0.616024,0.645528,0.505110,0.489482,0.547624,0.534364,0.762261,0.880783,0.226755,0.161310,0.131386,0.277964,0.411981,0.749847,0.597710,0.471258,0.407304,0.376647,0.474600,1.527167,0.714857,0.502529,0.425382,0.402035,0.377744
batch 729,0.792939,0.630680,0.612978,0.620757,0.646822,0.583472,0.536669,0.452709,0.455036,0.519665,0.538960,0.734581,0.733676,0.244998,0.161914,0.130204,0.274309,0.398490,0.752510,0.579881,0.509517,0.423671,0.445778,0.425668,1.470133,0.734118,0.530862,0.438994,0.386140,0.327636
batch 730,0.796501,0.656358,0.599612,0.615459,0.664011,0.609350,0.564136,0.458735,0.459748,0.515734,0.534243,0.747633,0.749645,0.252907,0.166090,0.133350,0.279516,0.401467,0.797218,0.598133,0.537636,0.446442,0.380930,0.454263,1.692633,0.838163,0.569857,0.470399,0.418851,0.362573
batch 731,0.855142,0.692267,0.644506,0.649738,0.705195,0.610424,0.588575,0.481793,0.477564,0.518350,0.518464,0.776853,0.862107,0.232686,0.173153,0.133560,0.291025,0.413322,0.798131,0.619254,0.508609,0.448514,0.415839,0.447214,1.452749,0.728930,0.478210,0.436862,0.358507,0.328124
batch 732,0.768909,0.622359,0.585861,0.612337,0.700570,0.575001,0.529227,0.443908,0.457326,0.511508,0.519503,0.734187,0.706891,0.223348,0.164807,0.132587,0.260813,0.397655,0.716249,0.535820,0.495158,0.432359,0.398395,0.464112,1.570951,0.729501,0.512629,0.444639,0.441690,0.388229
batch 733,0.715462,0.616657,0.596629,0.619865,0.680604,0.603296,0.567237,0.451884,0.460209,0.532455,0.525911,0.790861,0.680794,0.234476,0.167543,0.141667,0.279817,0.419961,0.728948,0.520068,0.434359,0.479500,0.472680,0.448783,1.525649,0.747597,0.540200,0.451655,0.424650,0.371906
batch 734,0.720831,0.630024,0.607348,0.643792,0.659927,0.563712,0.545396,0.457993,0.457408,0.513969,0.522845,0.715545,0.681634,0.252622,0.168919,0.142926,0.257908,0.372216,0.755792,0.570412,0.487538,0.430471,0.384717,0.446109,1.536453,0.767172,0.553870,0.474984,0.423577,0.383531
batch 735,0.828427,0.620522,0.592719,0.583255,0.653886,0.576589,0.590207,0.478309,0.472132,0.520748,0.513526,0.749300,0.759166,0.267007,0.175943,0.130422,0.251731,0.422490,0.701631,0.515919,0.449642,0.512215,0.448760,0.448881,1.508875,0.710777,0.536223,0.437684,0.419668,0.358313
batch 736,0.746438,0.623327,0.606877,0.612733,0.683655,0.595900,0.548775,0.461130,0.480205,0.534989,0.504858,0.751899,0.680385,0.233328,0.168368,0.136658,0.270387,0.416166,0.710584,0.549184,0.475517,0.458723,0.408771,0.466355,1.417679,0.711955,0.545959,0.453110,0.420210,0.368741
batch 737,0.824327,0.641996,0.620768,0.618615,0.704622,0.599905,0.623623,0.498448,0.494908,0.562278,0.550131,0.716314,0.838352,0.252857,0.167281,0.130031,0.266047,0.383291,0.726246,0.540422,0.469787,0.410639,0.375059,0.489473,1.532058,0.708182,0.505724,0.452048,0.402605,0.350835
batch 738,0.817360,0.636744,0.624343,0.634548,0.733954,0.635785,0.589375,0.481248,0.477568,0.531129,0.514849,0.728518,0.776445,0.241876,0.171979,0.138401,0.279242,0.396269,0.696001,0.520498,0.492031,0.471568,0.378530,0.480465,1.497985,0.701491,0.506150,0.450294,0.404986,0.380975
batch 739,0.866335,0.669169,0.625541,0.592142,0.637021,0.579532,0.613196,0.477744,0.473981,0.506974,0.514695,0.741444,0.806076,0.237111,0.174549,0.147296,0.261422,0.391772,0.720650,0.636371,0.537772,0.426238,0.368671,0.427286,1.493668,0.775918,0.513999,0.418648,0.405803,0.351000
batch 740,0.870683,0.696867,0.631269,0.659432,0.712477,0.643580,0.579860,0.484400,0.488068,0.547663,0.529121,0.765808,0.847977,0.236620,0.183792,0.136500,0.278146,0.412596,0.788998,0.624086,0.515878,0.446810,0.390537,0.432124,1.550168,0.722884,0.516692,0.437454,0.360899,0.321932
batch 741,0.732021,0.610010,0.583440,0.587032,0.636394,0.563817,0.578197,0.460309,0.468442,0.527664,0.520235,0.745393,0.685136,0.249156,0.168260,0.143858,0.250629,0.401057,0.711003,0.531503,0.474056,0.485311,0.428465,0.440758,1.491754,0.734339,0.532980,0.436643,0.412698,0.371367
batch 742,0.890091,0.697179,0.652595,0.663235,0.707154,0.640763,0.601259,0.480288,0.478620,0.561724,0.532061,0.772141,0.847462,0.214284,0.183428,0.126099,0.285495,0.415103,0.772591,0.559832,0.501963,0.444319,0.397451,0.450453,1.588207,0.697597,0.501061,0.427854,0.364213,0.317524
batch 743,0.795142,0.650679,0.605246,0.601425,0.686944,0.585568,0.547555,0.460986,0.466203,0.519475,0.508125,0.733663,0.736349,0.250109,0.176012,0.142760,0.283111,0.390266,0.758825,0.552864,0.489947,0.473567,0.414974,0.481328,1.563693,0.748833,0.566139,0.491918,0.404470,0.362023
batch 744,0.883406,0.688542,0.634107,0.595744,0.608105,0.581018,0.654894,0.471628,0.468559,0.530867,0.549122,0.727114,0.893718,0.210630,0.159310,0.118301,0.256212,0.379294,0.832396,0.648664,0.526402,0.438000,0.386120,0.392794,1.515084,0.650057,0.470494,0.392554,0.348512,0.301509
batch 745,0.788836,0.664824,0.646241,0.631677,0.664639,0.589569,0.584512,0.474729,0.473140,0.528064,0.536966,0.750984,0.768069,0.234927,0.170638,0.126018,0.268666,0.406517,0.766785,0.551051,0.502049,0.443600,0.400392,0.505819,1.624419,0.723036,0.527442,0.469672,0.416024,0.355895
batch 746,0.850907,0.661111,0.579054,0.576431,0.644417,0.575140,0.603463,0.472829,0.471311,0.523025,0.536761,0.733440,0.801237,0.239406,0.157051,0.134588,0.265053,0.381845,0.760674,0.594345,0.548463,0.416013,0.386764,0.464938,1.627545,0.707566,0.547099,0.431531,0.392175,0.329978
batch 747,0.736110,0.602958,0.595761,0.601526,0.643204,0.569048,0.567669,0.453691,0.444243,0.512172,0.536030,0.759675,0.685834,0.239251,0.159485,0.137003,0.274778,0.404508,0.731902,0.532454,0.471157,0.459952,0.432490,0.483488,1.523934,0.749981,0.542160,0.447412,0.417229,0.381411
batch 748,0.798777,0.637936,0.643337,0.649045,0.748522,0.651335,0.554333,0.467709,0.472321,0.529334,0.513716,0.729979,0.721591,0.241019,0.172847,0.136902,0.302971,0.402806,0.732328,0.529094,0.487339,0.450052,0.385860,0.461051,1.422898,0.707104,0.543809,0.469037,0.405062,0.351277
batch 749,0.721278,0.626007,0.599530,0.599577,0.680080,0.599351,0.529125,0.454093,0.458968,0.509256,0.506531,0.764826,0.647157,0.273357,0.179283,0.156359,0.267810,0.417951,0.678278,0.508561,0.446947,0.447649,0.375447,0.452211,1.438061,0.728819,0.544972,0.463048,0.439082,0.384906
batch 750,0.813578,0.680895,0.630546,0.638751,0.686054,0.593495,0.591581,0.466462,0.465229,0.526381,0.527326,0.726085,0.750033,0.237813,0.165921,0.130880,0.269323,0.381157,0.760035,0.565821,0.481922,0.422628,0.420191,0.449828,1.568870,0.711325,0.549892,0.451929,0.394837,0.365651
batch 751,0.764572,0.626096,0.605316,0.617991,0.695784,0.575759,0.555559,0.465230,0.466553,0.526065,0.500164,0.730488,0.712905,0.248848,0.167344,0.130893,0.264488,0.390876,0.709756,0.519779,0.492690,0.447233,0.408985,0.463470,1.524839,0.715567,0.545282,0.463513,0.428988,0.379996
batch 752,0.781839,0.655804,0.613541,0.613216,0.671296,0.604014,0.540255,0.454441,0.459034,0.523219,0.532575,0.757900,0.820667,0.259039,0.161158,0.136559,0.278454,0.414948,0.778527,0.602197,0.550627,0.450786,0.419691,0.445461,1.573535,0.777157,0.560015,0.451031,0.399706,0.338145
batch 753,0.840670,0.652648,0.614664,0.637858,0.727514,0.617106,0.633899,0.494952,0.481219,0.554596,0.521795,0.698586,0.840602,0.259212,0.164283,0.131056,0.286890,0.372631,0.753379,0.570473,0.515638,0.439061,0.425472,0.486072,1.565193,0.696483,0.503102,0.437058,0.374846,0.347166
batch 754,0.773381,0.655605,0.613472,0.621095,0.680498,0.584326,0.566533,0.470864,0.475795,0.531600,0.519919,0.763335,0.692526,0.246351,0.172806,0.143714,0.273029,0.411199,0.715554,0.543047,0.491354,0.457858,0.386013,0.448034,1.564966,0.758189,0.557056,0.455690,0.434259,0.393661
batch 755,0.905837,0.680050,0.647814,0.654982,0.742981,0.601630,0.590541,0.472320,0.474331,0.519184,0.519888,0.757442,0.812371,0.224067,0.180149,0.131506,0.281188,0.417530,0.693679,0.539452,0.502983,0.451305,0.422953,0.476321,1.368706,0.677750,0.498639,0.449025,0.376694,0.370078
batch 756,0.717753,0.618991,0.625007,0.622926,0.676389,0.604536,0.535317,0.463225,0.461956,0.524460,0.517008,0.765696,0.677361,0.243856,0.171503,0.133096,0.276838,0.423295,0.707600,0.542626,0.465882,0.446000,0.385410,0.471560,1.492391,0.736457,0.553515,0.453547,0.420088,0.395321
batch 757,0.806240,0.665278,0.612106,0.634137,0.685685,0.613486,0.582824,0.483313,0.474149,0.532202,0.525024,0.731800,0.812759,0.252161,0.183120,0.144700,0.279640,0.395835,0.741574,0.550274,0.482314,0.439389,0.383975,0.495135,1.575561,0.712560,0.560038,0.485176,0.425297,0.381604
batch 758,0.866005,0.660919,0.631180,0.622371,0.717847,0.569771,0.599855,0.475867,0.473334,0.549295,0.523054,0.746243,0.885481,0.230074,0.159112,0.144391,0.276187,0.386384,0.780489,0.640631,0.536205,0.478047,0.395230,0.436049,1.561657,0.761466,0.523488,0.404581,0.362283,0.309680
batch 759,0.859338,0.678556,0.612206,0.612681,0.698113,0.613957,0.616226,0.461049,0.461796,0.528895,0.545876,0.738708,0.840633,0.236559,0.168078,0.136714,0.273023,0.382800,0.804103,0.660041,0.549265,0.429621,0.408811,0.433163,1.540896,0.739775,0.496753,0.409401,0.348015,0.317767
batch 760,0.841053,0.647312,0.593940,0.606089,0.671268,0.580545,0.550849,0.448214,0.447121,0.508950,0.507371,0.713395,0.752636,0.256860,0.166432,0.136824,0.271004,0.383757,0.764439,0.626543,0.551799,0.419650,0.404541,0.442710,1.593935,0.766890,0.549164,0.429689,0.399411,0.350662
batch 761,0.841712,0.638017,0.599551,0.605427,0.665411,0.562410,0.634470,0.487020,0.485388,0.551713,0.533232,0.743143,0.828786,0.263876,0.174425,0.137348,0.264283,0.394902,0.722159,0.552821,0.496895,0.441731,0.382704,0.458144,1.490163,0.732774,0.550740,0.459400,0.403472,0.365872
batch 762,0.715450,0.607075,0.578892,0.584634,0.698744,0.593641,0.523642,0.455429,0.457433,0.514501,0.508098,0.748042,0.627047,0.258513,0.177176,0.141924,0.296274,0.410629,0.699298,0.514807,0.452952,0.449866,0.404971,0.445332,1.423165,0.766784,0.554685,0.448664,0.414993,0.365319
batch 763,0.762799,0.613454,0.614183,0.625418,0.678519,0.576464,0.559661,0.453141,0.461997,0.525532,0.524974,0.724496,0.711378,0.262679,0.166572,0.132554,0.282078,0.384637,0.726214,0.543921,0.461775,0.418577,0.370203,0.487230,1.450303,0.703809,0.527812,0.469776,0.414817,0.382067
batch 764,0.779039,0.639713,0.612026,0.617453,0.688733,0.576738,0.559555,0.472755,0.469984,0.520808,0.513846,0.739644,0.742847,0.244536,0.174658,0.135774,0.275018,0.391791,0.763257,0.598661,0.506116,0.416520,0.370692,0.439807,1.519935,0.743617,0.541978,0.450769,0.403241,0.360912
batch 765,0.804981,0.654265,0.600221,0.621008,0.660250,0.572062,0.541954,0.465627,0.472623,0.531853,0.526482,0.729740,0.764163,0.219338,0.167605,0.129232,0.271478,0.382904,0.736108,0.620457,0.522020,0.463106,0.419481,0.406038,1.557585,0.779862,0.541653,0.448351,0.374601,0.327839
batch 766,0.763957,0.611997,0.591460,0.605251,0.667870,0.572669,0.561616,0.459602,0.456343,0.520992,0.513216,0.701191,0.708234,0.259352,0.167612,0.133255,0.274305,0.364638,0.738101,0.533584,0.493734,0.441086,0.379766,0.490142,1.505448,0.722801,0.541746,0.457112,0.423230,0.360831
batch 767,0.957204,0.706437,0.644490,0.630684,0.663881,0.601842,0.642313,0.497191,0.481716,0.543695,0.544854,0.790700,0.928338,0.221307,0.159461,0.126726,0.280630,0.423233,0.829061,0.620903,0.510786,0.455285,0.403594,0.451078,1.719652,0.744550,0.527111,0.432463,0.353742,0.331179
batch 768,0.791730,0.631173,0.620056,0.620413,0.721723,0.626835,0.524563,0.459369,0.459223,0.526619,0.522966,0.738438,0.757903,0.222151,0.155711,0.135286,0.280938,0.403859,0.760817,0.560042,0.485167,0.398116,0.347636,0.491497,1.358741,0.692726,0.489544,0.430371,0.378466,0.346895
batch 769,0.803965,0.658321,0.630619,0.628214,0.686102,0.558682,0.600712,0.472756,0.465984,0.523616,0.534252,0.716568,0.776965,0.240051,0.161587,0.139557,0.262785,0.391900,0.751531,0.590312,0.520503,0.446348,0.404446,0.466788,1.532033,0.738830,0.527928,0.485677,0.402330,0.358188
batch 770,0.850580,0.654699,0.631445,0.653090,0.781919,0.650803,0.581144,0.471470,0.472425,0.527419,0.513863,0.742396,0.829740,0.216090,0.163455,0.132709,0.293638,0.404629,0.755164,0.594057,0.537833,0.462805,0.439652,0.455073,1.549737,0.744270,0.522205,0.431813,0.357989,0.313644
batch 771,0.783485,0.640568,0.620147,0.618874,0.690258,0.608453,0.547997,0.463130,0.467389,0.532481,0.534422,0.737816,0.738574,0.264742,0.177100,0.143606,0.309450,0.403612,0.758529,0.565187,0.492142,0.425998,0.385823,0.461439,1.524421,0.756340,0.551329,0.461964,0.410942,0.365497
batch 772,0.738493,0.631959,0.591536,0.636240,0.721159,0.612251,0.525272,0.465248,0.457365,0.516366,0.511073,0.732414,0.680013,0.230682,0.179304,0.131592,0.271775,0.399798,0.696785,0.501852,0.444614,0.433526,0.393622,0.481997,1.378943,0.669709,0.544796,0.465557,0.412741,0.374174
batch 773,0.819595,0.645857,0.598640,0.600285,0.681379,0.591997,0.559341,0.455535,0.474285,0.530820,0.522001,0.758129,0.722447,0.237460,0.177955,0.136518,0.270633,0.412136,0.728866,0.557684,0.486620,0.422074,0.380210,0.464193,1.463113,0.687771,0.502229,0.451364,0.401986,0.359277
batch 774,0.748768,0.630425,0.610472,0.626121,0.669750,0.594365,0.564547,0.460061,0.454077,0.528532,0.527570,0.737440,0.701731,0.243723,0.176061,0.140253,0.272470,0.404320,0.721291,0.541969,0.489894,0.436723,0.391022,0.460815,1.490703,0.755348,0.552130,0.459499,0.431493,0.383447
batch 775,0.747357,0.644583,0.632181,0.651421,0.733619,0.631719,0.527786,0.470932,0.481451,0.541196,0.518787,0.786628,0.717746,0.245643,0.173498,0.143084,0.294013,0.433232,0.728941,0.578448,0.493196,0.442072,0.372976,0.468605,1.540704,0.757135,0.570288,0.470369,0.431177,0.396283
batch 776,0.748129,0.625957,0.609068,0.619149,0.701405,0.591953,0.557559,0.470526,0.465143,0.521259,0.519036,0.761238,0.681376,0.237908,0.169356,0.136639,0.273078,0.404715,0.707939,0.535875,0.463033,0.432934,0.385057,0.469987,1.533380,0.725866,0.553003,0.461519,0.419794,0.380717
batch 777,0.805008,0.651591,0.623848,0.612577,0.706609,0.610084,0.570353,0.480525,0.475353,0.528257,0.522981,0.780612,0.784667,0.255439,0.169327,0.139029,0.287925,0.434455,0.694201,0.539930,0.458871,0.454939,0.403924,0.452760,1.473040,0.710976,0.533696,0.459209,0.408366,0.368827
batch 778,0.732814,0.627927,0.613164,0.620081,0.702574,0.627130,0.533085,0.458770,0.462321,0.520941,0.511237,0.768420,0.690708,0.247346,0.161914,0.138236,0.286960,0.423309,0.704443,0.531449,0.463963,0.433989,0.363147,0.467911,1.462026,0.732682,0.541641,0.454969,0.404074,0.377434
batch 779,0.931348,0.722147,0.681157,0.671604,0.792339,0.625277,0.590522,0.494271,0.489181,0.530511,0.510893,0.762572,0.904903,0.221176,0.177156,0.125840,0.295758,0.408288,0.811260,0.574624,0.491396,0.419284,0.447962,0.459227,1.562224,0.628399,0.494464,0.392510,0.357946,0.315296
batch 780,0.801567,0.652313,0.638888,0.641852,0.696865,0.599464,0.571941,0.473010,0.472235,0.537550,0.518191,0.764882,0.741805,0.244390,0.172378,0.138528,0.280754,0.416529,0.776991,0.555354,0.492329,0.451859,0.422320,0.442108,1.575431,0.760870,0.565828,0.458651,0.430242,0.384113
batch 781,0.667309,0.606557,0.567193,0.590096,0.668039,0.588404,0.529263,0.444946,0.452546,0.511779,0.518908,0.751186,0.619224,0.271015,0.179984,0.142083,0.292045,0.401769,0.712200,0.505259,0.427701,0.458408,0.427409,0.477057,1.443436,0.732866,0.540936,0.442949,0.425403,0.383481
batch 782,0.812651,0.653281,0.621807,0.626413,0.704995,0.612528,0.575828,0.475368,0.478694,0.537045,0.515587,0.777720,0.739521,0.274296,0.172218,0.145891,0.293290,0.428594,0.719755,0.533129,0.469376,0.437209,0.389234,0.473057,1.446788,0.710992,0.538106,0.476821,0.409632,0.374196
batch 783,0.775509,0.657280,0.619432,0.622583,0.708188,0.601408,0.546445,0.469653,0.471668,0.536346,0.505510,0.759555,0.715583,0.247867,0.178638,0.142335,0.282832,0.419200,0.725978,0.544350,0.486171,0.425193,0.399978,0.482714,1.539884,0.732345,0.534320,0.476400,0.418645,0.379283
batch 784,0.746381,0.613229,0.613417,0.616063,0.709958,0.603747,0.544380,0.477167,0.477532,0.540317,0.509530,0.779511,0.674133,0.243752,0.174693,0.133696,0.277982,0.426146,0.672308,0.520136,0.470996,0.454616,0.403401,0.474258,1.445268,0.712959,0.532337,0.463227,0.424968,0.374823
batch 785,0.767810,0.653813,0.617133,0.638832,0.695907,0.602462,0.576843,0.477212,0.467244,0.544549,0.529823,0.751296,0.750383,0.261308,0.168010,0.140042,0.281266,0.405213,0.703674,0.531534,0.466463,0.440540,0.415136,0.450375,1.500788,0.754917,0.574224,0.482398,0.423775,0.388193
batch 786,0.770875,0.642629,0.596668,0.594877,0.699737,0.581734,0.570787,0.468170,0.471329,0.517101,0.522814,0.739673,0.721681,0.295658,0.192677,0.175705,0.315294,0.403043,0.677321,0.509357,0.455013,0.453488,0.411671,0.469395,1.385288,0.710069,0.562145,0.447474,0.421161,0.382504
batch 787,0.823036,0.637034,0.602546,0.602573,0.648522,0.539932,0.623503,0.493175,0.484084,0.538253,0.537383,0.700712,0.825545,0.234859,0.174254,0.147190,0.256816,0.351479,0.787607,0.588996,0.519631,0.452454,0.403986,0.442063,1.650026,0.772962,0.564659,0.452898,0.394664,0.329741
batch 788,0.729898,0.611548,0.570406,0.586268,0.634759,0.553922,0.547492,0.441750,0.459275,0.509961,0.496932,0.736683,0.708327,0.254770,0.177210,0.162182,0.279459,0.390655,0.739787,0.554344,0.509780,0.413600,0.428809,0.459624,1.447948,0.700960,0.501579,0.437609,0.383175,0.348570
batch 789,0.695669,0.599159,0.575501,0.611945,0.688060,0.598613,0.512572,0.443224,0.445995,0.513233,0.499774,0.740293,0.637023,0.242889,0.170281,0.139191,0.265361,0.401232,0.712955,0.546742,0.473541,0.466848,0.411340,0.463824,1.537240,0.720975,0.540939,0.469241,0.426914,0.382018
batch 790,0.817961,0.645606,0.622447,0.600908,0.666218,0.581075,0.586634,0.456110,0.464293,0.523219,0.503984,0.726774,0.776111,0.233259,0.165640,0.139918,0.256631,0.386664,0.781900,0.586645,0.563658,0.434442,0.407584,0.450497,1.564400,0.713271,0.535736,0.427407,0.378876,0.333362
batch 791,0.831104,0.654872,0.638250,0.649242,0.730468,0.608945,0.581018,0.474040,0.488577,0.528662,0.541017,0.793012,0.774610,0.238946,0.156795,0.130172,0.289860,0.424570,0.742512,0.556373,0.485921,0.450167,0.396357,0.464760,1.464425,0.709718,0.519315,0.453408,0.393418,0.348244
batch 792,0.786702,0.640430,0.609392,0.602754,0.658348,0.617160,0.623730,0.485891,0.480079,0.541419,0.527078,0.771601,0.806002,0.277026,0.193048,0.139418,0.308507,0.427506,0.734582,0.549290,0.482545,0.440859,0.380116,0.487363,1.508287,0.736921,0.557960,0.460650,0.422491,0.375049
batch 793,0.841696,0.686276,0.627545,0.641636,0.736403,0.622028,0.568695,0.468779,0.477464,0.527572,0.522236,0.738655,0.803131,0.214800,0.166467,0.126750,0.277009,0.394747,0.790578,0.584130,0.490037,0.444945,0.403765,0.465714,1.589892,0.737225,0.521872,0.448789,0.368034,0.348504
batch 794,0.887010,0.693318,0.656233,0.630946,0.753050,0.670666,0.605793,0.476991,0.481012,0.534213,0.538112,0.724797,0.865771,0.218059,0.181058,0.124584,0.288014,0.406498,0.752724,0.553506,0.533265,0.418734,0.419831,0.463147,1.486358,0.727027,0.521919,0.409920,0.361348,0.347958
batch 795,0.793230,0.635723,0.615679,0.604462,0.670892,0.601841,0.596027,0.469945,0.465488,0.524653,0.517654,0.759370,0.738728,0.259505,0.161493,0.126611,0.267184,0.424247,0.723779,0.533800,0.489543,0.455693,0.393643,0.486591,1.556061,0.707503,0.511061,0.466388,0.421800,0.382223
batch 796,0.816840,0.648479,0.617715,0.614824,0.644029,0.581221,0.592694,0.468098,0.463735,0.520618,0.528428,0.753689,0.738273,0.253163,0.184730,0.146827,0.273800,0.398731,0.731372,0.557565,0.493674,0.399493,0.400691,0.451545,1.404392,0.740805,0.530601,0.452028,0.413864,0.363487
batch 797,0.736018,0.617145,0.595057,0.603451,0.689111,0.577639,0.543486,0.475181,0.456497,0.515987,0.508337,0.750322,0.697188,0.254649,0.188228,0.143533,0.271576,0.397468,0.701784,0.539112,0.451229,0.423149,0.397640,0.472155,1.519956,0.730625,0.563865,0.459928,0.423429,0.410059
batch 798,0.813914,0.657028,0.616984,0.616162,0.694174,0.595927,0.578485,0.472581,0.474781,0.542162,0.516088,0.755169,0.803862,0.242812,0.192088,0.141168,0.269690,0.404848,0.766672,0.586394,0.492620,0.443424,0.393633,0.420252,1.524064,0.728230,0.524502,0.462225,0.372433,0.342073
batch 799,0.842799,0.691774,0.650711,0.627773,0.753781,0.657738,0.612844,0.480924,0.480811,0.549201,0.540076,0.783533,0.850499,0.229678,0.174991,0.140403,0.297015,0.439051,0.769573,0.615561,0.517981,0.430295,0.411929,0.480047,1.573227,0.731288,0.526197,0.411623,0.393900,0.329949
batch 800,0.849053,0.650899,0.633938,0.640691,0.734694,0.642948,0.610305,0.491898,0.486450,0.539907,0.531156,0.794313,0.824675,0.244852,0.169642,0.148815,0.285120,0.438760,0.712945,0.541197,0.472974,0.464767,0.418130,0.473531,1.472540,0.711455,0.523381,0.467076,0.405234,0.345108
batch 801,0.794762,0.644038,0.613829,0.611575,0.663079,0.575359,0.575873,0.470215,0.462443,0.526242,0.516253,0.768477,0.777121,0.239702,0.174773,0.137490,0.290132,0.420113,0.716257,0.533136,0.505270,0.430332,0.371585,0.488621,1.577439,0.726636,0.545396,0.484021,0.428274,0.367692
batch 802,0.726128,0.623572,0.591489,0.625729,0.690928,0.601228,0.538808,0.469998,0.460348,0.525637,0.526266,0.750912,0.697407,0.246511,0.183810,0.144738,0.274876,0.399292,0.750422,0.558695,0.485930,0.425012,0.402914,0.460260,1.559154,0.763047,0.543092,0.472541,0.426936,0.384620
batch 803,0.803491,0.687106,0.635653,0.681255,0.739213,0.622589,0.564504,0.480850,0.475187,0.538348,0.517331,0.770204,0.808169,0.235238,0.165668,0.143154,0.279921,0.421723,0.762842,0.529552,0.473480,0.430399,0.446503,0.474101,1.575795,0.683941,0.544004,0.470799,0.426251,0.371552
batch 804,0.761092,0.631624,0.598505,0.634114,0.710615,0.587982,0.575200,0.461837,0.466428,0.532367,0.541052,0.770175,0.706678,0.248037,0.164722,0.139582,0.287391,0.415203,0.739600,0.528289,0.468942,0.490645,0.415291,0.470820,1.573505,0.742907,0.556699,0.459807,0.419403,0.379701
batch 805,0.742498,0.646479,0.621229,0.635581,0.700238,0.586905,0.536258,0.467000,0.467577,0.525968,0.504515,0.761721,0.718602,0.251859,0.172231,0.145878,0.272404,0.413414,0.764248,0.570327,0.487783,0.424519,0.374629,0.458908,1.528777,0.759627,0.567774,0.477474,0.418326,0.382134
batch 806,0.745439,0.598484,0.593930,0.605467,0.663965,0.568939,0.594643,0.475490,0.459732,0.516070,0.515878,0.683142,0.744667,0.247612,0.172896,0.130971,0.261815,0.358170,0.728718,0.550482,0.472824,0.413610,0.379822,0.462119,1.532134,0.714575,0.542706,0.456806,0.435482,0.381200
batch 807,0.734202,0.606230,0.586079,0.592050,0.667714,0.594870,0.544764,0.456492,0.455098,0.517183,0.499220,0.747277,0.677531,0.244695,0.161943,0.134583,0.269587,0.401596,0.674660,0.511641,0.448618,0.440916,0.372510,0.472132,1.468750,0.722944,0.548824,0.453594,0.425234,0.395898
batch 808,0.777860,0.619209,0.589465,0.604667,0.669029,0.578875,0.577059,0.470806,0.476457,0.516679,0.514842,0.739316,0.737367,0.272275,0.174465,0.143208,0.266626,0.407809,0.690315,0.539455,0.466721,0.429157,0.382877,0.477974,1.500390,0.729750,0.537689,0.447712,0.444170,0.387026
batch 809,0.740852,0.602617,0.576840,0.566437,0.643764,0.554937,0.585687,0.459009,0.475786,0.520227,0.521487,0.739703,0.686966,0.253130,0.174092,0.152742,0.275442,0.383929,0.690268,0.517565,0.471564,0.478243,0.377646,0.467737,1.514522,0.750058,0.535227,0.472431,0.426689,0.373488
batch 810,0.743085,0.638623,0.591478,0.618105,0.670145,0.579640,0.545952,0.455676,0.456740,0.514651,0.513062,0.738314,0.680468,0.247304,0.176412,0.140568,0.267903,0.393953,0.719204,0.547056,0.481764,0.435697,0.400131,0.461704,1.530591,0.738980,0.549787,0.477429,0.422161,0.386181
batch 811,0.824099,0.666242,0.615942,0.640122,0.672957,0.633839,0.571680,0.466188,0.469936,0.530672,0.527750,0.727204,0.827443,0.236014,0.169777,0.128731,0.267996,0.395086,0.789658,0.595696,0.547397,0.450571,0.411218,0.472945,1.649853,0.715965,0.505848,0.408511,0.373733,0.325654
batch 812,0.766206,0.651086,0.612694,0.641301,0.691473,0.635527,0.544431,0.471016,0.466961,0.525495,0.528503,0.737458,0.777913,0.257969,0.168879,0.134291,0.283346,0.400182,0.724032,0.567713,0.476317,0.436564,0.409737,0.465269,1.412572,0.699133,0.511634,0.463810,0.386024,0.344059
batch 813,0.771162,0.624808,0.587635,0.608199,0.724326,0.590269,0.553822,0.457610,0.472732,0.512662,0.494190,0.760148,0.722537,0.259289,0.164698,0.144004,0.292452,0.425990,0.700073,0.526179,0.484631,0.482743,0.402808,0.467340,1.449924,0.717530,0.560395,0.475481,0.416991,0.372467
batch 814,0.787465,0.641369,0.603440,0.604135,0.661687,0.558444,0.603639,0.488364,0.469534,0.529408,0.554371,0.749855,0.759118,0.248567,0.163387,0.142123,0.309436,0.396797,0.709420,0.533277,0.460248,0.475609,0.433418,0.475326,1.516590,0.771850,0.549033,0.455387,0.425884,0.374582
batch 815,0.765174,0.646494,0.589480,0.611123,0.683727,0.608792,0.560015,0.471295,0.462912,0.525140,0.504802,0.689765,0.846503,0.229648,0.165047,0.128500,0.266609,0.371782,0.735205,0.557304,0.462178,0.433362,0.393776,0.488847,1.397912,0.697851,0.522813,0.445438,0.381029,0.361212
batch 816,0.791999,0.636061,0.618032,0.634481,0.676739,0.619413,0.560237,0.471266,0.473101,0.533492,0.524657,0.758159,0.747065,0.223938,0.170378,0.136486,0.277833,0.402404,0.763951,0.563382,0.495419,0.444178,0.368992,0.466761,1.628018,0.739382,0.551746,0.457260,0.417456,0.373606
batch 817,0.802181,0.630165,0.622147,0.611653,0.682829,0.573027,0.597256,0.494825,0.478315,0.539097,0.527260,0.761607,0.761450,0.248741,0.168852,0.135907,0.269904,0.401496,0.736320,0.555192,0.481668,0.454879,0.415025,0.467550,1.516286,0.751613,0.566163,0.483286,0.409395,0.370499
batch 818,0.923627,0.694044,0.628517,0.617753,0.641552,0.587430,0.616690,0.477058,0.465189,0.517021,0.536862,0.760072,0.869766,0.237660,0.182254,0.145456,0.268821,0.401813,0.846346,0.657743,0.539005,0.451654,0.389996,0.426842,1.594876,0.783736,0.493316,0.388773,0.413804,0.348805
batch 819,0.809380,0.656651,0.631064,0.640640,0.729329,0.628586,0.577889,0.480321,0.471423,0.541628,0.524128,0.751437,0.732651,0.256340,0.171382,0.142855,0.293244,0.415151,0.741203,0.520978,0.473844,0.455196,0.382180,0.474698,1.501692,0.706093,0.523260,0.470158,0.408320,0.364353
batch 820,0.859936,0.692184,0.624579,0.643989,0.683099,0.558810,0.633084,0.467588,0.472032,0.526746,0.532096,0.728853,0.852098,0.234867,0.147671,0.132270,0.270471,0.394082,0.805117,0.598005,0.522528,0.421857,0.430504,0.423198,1.534800,0.762513,0.536123,0.472147,0.382847,0.311128
batch 821,0.799023,0.655407,0.606450,0.620068,0.720777,0.573834,0.588396,0.478990,0.462652,0.533420,0.512724,0.740483,0.747475,0.271411,0.185463,0.164575,0.266812,0.399096,0.679318,0.520564,0.477792,0.445980,0.407553,0.456346,1.456580,0.711678,0.526375,0.471773,0.433435,0.396664
batch 822,0.865673,0.676988,0.648785,0.632050,0.709600,0.593199,0.580358,0.473676,0.462100,0.523976,0.536540,0.749134,0.824564,0.209681,0.171341,0.127593,0.273148,0.402649,0.775626,0.620320,0.546058,0.430113,0.409110,0.410201,1.433190,0.697034,0.464741,0.390236,0.340710,0.296711
batch 823,0.882186,0.651956,0.614939,0.609881,0.708876,0.620787,0.598938,0.469281,0.466770,0.535051,0.512857,0.771352,0.852579,0.225569,0.157249,0.132178,0.278472,0.422318,0.802638,0.600942,0.528709,0.436900,0.430772,0.445523,1.582193,0.727424,0.493688,0.450730,0.367136,0.322737
batch 824,0.801047,0.660347,0.629839,0.631546,0.688189,0.603615,0.570940,0.476937,0.468923,0.530354,0.529512,0.771989,0.748575,0.249333,0.191834,0.153599,0.273900,0.418560,0.745244,0.573100,0.488207,0.443873,0.407336,0.448133,1.478474,0.725560,0.531109,0.447546,0.401440,0.364401
batch 825,0.774825,0.636646,0.599597,0.609427,0.720291,0.626240,0.569674,0.462514,0.465299,0.519122,0.502158,0.739427,0.719444,0.272775,0.173581,0.140455,0.269668,0.415786,0.654518,0.491704,0.450596,0.440571,0.396732,0.479100,1.346482,0.688525,0.543866,0.444297,0.428282,0.386679
batch 826,0.777247,0.630381,0.596969,0.608237,0.695435,0.579532,0.572503,0.485441,0.473705,0.530370,0.523270,0.753447,0.735083,0.258583,0.174104,0.134590,0.282867,0.408687,0.666775,0.511520,0.484794,0.438462,0.370781,0.466727,1.384731,0.704856,0.539728,0.437683,0.430200,0.385161
batch 827,0.673657,0.579643,0.579726,0.600293,0.692733,0.583875,0.525827,0.460487,0.460462,0.525450,0.502909,0.746630,0.657723,0.273544,0.171734,0.137860,0.267017,0.401226,0.663391,0.511384,0.436849,0.436245,0.383457,0.472929,1.409786,0.724616,0.541554,0.451408,0.429967,0.402661
batch 828,0.783000,0.631031,0.597886,0.593400,0.662107,0.592900,0.536213,0.444651,0.449632,0.517833,0.506896,0.756153,0.728631,0.219864,0.154786,0.149452,0.296006,0.404311,0.769250,0.616887,0.519529,0.404827,0.426630,0.415970,1.474316,0.750047,0.531544,0.413369,0.390027,0.326325
batch 829,0.736629,0.632338,0.604305,0.625877,0.684998,0.591904,0.539649,0.456312,0.456999,0.524648,0.520705,0.761283,0.670045,0.243827,0.164082,0.144583,0.273626,0.409785,0.735123,0.554074,0.505421,0.443496,0.398789,0.457934,1.539567,0.756625,0.546367,0.464468,0.422737,0.398450
batch 830,0.809552,0.639212,0.607804,0.626410,0.650001,0.569717,0.615403,0.463487,0.468009,0.527525,0.518214,0.745291,0.790309,0.232644,0.167143,0.150543,0.265776,0.394987,0.810376,0.667173,0.561506,0.428046,0.409770,0.447703,1.692712,0.750398,0.531833,0.437185,0.377913,0.331480
batch 831,0.806807,0.647175,0.609038,0.598169,0.691569,0.623085,0.558447,0.459326,0.457208,0.527486,0.533228,0.744586,0.759248,0.222675,0.160657,0.128226,0.279818,0.396896,0.824242,0.611753,0.520928,0.422264,0.411234,0.425254,1.661140,0.734327,0.511842,0.431125,0.366902,0.337085
batch 832,0.792532,0.663277,0.631633,0.644733,0.662552,0.565685,0.557831,0.470387,0.471510,0.529933,0.505593,0.758568,0.777112,0.227396,0.174939,0.129426,0.258829,0.404665,0.751896,0.568692,0.491277,0.446913,0.457910,0.469434,1.472312,0.723174,0.530869,0.472799,0.403419,0.351066
batch 833,0.794200,0.647032,0.619827,0.650485,0.752277,0.620224,0.554867,0.472186,0.472803,0.521960,0.503762,0.718830,0.739703,0.237559,0.167293,0.132664,0.284134,0.380841,0.755066,0.535736,0.476997,0.449667,0.397364,0.483294,1.479796,0.747337,0.552535,0.462165,0.397727,0.362837
batch 834,0.813005,0.638778,0.618316,0.616417,0.665365,0.570012,0.610548,0.473465,0.461118,0.525236,0.522315,0.747840,0.763752,0.245422,0.166408,0.128092,0.272247,0.405472,0.756729,0.559945,0.516721,0.438566,0.372589,0.492498,1.604689,0.749945,0.552292,0.485620,0.428617,0.386729
batch 835,0.713441,0.604736,0.579791,0.628259,0.723268,0.608319,0.514743,0.470650,0.461668,0.512969,0.503545,0.737605,0.640381,0.243903,0.180768,0.147629,0.270052,0.396990,0.668287,0.521508,0.458651,0.439363,0.440803,0.466245,1.437599,0.711119,0.536192,0.449551,0.430095,0.386672
batch 836,0.773036,0.646170,0.619430,0.622082,0.682710,0.576651,0.576598,0.468326,0.452550,0.516776,0.504644,0.739274,0.748499,0.265815,0.172030,0.138501,0.263350,0.397080,0.725552,0.548887,0.483915,0.438702,0.377546,0.455122,1.537183,0.745362,0.539263,0.463771,0.440863,0.386546
batch 837,0.862953,0.713690,0.644560,0.651013,0.777591,0.613990,0.592609,0.475417,0.480604,0.548703,0.536075,0.736915,0.822986,0.221505,0.176883,0.129530,0.290784,0.397555,0.813927,0.616729,0.533192,0.456973,0.419759,0.439333,1.632329,0.723022,0.506807,0.393738,0.368908,0.319447
batch 838,0.754000,0.616527,0.589623,0.620522,0.725682,0.605494,0.573081,0.469078,0.478751,0.534862,0.500257,0.759236,0.746724,0.223436,0.169712,0.137318,0.266903,0.403873,0.680059,0.490669,0.464469,0.465468,0.371070,0.496027,1.424529,0.677104,0.499295,0.436975,0.416404,0.376992
batch 839,0.801306,0.628300,0.638479,0.617756,0.696075,0.589846,0.564714,0.459377,0.465287,0.529045,0.537954,0.711141,0.798307,0.219630,0.153334,0.126860,0.268501,0.375668,0.769539,0.593811,0.522407,0.436498,0.399962,0.444229,1.468913,0.704431,0.515573,0.400890,0.373501,0.350904
batch 840,0.795748,0.639499,0.618182,0.640005,0.732468,0.604637,0.574347,0.470780,0.472471,0.541481,0.538090,0.728530,0.762975,0.244179,0.167131,0.129825,0.275551,0.393173,0.721505,0.547783,0.483103,0.412053,0.386017,0.486652,1.423164,0.709318,0.514941,0.458854,0.397843,0.375015
batch 841,0.783171,0.628052,0.586962,0.573689,0.604555,0.590734,0.596972,0.456543,0.473288,0.527775,0.532872,0.766439,0.759313,0.234812,0.156736,0.127858,0.262367,0.420269,0.809654,0.608418,0.535645,0.466710,0.415850,0.450319,1.574390,0.776983,0.539739,0.443345,0.364565,0.303372
batch 842,0.854452,0.673741,0.638416,0.625346,0.695608,0.609292,0.587541,0.473940,0.469216,0.526764,0.518694,0.748195,0.797869,0.252396,0.167213,0.138865,0.277714,0.398331,0.779387,0.623024,0.545419,0.450327,0.423304,0.418248,1.594093,0.752614,0.543972,0.431950,0.375923,0.343970
batch 843,0.850794,0.676357,0.619829,0.625710,0.738869,0.628373,0.584198,0.484000,0.469399,0.529527,0.513223,0.771221,0.797425,0.270860,0.184428,0.156305,0.294853,0.440081,0.691819,0.550452,0.474311,0.454108,0.378704,0.484635,1.436541,0.719699,0.530499,0.460152,0.425926,0.379816
batch 844,0.840940,0.684100,0.659954,0.658761,0.727878,0.605762,0.603537,0.496694,0.488051,0.537297,0.528566,0.783231,0.827866,0.245139,0.155389,0.128723,0.282538,0.412220,0.728742,0.545806,0.498115,0.425501,0.382115,0.460347,1.415589,0.748696,0.534104,0.472569,0.411624,0.369996
batch 845,0.813085,0.631703,0.624817,0.593181,0.677485,0.616332,0.598065,0.485549,0.481652,0.522676,0.526082,0.676836,0.775326,0.231364,0.169798,0.129341,0.276364,0.358755,0.720821,0.553484,0.507802,0.400976,0.367479,0.497122,1.425804,0.623539,0.497257,0.411056,0.393093,0.357670
batch 846,0.782572,0.650043,0.620060,0.649687,0.730591,0.593840,0.550090,0.469391,0.462511,0.528924,0.523033,0.747149,0.697272,0.239826,0.189416,0.145005,0.276544,0.398244,0.739030,0.585850,0.505972,0.469743,0.418239,0.456505,1.602115,0.787438,0.559514,0.466047,0.409650,0.355524
batch 847,0.689409,0.621842,0.588750,0.620081,0.671533,0.600954,0.500490,0.454354,0.460775,0.510860,0.499243,0.754407,0.629298,0.250571,0.165485,0.138735,0.263464,0.406989,0.722600,0.515789,0.456732,0.466516,0.425688,0.484683,1.588291,0.752368,0.572456,0.459299,0.473057,0.403052
batch 848,0.752075,0.627710,0.604323,0.623893,0.732185,0.639188,0.521607,0.463156,0.460607,0.526900,0.506597,0.739697,0.685305,0.246130,0.165951,0.142407,0.273359,0.407727,0.705531,0.520006,0.479482,0.450628,0.400418,0.465730,1.461550,0.701149,0.536067,0.432334,0.417624,0.360732
batch 849,0.909427,0.706320,0.652584,0.655430,0.670305,0.632916,0.619841,0.482672,0.473196,0.528260,0.521510,0.730529,0.866820,0.240356,0.169938,0.138336,0.267118,0.389363,0.805157,0.616079,0.537549,0.405423,0.325198,0.417002,1.465275,0.706192,0.484522,0.381531,0.377835,0.321250
batch 850,0.801106,0.623978,0.617021,0.630684,0.733157,0.603600,0.569418,0.469097,0.473233,0.546356,0.524226,0.767297,0.769904,0.240865,0.167764,0.141435,0.280737,0.431737,0.713420,0.499492,0.487697,0.482920,0.403326,0.493027,1.514274,0.693856,0.557292,0.464407,0.419614,0.390302
batch 851,0.752200,0.648152,0.611136,0.627196,0.711486,0.617485,0.537277,0.465888,0.464756,0.519556,0.510203,0.763452,0.678875,0.248750,0.172976,0.140342,0.286960,0.415567,0.714478,0.516456,0.481041,0.450187,0.381719,0.476801,1.529302,0.733337,0.543153,0.450929,0.424055,0.378052
batch 852,0.717366,0.618424,0.578356,0.599562,0.693233,0.575856,0.530543,0.459626,0.474460,0.527959,0.492066,0.741340,0.670388,0.269964,0.170903,0.140715,0.259945,0.392712,0.665542,0.511967,0.446186,0.452272,0.420181,0.465483,1.464358,0.733961,0.544478,0.466274,0.438664,0.380526
batch 853,0.765635,0.639567,0.599069,0.597762,0.655521,0.577784,0.594502,0.475020,0.480413,0.519018,0.509541,0.752937,0.734374,0.275629,0.181078,0.142533,0.258227,0.403938,0.728015,0.548577,0.461764,0.474846,0.384184,0.447878,1.544059,0.733646,0.557374,0.449056,0.425242,0.383261
batch 854,0.820954,0.658815,0.624828,0.611361,0.711819,0.591170,0.592871,0.473159,0.472470,0.533161,0.512222,0.749044,0.741155,0.252686,0.161940,0.130486,0.274408,0.405719,0.720990,0.548875,0.485880,0.437950,0.379935,0.471075,1.530150,0.743514,0.538386,0.465652,0.442375,0.402561
batch 855,0.808349,0.638921,0.630980,0.614495,0.727956,0.608585,0.533267,0.462001,0.458776,0.508695,0.505225,0.767864,0.687606,0.243438,0.181077,0.145543,0.306682,0.427851,0.667979,0.528331,0.450111,0.434727,0.405105,0.471107,1.392134,0.707383,0.535745,0.452428,0.440076,0.381529
batch 856,0.832143,0.672472,0.639132,0.650868,0.731390,0.624605,0.553852,0.458272,0.469526,0.528124,0.523705,0.762612,0.789118,0.216808,0.155918,0.129956,0.290731,0.411888,0.800732,0.596649,0.513504,0.419757,0.434506,0.468044,1.620335,0.740402,0.562441,0.451021,0.399880,0.342094
batch 857,0.796732,0.629759,0.604285,0.598932,0.667242,0.573919,0.597843,0.470806,0.466585,0.525162,0.515079,0.739619,0.740294,0.253207,0.184837,0.148507,0.263680,0.387458,0.716202,0.540689,0.476667,0.427493,0.403486,0.483768,1.512065,0.731022,0.543860,0.455987,0.425355,0.375544
batch 858,0.774608,0.619439,0.590814,0.600776,0.631355,0.543437,0.602253,0.477504,0.463676,0.516806,0.526581,0.722479,0.739145,0.272104,0.183900,0.143480,0.248425,0.382179,0.733817,0.558206,0.490974,0.425615,0.389926,0.457294,1.512197,0.710789,0.549094,0.438546,0.440874,0.388554
batch 859,0.775298,0.627400,0.604767,0.610993,0.645587,0.547762,0.577697,0.467897,0.454225,0.518400,0.524937,0.718131,0.727454,0.260488,0.170317,0.140674,0.255870,0.382386,0.718557,0.568246,0.506928,0.416313,0.375772,0.454039,1.503585,0.745461,0.545645,0.452785,0.436949,0.391810
batch 860,0.712277,0.606543,0.577885,0.589353,0.662820,0.556628,0.531314,0.451710,0.454507,0.513972,0.511292,0.742356,0.643101,0.258397,0.184134,0.147850,0.259818,0.390228,0.738472,0.581659,0.515168,0.433472,0.380596,0.426060,1.504332,0.742883,0.545260,0.451136,0.414134,0.366438
batch 861,0.844534,0.673789,0.628190,0.659727,0.714722,0.653254,0.582814,0.464187,0.468713,0.515402,0.526054,0.716377,0.786724,0.237901,0.190396,0.154790,0.286135,0.391710,0.780764,0.588371,0.525534,0.442531,0.379172,0.454971,1.628523,0.739827,0.532861,0.452231,0.377124,0.342032
batch 862,0.732243,0.603371,0.585762,0.620224,0.689506,0.568650,0.551288,0.450582,0.460853,0.509545,0.514732,0.702304,0.642256,0.239575,0.164458,0.134787,0.274465,0.367868,0.707931,0.527689,0.487272,0.451492,0.395258,0.473751,1.487530,0.731517,0.530460,0.450446,0.405838,0.377863
batch 863,0.852342,0.662222,0.578153,0.602200,0.621983,0.578349,0.585698,0.453795,0.459484,0.520915,0.541319,0.743391,0.789748,0.237874,0.172132,0.136151,0.258683,0.385604,0.751022,0.600083,0.527966,0.441001,0.412687,0.410558,1.513363,0.712704,0.518519,0.420857,0.373513,0.336097
batch 864,0.769028,0.650976,0.605033,0.610481,0.679981,0.573065,0.574309,0.474866,0.463185,0.534188,0.537434,0.735212,0.756042,0.266610,0.167604,0.132920,0.270682,0.385699,0.764141,0.588306,0.506478,0.432650,0.398798,0.445100,1.580369,0.761953,0.563532,0.471589,0.433753,0.374852
batch 865,0.752277,0.620741,0.601978,0.611514,0.697301,0.621974,0.556777,0.463729,0.460613,0.524587,0.529071,0.746555,0.715643,0.269090,0.176476,0.148654,0.283867,0.406075,0.686635,0.520332,0.443280,0.424584,0.371437,0.455389,1.387123,0.702541,0.545579,0.432969,0.404848,0.370962
batch 866,0.897501,0.686480,0.668588,0.632061,0.694832,0.595426,0.574283,0.472636,0.479163,0.536485,0.528086,0.763184,0.862894,0.219081,0.154571,0.126993,0.284686,0.403576,0.808415,0.610813,0.548539,0.431785,0.391213,0.459049,1.533787,0.666687,0.487161,0.396198,0.361312,0.297812
batch 867,0.742539,0.612638,0.590599,0.590825,0.670419,0.583792,0.560978,0.470743,0.455723,0.520962,0.514950,0.753867,0.718893,0.275499,0.174227,0.132213,0.264645,0.420223,0.649168,0.507744,0.437953,0.427328,0.389186,0.474819,1.415715,0.722707,0.534169,0.457775,0.420775,0.394139
batch 868,0.858431,0.676302,0.635791,0.631730,0.737577,0.618048,0.569501,0.462520,0.462526,0.515139,0.527212,0.717825,0.766094,0.225856,0.174989,0.133173,0.281967,0.386340,0.775088,0.606812,0.528929,0.435742,0.436665,0.450602,1.512662,0.765424,0.558720,0.441369,0.399543,0.355949
batch 869,0.806485,0.655713,0.627231,0.576038,0.652898,0.594773,0.570000,0.463951,0.455279,0.514625,0.517780,0.743946,0.777038,0.219745,0.164782,0.132008,0.267032,0.393058,0.768215,0.635897,0.547229,0.441607,0.401233,0.468578,1.555058,0.717898,0.508819,0.407079,0.381553,0.337989
batch 870,0.775484,0.655295,0.581964,0.621975,0.683981,0.556074,0.577738,0.465673,0.467006,0.518463,0.515350,0.704420,0.751705,0.274729,0.177174,0.150255,0.271907,0.367945,0.771483,0.608356,0.517809,0.425169,0.381135,0.453545,1.536336,0.772529,0.533477,0.449807,0.389614,0.359679
batch 871,0.848566,0.673695,0.631300,0.652204,0.718446,0.593819,0.602305,0.495975,0.478999,0.540356,0.539373,0.751906,0.795908,0.232166,0.169295,0.133926,0.278938,0.396116,0.698699,0.517979,0.476324,0.448002,0.407246,0.500353,1.472247,0.662636,0.527501,0.433130,0.406471,0.368857
batch 872,0.750735,0.637263,0.618692,0.635122,0.706095,0.596625,0.544106,0.457278,0.459002,0.516222,0.515763,0.757595,0.676506,0.253135,0.170396,0.141405,0.293871,0.413871,0.725808,0.538846,0.467055,0.435685,0.404597,0.457443,1.412160,0.725566,0.536250,0.452724,0.413744,0.375994
batch 873,0.849142,0.685516,0.660965,0.686219,0.780755,0.663867,0.570286,0.493384,0.496196,0.544891,0.505870,0.722052,0.806199,0.241132,0.185539,0.151466,0.293371,0.402768,0.747147,0.556109,0.500916,0.449879,0.362792,0.494267,1.573265,0.667803,0.502597,0.431922,0.389401,0.353934
batch 874,0.823876,0.647452,0.619968,0.635669,0.707114,0.593632,0.563839,0.467525,0.471660,0.531228,0.518646,0.766805,0.718028,0.261595,0.168688,0.143781,0.283659,0.423465,0.675202,0.523616,0.450516,0.427078,0.395460,0.473786,1.379522,0.700367,0.523260,0.459951,0.404349,0.380521
batch 875,0.794829,0.629030,0.624938,0.608802,0.683098,0.569867,0.572682,0.475818,0.476171,0.547017,0.524364,0.743726,0.787355,0.226305,0.157893,0.116653,0.266684,0.396768,0.710936,0.549315,0.517626,0.433912,0.389221,0.503608,1.526566,0.703728,0.538315,0.458669,0.397178,0.361147
batch 876,0.779604,0.647824,0.598724,0.628673,0.667317,0.575587,0.556212,0.451916,0.460901,0.520437,0.519573,0.745718,0.787141,0.242173,0.169382,0.143545,0.267221,0.416068,0.757987,0.555263,0.501594,0.411966,0.363150,0.461510,1.575931,0.728785,0.531510,0.458635,0.421340,0.393973
batch 877,0.708055,0.610097,0.597726,0.638588,0.723896,0.627025,0.485997,0.459816,0.459846,0.523677,0.510437,0.751758,0.622066,0.241155,0.163351,0.143468,0.294893,0.407010,0.713094,0.516555,0.440998,0.410059,0.367935,0.496180,1.490970,0.710279,0.523133,0.467041,0.421044,0.380624
batch 878,0.814155,0.661968,0.629211,0.638747,0.703950,0.599466,0.564421,0.467307,0.467515,0.534400,0.518524,0.742049,0.787848,0.246347,0.168731,0.135726,0.275537,0.392422,0.701580,0.539705,0.471621,0.420198,0.373472,0.456105,1.466678,0.772223,0.555538,0.464740,0.425432,0.384602
batch 879,0.913781,0.674604,0.669844,0.627232,0.647349,0.575631,0.638074,0.471345,0.467018,0.534584,0.546436,0.726614,0.862685,0.214944,0.156633,0.125917,0.263085,0.379276,0.814947,0.656574,0.531396,0.461056,0.435128,0.412952,1.520858,0.755606,0.516963,0.386210,0.370972,0.302916
batch 880,0.777333,0.662690,0.616602,0.645275,0.697433,0.647473,0.547085,0.473465,0.483393,0.537966,0.534747,0.769759,0.743086,0.237050,0.162967,0.144308,0.287896,0.432402,0.732847,0.569420,0.479362,0.429078,0.376011,0.463946,1.524268,0.746578,0.555226,0.453443,0.391626,0.359587
batch 881,0.795195,0.643527,0.620168,0.625673,0.648805,0.558587,0.592775,0.481811,0.462196,0.524584,0.529911,0.715042,0.743626,0.262839,0.168463,0.135796,0.270592,0.377622,0.734304,0.548527,0.479499,0.445061,0.388022,0.442375,1.493215,0.728575,0.551199,0.465754,0.417459,0.381014
batch 882,0.742365,0.652348,0.622729,0.620790,0.700259,0.590414,0.536567,0.453370,0.457216,0.521365,0.520265,0.746218,0.683603,0.245888,0.158518,0.138279,0.266439,0.404814,0.730955,0.551069,0.486390,0.475097,0.384788,0.452350,1.530152,0.739033,0.538381,0.471513,0.412992,0.380328
batch 883,0.820176,0.642674,0.591067,0.604261,0.653717,0.596779,0.622672,0.478777,0.485486,0.536840,0.522072,0.712032,0.782171,0.250198,0.161564,0.133744,0.267650,0.368723,0.745511,0.566818,0.484524,0.462120,0.422043,0.468430,1.482296,0.733555,0.519857,0.444949,0.386242,0.341341
batch 884,0.742498,0.630170,0.614019,0.645754,0.703782,0.592211,0.544769,0.463329,0.466314,0.537191,0.517261,0.742284,0.704099,0.245044,0.160715,0.138210,0.267449,0.403032,0.690527,0.529785,0.483057,0.418562,0.374123,0.491408,1.468792,0.703021,0.513763,0.463041,0.403423,0.367106
batch 885,0.778964,0.667737,0.632752,0.639569,0.715082,0.617057,0.561667,0.472976,0.466644,0.528387,0.518848,0.777601,0.749931,0.283749,0.190573,0.162234,0.287586,0.424390,0.733937,0.545008,0.462755,0.428019,0.383942,0.472157,1.488759,0.752438,0.562584,0.463559,0.435554,0.395723
batch 886,0.800349,0.659030,0.629978,0.651824,0.740790,0.613557,0.582360,0.467140,0.483183,0.553336,0.530071,0.760286,0.825565,0.241061,0.162887,0.122821,0.290833,0.410319,0.722955,0.543323,0.500699,0.443222,0.389843,0.479427,1.560895,0.687335,0.518520,0.459760,0.398781,0.388410
batch 887,0.746412,0.647553,0.610347,0.590958,0.657671,0.561767,0.561109,0.466746,0.459220,0.510692,0.504892,0.711331,0.771653,0.272182,0.180371,0.144354,0.289963,0.381304,0.732349,0.574221,0.512561,0.413270,0.365946,0.462429,1.489837,0.706089,0.517978,0.423524,0.417621,0.386441
batch 888,0.818296,0.641676,0.591207,0.587742,0.658836,0.576717,0.586631,0.442301,0.442014,0.524568,0.520331,0.745357,0.780428,0.205214,0.147497,0.123513,0.265885,0.395540,0.772824,0.591828,0.525037,0.423019,0.412189,0.445004,1.602537,0.654578,0.498334,0.381106,0.370009,0.339445
batch 889,0.778423,0.659548,0.634518,0.640455,0.715230,0.626830,0.570885,0.471426,0.474173,0.548311,0.547866,0.770870,0.734620,0.239774,0.168156,0.142277,0.299954,0.413808,0.739123,0.523076,0.468938,0.485978,0.419594,0.486663,1.600296,0.742913,0.541311,0.469635,0.400492,0.363511
batch 890,0.753521,0.624649,0.608845,0.627174,0.673360,0.622900,0.568389,0.471942,0.468979,0.538780,0.520451,0.799222,0.714994,0.235065,0.183285,0.160242,0.284310,0.436139,0.741361,0.536489,0.459995,0.460027,0.446609,0.439642,1.504951,0.742773,0.555924,0.452982,0.413354,0.367104
batch 891,0.763827,0.636300,0.595824,0.616568,0.700644,0.600501,0.551903,0.463838,0.468399,0.528575,0.510614,0.789028,0.689471,0.240602,0.171000,0.138161,0.273025,0.432129,0.736835,0.532840,0.499112,0.457973,0.406912,0.445264,1.528118,0.764496,0.549713,0.452352,0.405450,0.371039
batch 892,0.720357,0.610164,0.580492,0.593635,0.669119,0.553996,0.548815,0.456189,0.452005,0.513769,0.530387,0.733522,0.658974,0.258314,0.173640,0.131409,0.284219,0.391962,0.674824,0.494040,0.424334,0.451984,0.439894,0.456983,1.449657,0.735099,0.555438,0.454595,0.436836,0.389730
batch 893,0.821361,0.681260,0.635050,0.634019,0.717840,0.610346,0.553738,0.469394,0.467146,0.537509,0.520773,0.765143,0.825141,0.230993,0.154239,0.130119,0.289471,0.426154,0.734899,0.585652,0.489602,0.424763,0.398326,0.454926,1.519544,0.757745,0.526272,0.464056,0.394938,0.352784
batch 894,0.822185,0.660391,0.610436,0.628259,0.697738,0.631747,0.579928,0.471087,0.475223,0.537717,0.535800,0.794544,0.789575,0.247283,0.165455,0.135036,0.289888,0.428557,0.762037,0.549339,0.459551,0.463266,0.412029,0.457771,1.601908,0.771963,0.567836,0.458924,0.407009,0.355215
batch 895,0.803393,0.637987,0.618128,0.627189,0.668560,0.573789,0.589721,0.465905,0.462984,0.534063,0.523130,0.748624,0.766811,0.234714,0.164005,0.141437,0.253539,0.401788,0.727968,0.554073,0.482434,0.475641,0.360535,0.471696,1.502223,0.714230,0.539707,0.449588,0.403682,0.375038
batch 896,0.751655,0.618729,0.592496,0.611719,0.692616,0.585098,0.573416,0.462008,0.459872,0.526625,0.528317,0.746766,0.694665,0.248461,0.168273,0.134338,0.271176,0.398570,0.689921,0.534030,0.456201,0.449939,0.396080,0.456012,1.424619,0.748063,0.546413,0.465692,0.422129,0.379318
batch 897,0.822956,0.656683,0.620526,0.615937,0.663446,0.623563,0.583247,0.485462,0.477031,0.533551,0.542602,0.779351,0.818318,0.216059,0.168202,0.129984,0.272036,0.423805,0.767870,0.575744,0.527081,0.431080,0.386328,0.476121,1.585092,0.759496,0.558438,0.444542,0.383078,0.349005
batch 898,0.806055,0.676729,0.651596,0.624473,0.694351,0.599769,0.573012,0.483489,0.463690,0.542783,0.546233,0.771496,0.804459,0.244729,0.169167,0.136500,0.283846,0.418256,0.738663,0.568519,0.489393,0.432404,0.367864,0.496234,1.619485,0.694500,0.545710,0.473212,0.411838,0.367799
batch 899,0.808733,0.635552,0.601200,0.602152,0.698120,0.606051,0.577088,0.469734,0.466925,0.529567,0.540983,0.752086,0.714781,0.270433,0.179412,0.133561,0.280248,0.400791,0.711399,0.538894,0.472716,0.425479,0.394236,0.476910,1.427213,0.717005,0.539232,0.462312,0.411753,0.367046
batch 900,0.757014,0.644086,0.585837,0.606384,0.677143,0.580089,0.561167,0.468960,0.463574,0.516635,0.508145,0.718019,0.677471,0.259079,0.191262,0.161909,0.260385,0.387187,0.729730,0.536940,0.488161,0.485161,0.412974,0.458864,1.489392,0.744952,0.545369,0.461315,0.449477,0.369332
batch 901,0.822033,0.632967,0.621786,0.605719,0.663157,0.542624,0.574336,0.448579,0.462786,0.516796,0.517424,0.735275,0.713479,0.261644,0.164349,0.136534,0.260638,0.392931,0.714884,0.550130,0.488312,0.456632,0.398273,0.459895,1.513877,0.732350,0.524784,0.455720,0.411457,0.381692
batch 902,0.890823,0.720241,0.631832,0.610844,0.682090,0.571442,0.633068,0.503864,0.488922,0.528187,0.530128,0.721452,0.916476,0.268236,0.160445,0.155684,0.346879,0.377000,0.734662,0.632508,0.540671,0.425049,0.416374,0.449026,1.644353,0.763939,0.541338,0.437920,0.396655,0.336564
batch 903,0.810877,0.635786,0.607342,0.587236,0.687765,0.573278,0.583127,0.461059,0.471171,0.528392,0.519196,0.741312,0.702423,0.248154,0.176136,0.134906,0.280636,0.384255,0.683594,0.523537,0.497456,0.451569,0.421184,0.478266,1.388979,0.697946,0.517253,0.434247,0.402920,0.358131
batch 904,0.778026,0.636834,0.593620,0.598772,0.714784,0.622797,0.554403,0.458927,0.466626,0.520674,0.518686,0.779193,0.712076,0.253426,0.187562,0.142606,0.286313,0.427696,0.726969,0.533065,0.439256,0.432907,0.400943,0.472663,1.405316,0.700238,0.530196,0.433682,0.408710,0.364648
batch 905,0.768486,0.619779,0.605896,0.628365,0.701216,0.601530,0.538402,0.464293,0.488498,0.520540,0.515434,0.747251,0.701971,0.250772,0.175705,0.146076,0.271269,0.406297,0.716394,0.525525,0.456815,0.430999,0.396086,0.475043,1.502245,0.713036,0.537593,0.454490,0.430342,0.375817
batch 906,0.793213,0.636977,0.598881,0.617766,0.703046,0.619061,0.569273,0.479401,0.481371,0.527069,0.518561,0.775928,0.722781,0.264798,0.174126,0.136960,0.274701,0.422261,0.681987,0.533975,0.463322,0.454346,0.393617,0.462991,1.453778,0.747142,0.561145,0.459909,0.438564,0.384242
batch 907,0.829974,0.643901,0.601244,0.616606,0.630326,0.588802,0.596309,0.470207,0.471915,0.526802,0.540593,0.768906,0.790088,0.245911,0.170572,0.139698,0.271120,0.401259,0.828541,0.621726,0.553212,0.452959,0.408325,0.425034,1.623725,0.743087,0.536715,0.401425,0.379826,0.336730
batch 908,0.890220,0.680661,0.585398,0.593225,0.631402,0.563404,0.655276,0.474796,0.463513,0.527603,0.506033,0.748201,0.812437,0.253501,0.183828,0.149693,0.257108,0.394092,0.811109,0.602438,0.546773,0.454605,0.399193,0.417444,1.488675,0.722409,0.551676,0.430508,0.391324,0.342310
batch 909,0.793431,0.623091,0.603304,0.625739,0.734602,0.594464,0.596992,0.466263,0.466984,0.534868,0.514868,0.745637,0.749661,0.237692,0.159526,0.128781,0.276496,0.406933,0.688780,0.514190,0.471133,0.444765,0.399235,0.507289,1.391661,0.667443,0.494322,0.447140,0.418426,0.369054
batch 910,0.899187,0.706408,0.652605,0.675886,0.715772,0.632719,0.645904,0.497004,0.489342,0.560939,0.544333,0.769332,0.857882,0.244218,0.173761,0.140538,0.288644,0.425427,0.773063,0.604037,0.544640,0.456525,0.397834,0.444840,1.692431,0.780650,0.582633,0.462867,0.399147,0.374128
batch 911,0.784869,0.646603,0.593529,0.598201,0.661403,0.564856,0.531272,0.446512,0.459769,0.517082,0.519293,0.748844,0.771187,0.211723,0.147908,0.123797,0.263614,0.397008,0.781589,0.621556,0.564036,0.501214,0.420528,0.438912,1.581861,0.784792,0.536443,0.439525,0.359950,0.329717
batch 912,0.820296,0.630451,0.624135,0.606652,0.704144,0.624589,0.577393,0.467301,0.460694,0.529105,0.533286,0.747971,0.772195,0.239125,0.169395,0.149247,0.276329,0.423792,0.707149,0.541422,0.463285,0.425775,0.383406,0.476284,1.450369,0.700608,0.508291,0.448597,0.390965,0.358505
batch 913,0.827005,0.634954,0.572112,0.557374,0.600560,0.543084,0.633804,0.471104,0.467410,0.526183,0.541612,0.710088,0.846331,0.288490,0.168844,0.159220,0.252132,0.372111,0.762533,0.602862,0.554509,0.455842,0.404479,0.443131,1.554911,0.731963,0.522829,0.432406,0.408634,0.321097
batch 914,0.824742,0.644522,0.618472,0.632573,0.679732,0.597442,0.584878,0.464197,0.461281,0.521670,0.517994,0.735123,0.786003,0.256136,0.169699,0.149548,0.268969,0.398481,0.750935,0.542644,0.497111,0.450476,0.391394,0.499307,1.554997,0.732749,0.547157,0.465252,0.402160,0.352173
batch 915,0.831936,0.659579,0.609827,0.603151,0.683602,0.569639,0.558416,0.457541,0.486873,0.532046,0.522719,0.749225,0.789598,0.217188,0.159731,0.128529,0.269766,0.399441,0.802454,0.577663,0.533863,0.462166,0.411303,0.439243,1.616459,0.754229,0.503951,0.457528,0.380386,0.323803
batch 916,0.817077,0.631771,0.601230,0.605602,0.644141,0.573164,0.606424,0.470662,0.462413,0.515394,0.517363,0.749714,0.720518,0.250148,0.181533,0.133278,0.265518,0.398319,0.713785,0.554581,0.454419,0.444163,0.381855,0.445088,1.433095,0.745039,0.544851,0.446741,0.422452,0.361610
batch 917,0.827927,0.686886,0.653888,0.639442,0.732014,0.624290,0.590837,0.469763,0.470754,0.532448,0.524449,0.753074,0.784312,0.231788,0.166005,0.135596,0.294079,0.406962,0.726099,0.549467,0.494313,0.429839,0.378078,0.456011,1.456838,0.724474,0.523183,0.423857,0.382534,0.342808
batch 918,0.752550,0.615640,0.604488,0.619890,0.694640,0.596639,0.566743,0.467394,0.465290,0.522906,0.527899,0.761045,0.707959,0.263266,0.170131,0.135562,0.271772,0.418484,0.715127,0.556153,0.480126,0.437400,0.376711,0.456422,1.449810,0.737901,0.543904,0.445519,0.402030,0.362733
batch 919,0.815060,0.632740,0.607670,0.619104,0.702866,0.570839,0.579941,0.481108,0.468059,0.540492,0.525949,0.712076,0.810622,0.237299,0.169869,0.124361,0.264467,0.372307,0.757534,0.590813,0.490438,0.413142,0.400239,0.472236,1.500000,0.688876,0.519330,0.462393,0.397679,0.350168
batch 920,0.738190,0.640284,0.604205,0.607308,0.703780,0.587585,0.542982,0.457239,0.456729,0.525727,0.519802,0.748252,0.673415,0.260348,0.180758,0.136259,0.276707,0.406043,0.720012,0.536826,0.458262,0.440502,0.396009,0.456660,1.526477,0.744270,0.556772,0.488431,0.431579,0.396210
batch 921,0.827130,0.679133,0.616376,0.622180,0.721975,0.576934,0.559337,0.456363,0.454061,0.512241,0.518824,0.735800,0.829797,0.222200,0.158645,0.132372,0.286961,0.394386,0.773797,0.593115,0.499612,0.406875,0.400323,0.435284,1.490147,0.706067,0.489183,0.411803,0.393792,0.335594
batch 922,0.794989,0.646428,0.614998,0.616179,0.655474,0.563905,0.592573,0.467332,0.472572,0.535065,0.550064,0.744395,0.811348,0.225233,0.157397,0.131137,0.267334,0.391617,0.798951,0.612594,0.521404,0.475036,0.425038,0.412790,1.550595,0.749080,0.493424,0.428283,0.378870,0.327866
batch 923,0.753621,0.616013,0.614477,0.610072,0.698405,0.586766,0.554237,0.458740,0.458518,0.532277,0.505428,0.732109,0.702889,0.252061,0.164262,0.137177,0.261615,0.389624,0.723951,0.524965,0.466724,0.437238,0.382210,0.470602,1.472893,0.717606,0.531419,0.455563,0.402199,0.380797
batch 924,0.791990,0.622939,0.636690,0.654835,0.768184,0.652943,0.551504,0.460182,0.462118,0.522858,0.500149,0.707548,0.708409,0.232288,0.169514,0.134945,0.295758,0.389725,0.717381,0.519324,0.475283,0.411554,0.384842,0.470913,1.407570,0.631298,0.496243,0.416722,0.407746,0.363138
batch 925,0.840376,0.699485,0.645895,0.655668,0.661713,0.635268,0.582172,0.470327,0.465514,0.523811,0.523598,0.724069,0.816857,0.223079,0.167950,0.125516,0.265208,0.395857,0.845818,0.613032,0.521728,0.424643,0.404547,0.458408,1.520103,0.652293,0.495288,0.371235,0.355534,0.321489
batch 926,0.744627,0.626723,0.600291,0.626386,0.683859,0.601726,0.543838,0.462125,0.467295,0.521975,0.511229,0.735222,0.683441,0.250756,0.167519,0.132589,0.262411,0.402293,0.712004,0.534550,0.452986,0.437866,0.400844,0.451358,1.501965,0.718690,0.510807,0.457922,0.411728,0.373075
batch 927,0.810824,0.663826,0.631472,0.617858,0.692888,0.627831,0.556404,0.464764,0.481221,0.530661,0.531293,0.702540,0.751455,0.250721,0.179921,0.147339,0.290248,0.393071,0.732598,0.574864,0.515588,0.445446,0.418075,0.468827,1.614303,0.708708,0.528566,0.420871,0.386997,0.345433
batch 928,0.795380,0.620864,0.563590,0.553130,0.662168,0.564383,0.548938,0.460715,0.447384,0.509318,0.497262,0.718704,0.778326,0.246718,0.169915,0.136412,0.343548,0.373158,0.765495,0.585476,0.516800,0.448592,0.370302,0.462074,1.608832,0.734482,0.507621,0.428680,0.403755,0.361918
batch 929,0.736190,0.649927,0.617470,0.648092,0.709726,0.636753,0.536931,0.469152,0.461987,0.531582,0.530283,0.811835,0.686654,0.259166,0.172691,0.144550,0.299770,0.448730,0.730503,0.537033,0.456537,0.473613,0.434688,0.453446,1.544954,0.771154,0.571407,0.475790,0.439723,0.394888
batch 930,0.776003,0.626373,0.618205,0.635402,0.706398,0.592292,0.551438,0.479961,0.483830,0.538880,0.536948,0.773208,0.742796,0.245982,0.171945,0.134395,0.276056,0.427989,0.708083,0.556638,0.493207,0.428113,0.365106,0.471631,1.395078,0.699221,0.528428,0.451508,0.419727,0.366583
batch 931,0.838280,0.682244,0.611079,0.642085,0.656586,0.563302,0.602257,0.477178,0.463793,0.525089,0.505227,0.725349,0.785602,0.244964,0.197122,0.159042,0.265781,0.381461,0.788461,0.586023,0.518085,0.419697,0.472448,0.444996,1.558788,0.733584,0.525488,0.441894,0.392279,0.330375
batch 932,0.919991,0.646955,0.645267,0.604041,0.679011,0.587927,0.625549,0.480312,0.501371,0.536229,0.528725,0.734103,0.927179,0.232343,0.169407,0.142067,0.255770,0.394536,0.807749,0.624040,0.541991,0.457600,0.368062,0.492399,1.657674,0.720645,0.498354,0.414108,0.395771,0.334130
batch 933,0.771891,0.618477,0.596928,0.617619,0.658547,0.561964,0.597526,0.469830,0.462202,0.528477,0.533702,0.722786,0.728726,0.252263,0.168616,0.137889,0.263608,0.375920,0.714859,0.555147,0.490506,0.423341,0.394074,0.468341,1.546318,0.730892,0.543460,0.459537,0.430300,0.382467
batch 934,0.855912,0.646463,0.610747,0.611900,0.679797,0.591532,0.619452,0.476091,0.485801,0.541883,0.540593,0.728363,0.856113,0.238803,0.150880,0.119873,0.274106,0.393916,0.818524,0.615206,0.564198,0.436198,0.403046,0.455398,1.630643,0.730105,0.538541,0.428470,0.380403,0.341923
batch 935,0.752142,0.623354,0.584981,0.601018,0.667148,0.536912,0.612961,0.477639,0.460294,0.510326,0.519272,0.705065,0.773550,0.265088,0.189246,0.143899,0.247490,0.367779,0.769487,0.582056,0.500093,0.451124,0.375898,0.452787,1.497749,0.743756,0.541412,0.449137,0.410409,0.360021
batch 936,0.834337,0.680267,0.607534,0.611524,0.697682,0.566134,0.611674,0.469599,0.471798,0.529782,0.500829,0.747726,0.813993,0.226821,0.173483,0.128948,0.266204,0.400322,0.748203,0.585618,0.519406,0.422893,0.383064,0.466421,1.623273,0.718645,0.513447,0.433656,0.394468,0.357383
batch 937,0.775676,0.643599,0.611415,0.651115,0.731055,0.595944,0.555189,0.462421,0.467470,0.527443,0.506773,0.707996,0.719475,0.251964,0.179843,0.139939,0.269728,0.387343,0.729957,0.550620,0.502054,0.431394,0.375393,0.468057,1.510937,0.692456,0.511142,0.449731,0.423321,0.355278
batch 938,0.801513,0.635582,0.607622,0.602457,0.691005,0.574173,0.573199,0.468611,0.461660,0.530124,0.511009,0.754666,0.724482,0.255907,0.178184,0.139689,0.275672,0.413561,0.696384,0.510810,0.448284,0.457195,0.437536,0.470450,1.411239,0.698258,0.549069,0.453189,0.406489,0.364511
batch 939,0.743242,0.614516,0.609525,0.626993,0.707746,0.592558,0.563315,0.456441,0.456963,0.509456,0.498327,0.712952,0.700558,0.269750,0.174342,0.136595,0.280479,0.389469,0.688039,0.514152,0.469392,0.429293,0.384585,0.487711,1.431090,0.700027,0.532840,0.463440,0.417687,0.385416
batch 940,0.727421,0.647466,0.604996,0.627695,0.708495,0.608089,0.521370,0.457212,0.472156,0.536035,0.513974,0.756091,0.674987,0.248282,0.161600,0.142298,0.287688,0.411295,0.693491,0.521236,0.460704,0.469878,0.395391,0.464124,1.486259,0.733556,0.547511,0.445512,0.433346,0.391810
batch 941,0.699584,0.607536,0.601645,0.610419,0.685847,0.601800,0.507792,0.450576,0.453700,0.533010,0.532596,0.763199,0.649991,0.230923,0.163958,0.130949,0.269497,0.414816,0.739806,0.571864,0.484772,0.428271,0.371464,0.437872,1.553050,0.762643,0.565802,0.454064,0.416679,0.382913
batch 942,0.687715,0.608216,0.576722,0.586913,0.645896,0.590440,0.552843,0.457429,0.471217,0.535757,0.515344,0.787651,0.678004,0.270708,0.177198,0.140993,0.266830,0.432533,0.710670,0.533190,0.439327,0.490750,0.445207,0.473037,1.500682,0.725784,0.532910,0.447632,0.417409,0.393498
batch 943,0.779916,0.662176,0.624950,0.633494,0.671023,0.582652,0.588051,0.461969,0.460731,0.530771,0.525878,0.749808,0.730677,0.228395,0.167374,0.132075,0.283768,0.403374,0.746315,0.551287,0.475915,0.461781,0.465321,0.474303,1.584246,0.759637,0.578769,0.490533,0.419371,0.384890
batch 944,0.738181,0.611858,0.591753,0.601914,0.678129,0.585142,0.569912,0.466003,0.473246,0.535960,0.513534,0.753095,0.738615,0.275603,0.174064,0.145189,0.266181,0.409652,0.710563,0.516220,0.441973,0.472570,0.400159,0.470715,1.554568,0.715442,0.580342,0.472185,0.436510,0.391239
batch 945,0.822045,0.656437,0.628571,0.649180,0.688349,0.610945,0.568771,0.460968,0.468620,0.541712,0.532195,0.736284,0.787567,0.216872,0.164727,0.129527,0.276132,0.391469,0.783365,0.581734,0.508142,0.446011,0.424854,0.478664,1.571214,0.747245,0.540661,0.451662,0.403287,0.370217
batch 946,0.890869,0.687326,0.657126,0.670556,0.756731,0.683982,0.601801,0.480240,0.474203,0.538814,0.529863,0.728061,0.870162,0.228199,0.172573,0.131317,0.287731,0.409622,0.785230,0.607527,0.533065,0.423815,0.427238,0.429252,1.590749,0.735629,0.519607,0.437447,0.362940,0.318935
batch 947,0.824881,0.695820,0.681625,0.657771,0.709910,0.623094,0.574121,0.482768,0.488098,0.564993,0.525133,0.776734,0.856547,0.232032,0.155467,0.129514,0.284266,0.415903,0.755929,0.564932,0.512236,0.443132,0.379151,0.458759,1.547502,0.725708,0.541461,0.467392,0.394907,0.350974
batch 948,0.863570,0.649741,0.603066,0.599636,0.681156,0.565589,0.612422,0.472355,0.469692,0.538067,0.524996,0.737550,0.778448,0.269970,0.173138,0.131961,0.271746,0.391443,0.741854,0.574930,0.518878,0.462946,0.392421,0.486721,1.510822,0.733497,0.550962,0.454592,0.407009,0.360593
batch 949,0.776475,0.625262,0.608164,0.627460,0.743537,0.628101,0.564378,0.483915,0.473212,0.529783,0.518872,0.770733,0.720144,0.242686,0.175874,0.141498,0.281446,0.422490,0.739510,0.542427,0.459726,0.443505,0.406521,0.482460,1.495213,0.726325,0.544124,0.447764,0.414541,0.370358
batch 950,0.750979,0.600147,0.595309,0.586453,0.669280,0.570210,0.555371,0.460324,0.472154,0.521706,0.510704,0.741031,0.690724,0.255632,0.178585,0.132925,0.259713,0.393621,0.657177,0.526687,0.469044,0.440227,0.366613,0.465241,1.428003,0.702308,0.527399,0.447815,0.421211,0.383711
batch 951,0.786606,0.617715,0.602760,0.604196,0.699287,0.600959,0.582662,0.475273,0.484017,0.524345,0.516191,0.758022,0.746069,0.258488,0.175757,0.150328,0.269521,0.410664,0.693395,0.522260,0.476959,0.451653,0.390583,0.489047,1.507269,0.721060,0.552716,0.468353,0.419008,0.389315
batch 952,0.736896,0.615079,0.588497,0.602199,0.700438,0.607555,0.522486,0.453447,0.457268,0.523115,0.499599,0.731633,0.718182,0.266536,0.185828,0.144185,0.277720,0.396610,0.706638,0.556321,0.478206,0.421765,0.365033,0.459023,1.495178,0.742770,0.519791,0.447214,0.404995,0.377264
batch 953,0.795536,0.613152,0.609774,0.610672,0.692692,0.602965,0.588806,0.473578,0.469564,0.538666,0.513978,0.760776,0.758663,0.267696,0.172868,0.138593,0.279680,0.428978,0.707380,0.548142,0.486328,0.431212,0.380491,0.474431,1.504942,0.695746,0.520699,0.443133,0.415962,0.375097
batch 954,0.782931,0.617603,0.613429,0.602173,0.680243,0.577589,0.537652,0.471364,0.471163,0.523630,0.502286,0.743382,0.694439,0.253188,0.170957,0.141759,0.308179,0.405146,0.658937,0.499844,0.447613,0.451603,0.414067,0.488119,1.454119,0.708491,0.546427,0.485782,0.417481,0.378237
batch 955,0.757931,0.640808,0.578713,0.604125,0.676989,0.560112,0.528206,0.458125,0.458433,0.502451,0.516269,0.697838,0.710382,0.222977,0.182798,0.146256,0.262078,0.361530,0.751068,0.600031,0.507040,0.408727,0.363141,0.453241,1.551809,0.722247,0.534845,0.430231,0.374504,0.321337
batch 956,0.774384,0.626277,0.617029,0.619864,0.672652,0.558657,0.557967,0.459154,0.482482,0.500351,0.492552,0.726125,0.685019,0.256258,0.170524,0.134991,0.262019,0.389494,0.718265,0.568661,0.517244,0.433720,0.375190,0.465284,1.503584,0.689576,0.499637,0.432800,0.415428,0.375209
batch 957,0.773974,0.626343,0.611190,0.608907,0.693050,0.581290,0.558565,0.462817,0.464272,0.519925,0.520208,0.752835,0.713987,0.259484,0.159298,0.133399,0.271183,0.410323,0.697144,0.535048,0.457836,0.427048,0.365918,0.465848,1.424277,0.711111,0.537730,0.440368,0.420225,0.390067
batch 958,0.750354,0.630236,0.617667,0.619614,0.706435,0.601845,0.522758,0.457309,0.454507,0.519558,0.521601,0.743799,0.682214,0.266295,0.177419,0.147636,0.270547,0.409606,0.697757,0.518884,0.457949,0.427317,0.390855,0.462130,1.496406,0.721078,0.546601,0.477138,0.438369,0.395545
batch 959,0.774763,0.637948,0.611645,0.617138,0.741578,0.609916,0.558687,0.471357,0.466322,0.536829,0.520570,0.764843,0.778297,0.232230,0.171764,0.149682,0.286289,0.421508,0.752964,0.559327,0.482245,0.432786,0.402814,0.466065,1.588512,0.724064,0.549742,0.480085,0.394382,0.378840
batch 960,0.787469,0.650539,0.621710,0.625750,0.704255,0.591554,0.568488,0.469734,0.468160,0.534360,0.524552,0.747693,0.741546,0.240921,0.168659,0.130847,0.275913,0.400032,0.723931,0.550156,0.498584,0.413593,0.383229,0.472034,1.531461,0.736968,0.530515,0.465046,0.425119,0.379396
batch 961,0.787673,0.635547,0.619305,0.633307,0.739595,0.616377,0.549406,0.474370,0.473167,0.524280,0.504716,0.765847,0.715423,0.246160,0.179346,0.143324,0.280573,0.424392,0.697383,0.548364,0.490243,0.440368,0.396188,0.485034,1.446131,0.733930,0.541508,0.462096,0.423673,0.389283
batch 962,0.820871,0.643261,0.612917,0.595035,0.685929,0.602392,0.617999,0.474797,0.469760,0.526259,0.549295,0.741809,0.807289,0.250243,0.161664,0.133307,0.279903,0.399277,0.729618,0.578103,0.522686,0.439938,0.405718,0.464646,1.484180,0.724236,0.531998,0.460541,0.387149,0.333519
batch 963,0.802810,0.650099,0.612562,0.618060,0.709677,0.632378,0.594007,0.481498,0.476332,0.538117,0.522647,0.768560,0.730872,0.252839,0.175519,0.137024,0.286838,0.421333,0.775203,0.550621,0.491114,0.457697,0.422001,0.455995,1.700902,0.771630,0.547830,0.468073,0.424111,0.368045
batch 964,0.745002,0.648109,0.625906,0.643658,0.693014,0.593873,0.573138,0.466655,0.464353,0.530417,0.540408,0.782860,0.708720,0.245454,0.171260,0.146595,0.292127,0.412256,0.770335,0.543142,0.478513,0.484362,0.468200,0.448249,1.516212,0.758413,0.553398,0.455618,0.425769,0.375398
batch 965,0.735357,0.594531,0.555456,0.588341,0.720811,0.571609,0.554237,0.458399,0.479468,0.514545,0.491497,0.752469,0.659394,0.244395,0.181004,0.151114,0.278067,0.399683,0.709396,0.529119,0.481698,0.473463,0.438490,0.453988,1.618515,0.753994,0.557150,0.480690,0.439844,0.372367
batch 966,0.726683,0.625831,0.607018,0.615123,0.644002,0.569887,0.540462,0.452563,0.453781,0.513682,0.517579,0.787425,0.675071,0.240054,0.171730,0.138200,0.278773,0.420356,0.759850,0.538156,0.457825,0.475012,0.449671,0.472404,1.504832,0.722492,0.545317,0.477282,0.403073,0.360835
batch 967,0.779838,0.601796,0.558530,0.574694,0.654141,0.530223,0.515081,0.429635,0.457712,0.498138,0.497347,0.732869,0.639055,0.238735,0.165883,0.146188,0.273017,0.379963,0.680155,0.531885,0.499756,0.451068,0.446934,0.430150,1.460817,0.747875,0.529632,0.457511,0.416735,0.370954
batch 968,0.884239,0.716726,0.630530,0.645757,0.719594,0.620573,0.608140,0.477470,0.491703,0.538338,0.509287,0.742775,0.915968,0.219798,0.140441,0.121499,0.278181,0.416984,0.763855,0.589318,0.529508,0.431075,0.390710,0.474064,1.421128,0.687853,0.481480,0.415892,0.363400,0.317651
batch 969,0.854871,0.670539,0.653563,0.660926,0.753299,0.615824,0.588497,0.476253,0.477619,0.521402,0.518780,0.758846,0.774691,0.227097,0.161696,0.134650,0.278108,0.410077,0.716271,0.552558,0.467326,0.462819,0.444793,0.466297,1.501735,0.709888,0.540310,0.462567,0.387267,0.347781
batch 970,0.792050,0.647868,0.628628,0.624263,0.683133,0.603545,0.569341,0.488633,0.470263,0.523115,0.533863,0.744489,0.760522,0.240354,0.170106,0.145432,0.275961,0.403699,0.743104,0.581557,0.492213,0.408282,0.395851,0.440923,1.491739,0.701246,0.503047,0.428987,0.404642,0.349024
batch 971,0.865560,0.647654,0.634512,0.636066,0.703717,0.616988,0.595458,0.478516,0.474285,0.539596,0.521418,0.753851,0.809725,0.230257,0.165995,0.137261,0.272777,0.409697,0.721834,0.555860,0.485270,0.418613,0.395962,0.479930,1.502730,0.678282,0.511163,0.460295,0.403793,0.365770
batch 972,0.827481,0.673542,0.621026,0.604191,0.684456,0.586961,0.608073,0.471502,0.469159,0.539306,0.559374,0.719562,0.823256,0.237573,0.180998,0.134808,0.269682,0.381142,0.739097,0.606187,0.498811,0.409684,0.339409,0.441578,1.472116,0.691455,0.496515,0.410892,0.369024,0.341902
batch 973,0.775905,0.651583,0.611743,0.602771,0.723947,0.597590,0.561267,0.462305,0.468834,0.523332,0.499617,0.754984,0.687657,0.234004,0.178726,0.153953,0.272751,0.400502,0.785172,0.541448,0.492057,0.484341,0.453719,0.460193,1.626530,0.730789,0.548706,0.458376,0.414805,0.367731
batch 974,0.768112,0.644174,0.581582,0.608958,0.682541,0.560199,0.561655,0.463878,0.464230,0.523917,0.523133,0.729523,0.746863,0.255593,0.183869,0.149138,0.267561,0.393072,0.785752,0.583808,0.488279,0.432624,0.411970,0.448810,1.633464,0.764306,0.558759,0.468052,0.392369,0.369417
batch 975,0.829873,0.645847,0.648004,0.640617,0.716772,0.618802,0.618720,0.474609,0.481872,0.567504,0.564972,0.746895,0.825952,0.219611,0.153291,0.119833,0.280388,0.403158,0.739124,0.536931,0.510556,0.430814,0.377079,0.475439,1.542007,0.659257,0.519618,0.448353,0.374682,0.354213
batch 976,0.771419,0.627495,0.579983,0.571575,0.673319,0.638728,0.552342,0.449565,0.479264,0.523872,0.502692,0.726532,0.771626,0.240091,0.155279,0.120016,0.268244,0.405952,0.744343,0.564935,0.503358,0.460937,0.364503,0.470869,1.591903,0.662200,0.516102,0.417919,0.384156,0.354367
batch 977,0.823628,0.661389,0.579741,0.596951,0.666143,0.582458,0.559963,0.453493,0.471561,0.518349,0.526282,0.713599,0.827788,0.247452,0.159612,0.135297,0.276697,0.372642,0.730636,0.575357,0.516047,0.426388,0.396052,0.452602,1.343059,0.656711,0.488910,0.407457,0.374728,0.312448
batch 978,0.752559,0.593876,0.585013,0.582085,0.651562,0.545960,0.582917,0.456436,0.454233,0.521825,0.517238,0.722502,0.730563,0.263982,0.184828,0.136597,0.259054,0.376263,0.741391,0.571075,0.489621,0.446393,0.451434,0.457278,1.484927,0.723097,0.536505,0.471766,0.403123,0.348197
batch 979,0.773231,0.614809,0.581570,0.575903,0.596768,0.546430,0.594629,0.464265,0.466016,0.502792,0.522791,0.744106,0.750569,0.262640,0.177009,0.161506,0.270707,0.396028,0.805216,0.594148,0.555001,0.449321,0.401695,0.437288,1.489255,0.748070,0.527563,0.436869,0.369759,0.338194
batch 980,0.817669,0.671401,0.653272,0.626501,0.694491,0.618274,0.558129,0.476280,0.475462,0.536331,0.534822,0.791071,0.808025,0.217225,0.163608,0.146432,0.283960,0.426106,0.805929,0.592779,0.509707,0.398658,0.393578,0.450750,1.447931,0.658825,0.481556,0.379342,0.365667,0.312593
batch 981,0.842322,0.649578,0.612416,0.608748,0.696521,0.595942,0.563177,0.455403,0.454989,0.509135,0.504476,0.724187,0.725333,0.244397,0.168582,0.135427,0.398786,0.397055,0.666779,0.527446,0.494415,0.447876,0.383250,0.484225,1.424022,0.700365,0.520992,0.463365,0.406893,0.372840
batch 982,0.787660,0.640851,0.618078,0.642834,0.703036,0.605773,0.555372,0.470958,0.483232,0.528050,0.513860,0.746267,0.719393,0.250648,0.171499,0.139002,0.277379,0.409667,0.704224,0.533404,0.491878,0.436138,0.381500,0.493185,1.461171,0.696480,0.546253,0.446497,0.426016,0.368711
batch 983,0.749438,0.633893,0.616089,0.635177,0.689180,0.639070,0.567596,0.478466,0.473062,0.536954,0.519534,0.778572,0.700567,0.250736,0.194210,0.151866,0.289189,0.433309,0.743650,0.551488,0.450272,0.444243,0.430714,0.455205,1.406660,0.717612,0.548558,0.450648,0.412412,0.373249
batch 984,0.898675,0.678570,0.658567,0.637711,0.755254,0.631758,0.619725,0.491518,0.483559,0.560312,0.551504,0.770355,0.923155,0.231818,0.165462,0.136803,0.300100,0.428488,0.715130,0.526646,0.461568,0.434368,0.375665,0.481480,1.349172,0.627986,0.485711,0.445918,0.379572,0.334983
batch 985,0.752256,0.640245,0.616848,0.617352,0.674880,0.593484,0.544480,0.461659,0.470232,0.522295,0.521605,0.752536,0.723722,0.255841,0.169686,0.137981,0.277385,0.407223,0.718232,0.560776,0.463873,0.431417,0.407000,0.451718,1.526889,0.767091,0.563527,0.480522,0.411786,0.384658
batch 986,0.788575,0.647675,0.597823,0.624606,0.711908,0.605220,0.563482,0.471167,0.475776,0.532749,0.528091,0.791532,0.732225,0.262126,0.182062,0.154895,0.286001,0.426290,0.735719,0.559574,0.505551,0.488173,0.404281,0.459254,1.557793,0.784581,0.581842,0.467581,0.414298,0.363418
batch 987,0.763144,0.638939,0.624920,0.629230,0.736419,0.588501,0.533240,0.468713,0.469151,0.535833,0.511710,0.761382,0.676637,0.244007,0.170737,0.139700,0.279107,0.419513,0.686968,0.546325,0.461769,0.427209,0.369558,0.477925,1.509182,0.710023,0.523341,0.469167,0.416778,0.396044
batch 988,0.791524,0.622004,0.614943,0.594862,0.681854,0.604188,0.576309,0.474437,0.463881,0.518307,0.525117,0.745675,0.721775,0.282840,0.175909,0.134458,0.265948,0.409709,0.670156,0.496411,0.460958,0.434955,0.400380,0.483172,1.364319,0.686360,0.515471,0.442239,0.409855,0.370869
batch 989,0.854089,0.703760,0.642955,0.637766,0.673936,0.590407,0.584400,0.481907,0.464334,0.529010,0.537064,0.735139,0.825854,0.244286,0.168870,0.132300,0.271910,0.386831,0.774522,0.607150,0.518222,0.446281,0.409727,0.449115,1.554942,0.780593,0.546455,0.475163,0.401233,0.365396
batch 990,0.733940,0.593985,0.569275,0.596778,0.702935,0.605272,0.536774,0.455754,0.464638,0.498486,0.489094,0.728367,0.653583,0.272159,0.188663,0.149552,0.267463,0.405667,0.675902,0.509253,0.471665,0.440815,0.395365,0.471176,1.469609,0.710942,0.552585,0.457830,0.425017,0.393499
batch 991,0.764843,0.642484,0.609718,0.610291,0.654485,0.581230,0.581216,0.463774,0.467662,0.531644,0.505854,0.751591,0.729217,0.266391,0.174779,0.139081,0.327722,0.418551,0.721811,0.554713,0.449535,0.433694,0.397762,0.465050,1.570996,0.753255,0.546488,0.474384,0.415533,0.383580
batch 992,0.773708,0.629230,0.605149,0.608525,0.717272,0.653657,0.563966,0.470349,0.473058,0.533106,0.519137,0.777796,0.722762,0.263204,0.177611,0.137932,0.291506,0.427781,0.723459,0.520800,0.452514,0.467358,0.409071,0.476219,1.503987,0.723091,0.545824,0.459139,0.409725,0.361498
batch 993,0.855643,0.657785,0.604478,0.618401,0.665597,0.626823,0.588220,0.479434,0.475683,0.519903,0.522688,0.757835,0.773247,0.273543,0.179664,0.138260,0.278987,0.412778,0.755670,0.566246,0.504365,0.445372,0.376134,0.418072,1.514239,0.750272,0.537585,0.460932,0.397225,0.368808
batch 994,0.810650,0.659360,0.632836,0.635350,0.720547,0.622843,0.577636,0.474458,0.471894,0.538687,0.513865,0.744161,0.811763,0.222829,0.166481,0.133999,0.278143,0.405193,0.788340,0.610578,0.550855,0.405312,0.432185,0.453669,1.605819,0.743342,0.530795,0.433215,0.380780,0.337528
batch 995,0.738764,0.616595,0.600378,0.620989,0.717767,0.577804,0.543805,0.459386,0.456241,0.531872,0.517113,0.750496,0.706608,0.241103,0.162933,0.135104,0.278515,0.415408,0.669232,0.507433,0.451780,0.419263,0.380370,0.450197,1.378921,0.680135,0.537427,0.449953,0.414750,0.377762
batch 996,0.766057,0.651824,0.623660,0.643167,0.696586,0.615018,0.536996,0.462032,0.461022,0.515637,0.518986,0.771477,0.704725,0.256844,0.174781,0.149828,0.279997,0.410994,0.751196,0.566214,0.481925,0.445141,0.397283,0.449990,1.540872,0.785495,0.548300,0.469979,0.412716,0.386652
batch 997,0.894805,0.728230,0.654692,0.637106,0.683711,0.624047,0.613817,0.496507,0.485160,0.531176,0.520586,0.746996,0.836579,0.233133,0.161650,0.125427,0.276595,0.390964,0.786351,0.571541,0.513193,0.443423,0.413037,0.479792,1.584406,0.713490,0.530393,0.428055,0.402478,0.339394
batch 998,0.796138,0.633278,0.612284,0.603261,0.714285,0.627577,0.602927,0.467983,0.482806,0.536701,0.523739,0.746738,0.790580,0.235900,0.151976,0.125210,0.281133,0.420862,0.734214,0.537223,0.495660,0.461866,0.417954,0.485445,1.506388,0.724037,0.539361,0.468900,0.402683,0.338199
batch 999,0.822281,0.650299,0.621793,0.608343,0.680538,0.597000,0.609428,0.474517,0.476315,0.526083,0.526063,0.779239,0.748005,0.243750,0.178624,0.136537,0.280359,0.419041,0.793472,0.571242,0.501501,0.427699,0.428070,0.468794,1.520775,0.734899,0.541463,0.441218,0.398692,0.349776
batch 1000,0.749487,0.621195,0.606804,0.619010,0.681949,0.599158,0.548882,0.473355,0.479355,0.542514,0.535132,0.746333,0.704464,0.234752,0.171788,0.145213,0.277545,0.406902,0.744258,0.588850,0.502598,0.433561,0.365656,0.466383,1.577588,0.753774,0.527579,0.445697,0.413264,0.375036
batch 1001,0.697300,0.596160,0.556799,0.574961,0.661023,0.579565,0.542639,0.453300,0.470801,0.526153,0.521363,0.750606,0.666955,0.287520,0.187546,0.147959,0.263641,0.401528,0.680954,0.511919,0.445690,0.456782,0.396779,0.441153,1.424368,0.737071,0.552874,0.438148,0.406765,0.366628
batch 1002,0.819698,0.626169,0.649664,0.643149,0.726173,0.602814,0.572974,0.478784,0.489527,0.527827,0.517161,0.733372,0.809789,0.234394,0.171271,0.147456,0.272018,0.378735,0.754177,0.553054,0.511494,0.412529,0.384116,0.485153,1.639827,0.696272,0.524886,0.470169,0.413057,0.379605
batch 1003,0.752863,0.622217,0.590927,0.603368,0.702691,0.567638,0.548312,0.450685,0.456338,0.514127,0.507505,0.735200,0.671575,0.236397,0.157849,0.141505,0.269012,0.385516,0.715780,0.540846,0.491004,0.451959,0.392096,0.468941,1.498340,0.707066,0.539060,0.460945,0.400114,0.370577
batch 1004,0.751169,0.626808,0.593045,0.621641,0.721306,0.598797,0.565240,0.459562,0.464076,0.515692,0.513174,0.718674,0.712884,0.253300,0.180743,0.139851,0.279434,0.396516,0.707560,0.534811,0.480109,0.448933,0.379878,0.489184,1.480689,0.726691,0.546264,0.461317,0.411160,0.396508
batch 1005,0.770788,0.634853,0.620506,0.618748,0.665061,0.609884,0.562653,0.462179,0.465913,0.528589,0.522660,0.742316,0.707605,0.251308,0.179819,0.140141,0.275619,0.408140,0.728232,0.579197,0.484352,0.459166,0.405969,0.461021,1.586686,0.751181,0.556863,0.483909,0.421760,0.369203
batch 1006,0.719691,0.633972,0.621146,0.644764,0.703657,0.591565,0.525051,0.458192,0.456500,0.526684,0.513694,0.791333,0.654235,0.239385,0.175348,0.136988,0.288983,0.425936,0.681756,0.521078,0.452721,0.457333,0.413840,0.461911,1.480419,0.742029,0.534381,0.468024,0.428302,0.393189
batch 1007,0.766994,0.616461,0.588798,0.583243,0.645362,0.556912,0.569336,0.457032,0.454483,0.514471,0.514241,0.730620,0.684070,0.247613,0.179423,0.138338,0.255800,0.383793,0.697936,0.542753,0.481226,0.447292,0.414816,0.461517,1.468850,0.746610,0.553247,0.475806,0.412123,0.376785
batch 1008,0.763271,0.648364,0.595797,0.603353,0.665444,0.617756,0.536162,0.459404,0.458955,0.523522,0.509274,0.744130,0.757323,0.254672,0.182719,0.149257,0.277184,0.409204,0.749999,0.551311,0.479099,0.446086,0.405323,0.457067,1.545757,0.735968,0.558376,0.469453,0.420313,0.379506
batch 1009,0.764095,0.639300,0.607004,0.615809,0.670922,0.590051,0.554186,0.459776,0.450159,0.534316,0.533812,0.745460,0.735060,0.236528,0.160383,0.125766,0.270411,0.406756,0.724110,0.537214,0.481146,0.441655,0.410160,0.460302,1.431978,0.723026,0.530270,0.441537,0.400908,0.346977
batch 1010,0.735440,0.644529,0.623788,0.661043,0.709035,0.609666,0.550050,0.471576,0.475937,0.534487,0.509524,0.752780,0.689232,0.249101,0.169145,0.143340,0.275583,0.428525,0.706963,0.527011,0.478693,0.421402,0.410789,0.470970,1.426685,0.694599,0.537299,0.450685,0.413643,0.386317
batch 1011,0.834043,0.654276,0.632144,0.596509,0.693942,0.611918,0.588704,0.478732,0.468941,0.541548,0.557785,0.783286,0.797246,0.226549,0.160757,0.133620,0.277291,0.427434,0.724202,0.578388,0.499719,0.413010,0.364005,0.413465,1.327893,0.644311,0.500409,0.393171,0.374426,0.307113
batch 1012,0.741414,0.637842,0.621394,0.648245,0.707692,0.606747,0.537663,0.465744,0.460640,0.533958,0.528930,0.806737,0.664745,0.224210,0.160234,0.135215,0.284422,0.428741,0.737792,0.558975,0.451355,0.441035,0.408408,0.459711,1.501831,0.738530,0.531188,0.448430,0.418479,0.383360
batch 1013,0.919607,0.692570,0.644669,0.670411,0.747897,0.645622,0.636570,0.498120,0.500040,0.558734,0.548178,0.752801,0.882012,0.240311,0.180292,0.136173,0.313803,0.406771,0.777621,0.556870,0.526154,0.431651,0.391259,0.507888,1.671947,0.703764,0.547972,0.440277,0.406337,0.379800
batch 1014,0.764802,0.646457,0.600095,0.611917,0.718989,0.582049,0.561034,0.465380,0.469087,0.525114,0.524398,0.756466,0.717039,0.262696,0.166105,0.136928,0.279825,0.402024,0.683043,0.532176,0.468440,0.460439,0.386885,0.459576,1.419131,0.704285,0.534495,0.487321,0.408840,0.351314
batch 1015,0.888154,0.730102,0.695268,0.645332,0.729738,0.661499,0.605825,0.502430,0.493473,0.558046,0.545711,0.771853,0.883264,0.232654,0.166583,0.129688,0.295908,0.421746,0.866514,0.625048,0.493817,0.440018,0.348385,0.459193,1.473068,0.698823,0.502285,0.404617,0.370926,0.350640
batch 1016,0.729472,0.658384,0.624001,0.660145,0.717024,0.616458,0.525394,0.468990,0.479479,0.531168,0.501237,0.765767,0.673236,0.247877,0.173307,0.139853,0.279852,0.426112,0.732480,0.526514,0.478631,0.460306,0.423570,0.459851,1.492968,0.737798,0.554180,0.496866,0.423428,0.375274
batch 1017,0.852664,0.661220,0.616364,0.616945,0.686309,0.583018,0.606315,0.455578,0.459591,0.538843,0.543242,0.748412,0.849864,0.214146,0.152913,0.128905,0.280586,0.415448,0.736791,0.630972,0.546707,0.442926,0.456681,0.417730,1.530610,0.765525,0.533652,0.430867,0.398636,0.324380
batch 1018,0.750310,0.634403,0.592914,0.612478,0.672468,0.570140,0.560009,0.454480,0.460613,0.507386,0.505167,0.731376,0.693078,0.267976,0.173635,0.138875,0.259485,0.384565,0.750126,0.576804,0.506069,0.410926,0.389588,0.446973,1.510625,0.741791,0.531887,0.433400,0.429937,0.379443
batch 1019,0.754860,0.635220,0.637994,0.647882,0.769988,0.643883,0.524016,0.474846,0.481589,0.532121,0.516159,0.721023,0.713162,0.222864,0.166382,0.145074,0.294488,0.403162,0.713876,0.537941,0.481424,0.417303,0.395908,0.510929,1.473494,0.675719,0.520570,0.467846,0.406781,0.348572
batch 1020,0.825039,0.653510,0.595977,0.619904,0.679711,0.584796,0.565391,0.459758,0.471219,0.532371,0.518939,0.748106,0.780943,0.216009,0.158885,0.133312,0.265142,0.389350,0.828944,0.638131,0.555313,0.465244,0.428357,0.458068,1.581092,0.710813,0.477732,0.437424,0.360719,0.332371
batch 1021,0.721416,0.639638,0.597900,0.620495,0.663444,0.600865,0.565760,0.460772,0.459010,0.529761,0.520532,0.796768,0.658755,0.244594,0.167519,0.144374,0.279311,0.433091,0.715746,0.526658,0.444603,0.486607,0.471630,0.456771,1.497438,0.734965,0.549850,0.430125,0.410293,0.369099
batch 1022,0.823042,0.630925,0.622023,0.635557,0.732083,0.609982,0.603527,0.494439,0.495727,0.535555,0.533825,0.779985,0.811099,0.234381,0.173539,0.150800,0.283708,0.418967,0.664294,0.516805,0.485156,0.445346,0.395539,0.498042,1.347341,0.677728,0.523749,0.462247,0.425908,0.380514
batch 1023,0.737664,0.631245,0.593041,0.600462,0.666366,0.600531,0.554734,0.457062,0.460389,0.531548,0.520255,0.738791,0.700204,0.248926,0.157146,0.142584,0.272024,0.401559,0.704366,0.550919,0.512263,0.434897,0.421281,0.457795,1.475836,0.701068,0.536925,0.443225,0.416635,0.346866
batch 1024,0.820125,0.669549,0.662176,0.633735,0.701863,0.599676,0.598344,0.481160,0.488468,0.544092,0.559313,0.744701,0.806210,0.228114,0.166686,0.129925,0.277029,0.387855,0.814489,0.594060,0.521538,0.455146,0.456968,0.472612,1.579038,0.752384,0.507760,0.452162,0.376230,0.332088
batch 1025,0.843077,0.657595,0.645698,0.657159,0.757019,0.647968,0.571357,0.491984,0.500515,0.539669,0.509395,0.725657,0.826412,0.228884,0.161583,0.136244,0.297083,0.397985,0.660663,0.505519,0.501009,0.438986,0.374016,0.526040,1.470249,0.680058,0.514893,0.447402,0.402803,0.361495
batch 1026,0.836136,0.679998,0.614384,0.614146,0.665439,0.600387,0.589256,0.468319,0.480005,0.547257,0.548775,0.752739,0.848574,0.230455,0.156488,0.126353,0.272935,0.399083,0.800428,0.656506,0.542692,0.439996,0.400619,0.408873,1.606942,0.755799,0.547785,0.427013,0.377785,0.324561
batch 1027,0.829561,0.679873,0.614401,0.622411,0.671072,0.592637,0.627154,0.486094,0.473797,0.529835,0.524095,0.741181,0.837050,0.234041,0.169683,0.135796,0.270686,0.392382,0.748278,0.576126,0.527012,0.438814,0.400406,0.449882,1.618386,0.655932,0.481739,0.406336,0.417721,0.339070
batch 1028,0.940921,0.690559,0.654181,0.646733,0.668272,0.608014,0.638247,0.470987,0.477849,0.530254,0.537141,0.754013,0.861019,0.232687,0.159671,0.121222,0.284787,0.414375,0.796006,0.632257,0.526193,0.478155,0.448818,0.430336,1.589140,0.776269,0.528004,0.427619,0.373550,0.326542
batch 1029,0.727672,0.626379,0.611326,0.634251,0.712128,0.566308,0.540750,0.457798,0.459670,0.519243,0.511565,0.755116,0.648270,0.229219,0.170432,0.139743,0.279681,0.398557,0.718688,0.558377,0.482973,0.441750,0.406909,0.461740,1.445213,0.760037,0.552373,0.469979,0.420817,0.380135
batch 1030,0.862565,0.660443,0.621431,0.615912,0.728856,0.668085,0.604131,0.475801,0.465436,0.539283,0.537915,0.737324,0.818345,0.225065,0.169291,0.127183,0.285026,0.427929,0.750555,0.570458,0.487546,0.455268,0.379554,0.474469,1.567500,0.687360,0.543315,0.421128,0.389244,0.358046
batch 1031,0.786137,0.645010,0.623795,0.650205,0.688973,0.612781,0.567603,0.464814,0.465373,0.537746,0.517964,0.747413,0.800518,0.242410,0.176259,0.144274,0.274282,0.397765,0.751555,0.575371,0.464287,0.429907,0.377179,0.479845,1.613161,0.736805,0.557600,0.459894,0.394487,0.365850
batch 1032,0.744197,0.625224,0.583001,0.622003,0.706536,0.622235,0.537275,0.461109,0.457629,0.514617,0.511903,0.746924,0.680122,0.274636,0.180736,0.139650,0.292144,0.414575,0.716031,0.507066,0.463590,0.436772,0.390133,0.475339,1.452467,0.733124,0.529362,0.475332,0.422154,0.372684
batch 1033,0.869154,0.670739,0.650392,0.634833,0.708637,0.601105,0.608638,0.486860,0.484866,0.553423,0.531555,0.787095,0.860955,0.240010,0.162728,0.133391,0.276886,0.410755,0.827853,0.612252,0.479507,0.409467,0.403024,0.462541,1.505634,0.675898,0.467121,0.402687,0.370112,0.325285
batch 1034,0.820313,0.681654,0.647191,0.630089,0.708278,0.585425,0.583224,0.480151,0.468082,0.525939,0.544640,0.726532,0.797089,0.222287,0.182530,0.136892,0.274539,0.391117,0.768013,0.580096,0.492878,0.460438,0.426858,0.479627,1.585280,0.705051,0.524740,0.450568,0.390899,0.366683
batch 1035,0.772205,0.598361,0.624357,0.615008,0.689015,0.590089,0.530188,0.456148,0.463062,0.523037,0.502550,0.743996,0.684105,0.251344,0.163344,0.141011,0.268086,0.408839,0.712050,0.518298,0.452117,0.421288,0.352813,0.481557,1.353490,0.683001,0.507857,0.449680,0.406432,0.370602
batch 1036,0.741711,0.649201,0.602017,0.615654,0.693170,0.587425,0.551828,0.457356,0.453082,0.523176,0.519759,0.777099,0.687196,0.259037,0.177437,0.147332,0.308250,0.423294,0.785232,0.565117,0.467932,0.489199,0.444217,0.458446,1.601729,0.746326,0.552157,0.459177,0.406376,0.367321
batch 1037,0.755353,0.653643,0.623279,0.641076,0.699417,0.605307,0.541461,0.473887,0.466617,0.528334,0.508608,0.755173,0.726633,0.248021,0.170357,0.141636,0.276188,0.409571,0.737970,0.546291,0.474314,0.435514,0.425441,0.450393,1.572844,0.737328,0.540327,0.454947,0.421424,0.375442
batch 1038,0.769593,0.638434,0.623488,0.633406,0.705157,0.595206,0.560333,0.478045,0.507396,0.541533,0.511865,0.736406,0.767504,0.256824,0.162845,0.145148,0.275635,0.403629,0.714850,0.573028,0.503254,0.433016,0.426656,0.450342,1.495836,0.722640,0.515926,0.465443,0.408731,0.366053
batch 1039,0.753966,0.633086,0.611151,0.630084,0.691324,0.597689,0.551556,0.464801,0.470918,0.538883,0.524074,0.763510,0.744146,0.237878,0.168670,0.145865,0.283743,0.410500,0.747885,0.572541,0.492068,0.444697,0.397836,0.463715,1.443660,0.735375,0.557402,0.463860,0.408326,0.357018
batch 1040,0.733711,0.608794,0.580847,0.577965,0.634915,0.583323,0.587977,0.465136,0.464434,0.519580,0.506968,0.761896,0.727795,0.293404,0.181301,0.144956,0.298661,0.424151,0.714232,0.536879,0.463781,0.446969,0.378910,0.463246,1.438154,0.730362,0.543719,0.453122,0.424051,0.380842
batch 1041,0.774652,0.650689,0.619995,0.633842,0.695147,0.631423,0.570681,0.468958,0.467608,0.535100,0.523867,0.810884,0.725349,0.251525,0.180116,0.137295,0.286661,0.456286,0.723021,0.521736,0.442781,0.486366,0.451917,0.460163,1.549327,0.735487,0.545063,0.442919,0.423387,0.390546
batch 1042,0.740922,0.616739,0.577889,0.573855,0.647079,0.589431,0.539496,0.454191,0.459244,0.520205,0.524003,0.740242,0.696383,0.228326,0.164937,0.139655,0.263360,0.399641,0.739277,0.571074,0.522335,0.424933,0.385694,0.460244,1.600053,0.749084,0.525551,0.437701,0.399581,0.368227
batch 1043,0.764431,0.652069,0.603190,0.628925,0.736806,0.640226,0.537571,0.466254,0.471844,0.523294,0.508266,0.754720,0.700317,0.258599,0.189857,0.160704,0.285611,0.407681,0.710493,0.524143,0.482250,0.457314,0.396323,0.482002,1.557197,0.769602,0.556216,0.483239,0.430946,0.393398
batch 1044,0.850859,0.632843,0.594713,0.572063,0.637300,0.588366,0.612881,0.462910,0.468821,0.535367,0.537557,0.749215,0.837742,0.226876,0.185699,0.134246,0.264475,0.404127,0.814396,0.600199,0.549472,0.444254,0.403772,0.379941,1.517894,0.734932,0.531585,0.381575,0.367415,0.292153
batch 1045,0.787081,0.619043,0.598154,0.620083,0.715598,0.591195,0.592618,0.489116,0.476490,0.522864,0.526739,0.745026,0.777767,0.239637,0.175094,0.143305,0.263162,0.394088,0.705595,0.519397,0.491505,0.440138,0.359525,0.455542,1.561291,0.657946,0.518823,0.433732,0.401322,0.368755
batch 1046,0.850182,0.663181,0.636351,0.640021,0.771416,0.628379,0.567824,0.484027,0.478295,0.535328,0.517494,0.786184,0.795135,0.254048,0.168110,0.145382,0.306657,0.440665,0.679477,0.534715,0.471656,0.479533,0.415380,0.484398,1.411908,0.721281,0.568927,0.473772,0.439057,0.373811
batch 1047,0.662677,0.580391,0.584767,0.594308,0.684182,0.578232,0.520347,0.455516,0.452371,0.508394,0.490650,0.744514,0.626258,0.252530,0.164660,0.141162,0.263240,0.400413,0.664999,0.520887,0.471553,0.444189,0.397544,0.484497,1.484172,0.720958,0.536772,0.450426,0.429405,0.398112
batch 1048,0.805055,0.656494,0.606620,0.622413,0.736590,0.610372,0.594085,0.485360,0.487877,0.539478,0.517606,0.770577,0.748707,0.256891,0.181030,0.148375,0.279877,0.423152,0.746841,0.545481,0.492953,0.465421,0.402450,0.475213,1.587166,0.721369,0.548011,0.463088,0.426638,0.383878
batch 1049,0.731475,0.607365,0.588926,0.595093,0.678424,0.595257,0.568395,0.481012,0.477758,0.523374,0.505460,0.782722,0.700792,0.267820,0.178121,0.139447,0.273100,0.430640,0.668458,0.499290,0.433639,0.458946,0.414957,0.471268,1.403657,0.701404,0.532805,0.448658,0.425804,0.376141
batch 1050,0.860620,0.674121,0.645340,0.662155,0.706733,0.619196,0.637441,0.493209,0.483640,0.541716,0.548214,0.752278,0.835173,0.256366,0.166520,0.130629,0.282483,0.402524,0.757563,0.561909,0.463755,0.448149,0.431286,0.479636,1.528298,0.727766,0.528349,0.479793,0.397025,0.363223
batch 1051,0.741560,0.623466,0.617189,0.627758,0.692909,0.590756,0.552528,0.469012,0.468711,0.541491,0.522270,0.734693,0.729026,0.253560,0.170466,0.140375,0.275889,0.389937,0.724132,0.562264,0.491715,0.431555,0.376477,0.446321,1.427191,0.740901,0.542365,0.458391,0.408986,0.383425
batch 1052,0.779788,0.622446,0.627877,0.609816,0.678736,0.592138,0.559227,0.463266,0.462889,0.532279,0.503691,0.752329,0.741951,0.262300,0.172519,0.138990,0.278651,0.415589,0.669634,0.531162,0.473967,0.423834,0.358879,0.468726,1.475732,0.714729,0.544156,0.450389,0.434505,0.393725
batch 1053,0.748619,0.608579,0.611920,0.604879,0.698930,0.585002,0.564306,0.467386,0.470674,0.521737,0.507225,0.757353,0.701729,0.246934,0.172690,0.130868,0.268186,0.410186,0.684550,0.514881,0.473796,0.463937,0.398075,0.492145,1.473644,0.675578,0.536493,0.440898,0.421386,0.375274
batch 1054,0.857345,0.682347,0.636961,0.656383,0.701253,0.579536,0.617197,0.479997,0.495914,0.537844,0.538935,0.738649,0.851278,0.223898,0.157312,0.116548,0.269957,0.396252,0.774578,0.607780,0.523704,0.442937,0.426094,0.452081,1.599172,0.759704,0.538857,0.439798,0.366129,0.342236
batch 1055,0.787346,0.658548,0.615504,0.635434,0.708184,0.608592,0.567607,0.474826,0.478603,0.528443,0.511296,0.768250,0.743180,0.253628,0.174676,0.139140,0.279508,0.419003,0.704415,0.556029,0.484324,0.467077,0.386164,0.469658,1.473428,0.727269,0.548373,0.451270,0.424021,0.382838
batch 1056,0.810966,0.647078,0.620297,0.625751,0.692689,0.652833,0.600741,0.460954,0.470159,0.539928,0.552293,0.781706,0.791038,0.223387,0.157303,0.122584,0.284022,0.421660,0.816238,0.604980,0.510136,0.415092,0.357728,0.453736,1.532144,0.702797,0.490724,0.390229,0.350654,0.322458
batch 1057,0.764199,0.625587,0.590094,0.604952,0.678382,0.615428,0.585951,0.460436,0.456835,0.528995,0.553030,0.773011,0.757186,0.252142,0.166998,0.139903,0.291245,0.424923,0.749318,0.552381,0.465942,0.475107,0.422235,0.446314,1.549728,0.781689,0.545674,0.477962,0.402262,0.371534
batch 1058,0.749489,0.636641,0.585555,0.613585,0.659656,0.581532,0.546315,0.465575,0.466594,0.517199,0.500557,0.730813,0.716177,0.265370,0.169398,0.151843,0.263042,0.395854,0.737522,0.571723,0.477935,0.448428,0.348199,0.464583,1.545002,0.760116,0.527089,0.458242,0.412899,0.377965
batch 1059,0.737234,0.617045,0.607744,0.627047,0.708587,0.588964,0.544661,0.472483,0.477482,0.517758,0.499234,0.762449,0.727790,0.250779,0.173642,0.140503,0.273267,0.425132,0.709020,0.539685,0.482941,0.437918,0.385619,0.471737,1.444642,0.700070,0.523181,0.450999,0.436802,0.374949
batch 1060,0.889845,0.653780,0.612853,0.596492,0.659185,0.582989,0.601380,0.489996,0.483283,0.540055,0.542908,0.756431,0.826246,0.227473,0.157836,0.133633,0.273840,0.398144,0.782972,0.619813,0.551811,0.430940,0.430652,0.430795,1.583709,0.721364,0.527941,0.399513,0.378091,0.320224
batch 1061,0.739559,0.628633,0.629888,0.642157,0.697312,0.598439,0.553511,0.466422,0.468437,0.530545,0.525713,0.793971,0.683372,0.221668,0.161481,0.134563,0.298102,0.415862,0.744336,0.538140,0.470950,0.479502,0.481409,0.457330,1.468530,0.716630,0.536200,0.436433,0.420819,0.348097
batch 1062,0.772678,0.626443,0.602249,0.619277,0.707808,0.598831,0.555693,0.465437,0.455771,0.525872,0.520976,0.758318,0.687684,0.254552,0.165686,0.132868,0.280700,0.399885,0.712056,0.511178,0.449705,0.432568,0.414352,0.463930,1.428540,0.704613,0.533992,0.452149,0.404971,0.369173
batch 1063,0.826152,0.668937,0.606288,0.615931,0.712179,0.594670,0.575934,0.475946,0.458382,0.513167,0.507320,0.784822,0.758444,0.279236,0.177151,0.147975,0.326185,0.441959,0.684161,0.514506,0.452788,0.442044,0.404624,0.440453,1.417547,0.740070,0.558627,0.452572,0.419965,0.389288
batch 1064,0.777846,0.645328,0.627818,0.649118,0.704638,0.608383,0.554489,0.478574,0.476786,0.542704,0.524801,0.758638,0.707050,0.245687,0.177521,0.144817,0.291608,0.406275,0.731756,0.549839,0.474687,0.431270,0.401159,0.492402,1.459805,0.727450,0.555726,0.468816,0.413478,0.364920
batch 1065,0.722438,0.622978,0.589521,0.617478,0.678173,0.592740,0.537268,0.460030,0.460965,0.526429,0.533322,0.738337,0.674943,0.253859,0.178559,0.153474,0.274117,0.393369,0.713655,0.536055,0.473783,0.425142,0.368530,0.455099,1.501643,0.741716,0.569067,0.468157,0.418995,0.378639
batch 1066,0.866960,0.682630,0.640630,0.612308,0.692045,0.592891,0.576844,0.464455,0.468726,0.518848,0.513885,0.757313,0.819915,0.224216,0.176639,0.140367,0.283146,0.403716,0.833374,0.633773,0.538862,0.420332,0.398911,0.486493,1.684043,0.743010,0.535338,0.440466,0.408456,0.349902
batch 1067,0.782774,0.642788,0.614174,0.627627,0.699080,0.602718,0.563776,0.475303,0.486401,0.528732,0.514769,0.751900,0.723235,0.271036,0.174414,0.145816,0.269811,0.410324,0.681218,0.524376,0.473536,0.464713,0.388414,0.480403,1.490019,0.736569,0.544017,0.453633,0.442760,0.380731
batch 1068,0.768951,0.598581,0.596593,0.598984,0.677682,0.568537,0.544531,0.463967,0.464409,0.517776,0.496297,0.741905,0.717132,0.234021,0.165686,0.134403,0.263519,0.403452,0.681095,0.528994,0.457177,0.458912,0.395373,0.470867,1.379470,0.683473,0.507892,0.431005,0.414660,0.366876
batch 1069,0.859119,0.646023,0.623828,0.628814,0.662808,0.618596,0.611518,0.481610,0.477363,0.537606,0.527461,0.714329,0.863084,0.251088,0.164871,0.119024,0.260012,0.386243,0.738884,0.576543,0.512973,0.469556,0.476856,0.455960,1.475369,0.684050,0.500553,0.418504,0.356085,0.317074
batch 1070,0.772340,0.632576,0.608143,0.630072,0.706449,0.596494,0.557781,0.460268,0.465098,0.516850,0.521072,0.757223,0.733700,0.244869,0.169808,0.143207,0.280275,0.410682,0.714165,0.535966,0.456439,0.455562,0.417191,0.467680,1.482188,0.719515,0.548105,0.468127,0.405669,0.364061
batch 1071,0.803741,0.652115,0.606521,0.590210,0.679053,0.598474,0.580416,0.468589,0.463864,0.516936,0.520591,0.753885,0.778831,0.254399,0.172054,0.137570,0.300216,0.405716,0.690357,0.537428,0.453334,0.466746,0.394686,0.485566,1.476635,0.740272,0.560564,0.457790,0.410825,0.362204
batch 1072,0.763453,0.621183,0.608928,0.615215,0.701653,0.589593,0.571210,0.472965,0.458424,0.512006,0.503999,0.760996,0.688995,0.261842,0.183152,0.139231,0.278162,0.419679,0.673236,0.512455,0.454282,0.456196,0.413013,0.471953,1.423909,0.713388,0.553277,0.453361,0.438245,0.379727
batch 1073,0.857918,0.683029,0.622330,0.627032,0.669736,0.604952,0.610460,0.475555,0.462171,0.529461,0.529974,0.766289,0.835745,0.231090,0.175106,0.136552,0.276901,0.408839,0.802177,0.571667,0.549886,0.455773,0.431198,0.457530,1.631914,0.757880,0.553006,0.470283,0.379525,0.338090
batch 1074,0.846161,0.682911,0.657165,0.659671,0.772454,0.649594,0.591470,0.476873,0.476917,0.533699,0.524027,0.758590,0.815577,0.217935,0.178938,0.138132,0.304941,0.417808,0.793640,0.583746,0.490299,0.407842,0.352171,0.473818,1.420252,0.679107,0.463531,0.396775,0.381167,0.340936
batch 1075,0.759998,0.630396,0.594293,0.613164,0.714763,0.606677,0.563812,0.470066,0.474010,0.534547,0.530447,0.754773,0.709366,0.240505,0.168710,0.136498,0.282001,0.402417,0.732372,0.516360,0.475065,0.453801,0.381473,0.489399,1.548670,0.741159,0.571180,0.476816,0.415089,0.391126
batch 1076,0.789147,0.628221,0.591448,0.592916,0.663905,0.563613,0.596788,0.471075,0.464221,0.517460,0.517457,0.750931,0.722658,0.247000,0.173848,0.143467,0.259997,0.400457,0.732432,0.565109,0.491893,0.454221,0.419370,0.462145,1.546626,0.697503,0.535655,0.454644,0.408308,0.358845
batch 1077,0.734880,0.626699,0.579903,0.601166,0.674108,0.563578,0.566611,0.459554,0.463415,0.526387,0.518373,0.748575,0.676837,0.247654,0.175836,0.137168,0.260639,0.399568,0.707639,0.534434,0.478167,0.490380,0.370592,0.458724,1.481492,0.756842,0.555785,0.451747,0.416415,0.378825
batch 1078,0.766009,0.652622,0.607492,0.645658,0.696862,0.606373,0.524942,0.462539,0.463685,0.520596,0.512159,0.745635,0.693188,0.255796,0.179102,0.139522,0.277631,0.403989,0.734881,0.566265,0.481342,0.430066,0.389532,0.453429,1.472173,0.752669,0.547037,0.465073,0.418411,0.382216
batch 1079,0.803321,0.646825,0.612665,0.600043,0.666145,0.579608,0.568418,0.466370,0.461107,0.515155,0.511773,0.749758,0.730185,0.264356,0.174307,0.143917,0.300796,0.396682,0.680387,0.531628,0.464631,0.448947,0.410618,0.450272,1.425806,0.726572,0.540227,0.455067,0.442608,0.384488
batch 1080,0.742540,0.633750,0.614805,0.614945,0.700454,0.593259,0.530846,0.459054,0.456525,0.507735,0.507187,0.767134,0.674046,0.245924,0.182151,0.137946,0.281813,0.426099,0.729033,0.520519,0.462357,0.432275,0.385209,0.452413,1.371071,0.684953,0.511073,0.448149,0.417895,0.381100
batch 1081,0.784386,0.647578,0.609711,0.623126,0.659593,0.565895,0.586306,0.461212,0.460574,0.515838,0.516230,0.747421,0.716952,0.254729,0.177244,0.142440,0.275984,0.409950,0.717070,0.545505,0.498570,0.440520,0.391214,0.441691,1.481079,0.743715,0.550399,0.453997,0.421294,0.379725
batch 1082,0.847449,0.676797,0.612903,0.649143,0.734067,0.655182,0.610805,0.467399,0.477747,0.536638,0.539665,0.754405,0.820331,0.225173,0.177374,0.139893,0.289077,0.412094,0.756347,0.588694,0.527465,0.415330,0.407053,0.465087,1.572883,0.709743,0.528027,0.418430,0.391371,0.343829
batch 1083,0.821214,0.641408,0.637433,0.618658,0.694278,0.569347,0.588512,0.468340,0.468159,0.530649,0.519452,0.732952,0.792833,0.241998,0.171773,0.131045,0.267505,0.390803,0.732340,0.558360,0.477340,0.428867,0.412860,0.472434,1.499885,0.716053,0.535149,0.463490,0.403556,0.368017
batch 1084,0.750690,0.636386,0.622898,0.646002,0.734838,0.600738,0.538110,0.474271,0.476073,0.535147,0.503941,0.786098,0.687135,0.251235,0.169576,0.139879,0.284087,0.418453,0.687333,0.508207,0.439518,0.462178,0.407380,0.453475,1.468534,0.720647,0.517415,0.469217,0.437606,0.382309
batch 1085,0.763375,0.595974,0.614766,0.594438,0.648139,0.566577,0.594098,0.469633,0.456320,0.530589,0.511069,0.705991,0.739325,0.264112,0.178033,0.126611,0.260782,0.373358,0.688132,0.507248,0.447957,0.400656,0.372096,0.486361,1.411128,0.676182,0.511772,0.442688,0.426560,0.378551
batch 1086,0.769258,0.626132,0.601207,0.605877,0.687450,0.585721,0.574447,0.464979,0.466970,0.531178,0.524359,0.760322,0.753865,0.242593,0.171585,0.141602,0.274846,0.420070,0.779967,0.582926,0.498887,0.448024,0.392549,0.444042,1.542462,0.759484,0.530032,0.462926,0.405610,0.356846
batch 1087,0.744837,0.624113,0.601852,0.630059,0.702338,0.573805,0.524045,0.454812,0.459349,0.516909,0.525830,0.726917,0.682180,0.243160,0.176796,0.148725,0.280683,0.382207,0.736403,0.527498,0.465460,0.447312,0.399784,0.472027,1.522564,0.766882,0.570372,0.481724,0.428285,0.409382
batch 1088,0.726508,0.624223,0.607231,0.602741,0.686982,0.594538,0.539960,0.469625,0.460425,0.522008,0.516169,0.771141,0.688811,0.246024,0.169374,0.136370,0.274647,0.425882,0.717074,0.537788,0.464303,0.438760,0.396921,0.464711,1.452227,0.714703,0.532195,0.453237,0.419472,0.372745
batch 1089,0.761166,0.651970,0.591999,0.620331,0.702908,0.589632,0.534754,0.457021,0.462080,0.514470,0.486707,0.742483,0.686068,0.276548,0.178316,0.144579,0.263940,0.417996,0.699709,0.535470,0.484100,0.470723,0.383903,0.452173,1.483035,0.730155,0.533121,0.457643,0.430496,0.373813
batch 1090,0.776885,0.629167,0.621045,0.608273,0.717773,0.588064,0.577898,0.465535,0.463041,0.516347,0.513370,0.734658,0.716315,0.263215,0.178412,0.151229,0.275378,0.403877,0.732065,0.546851,0.469713,0.446886,0.368518,0.491506,1.596344,0.729354,0.554964,0.486064,0.431293,0.395019
batch 1091,0.774250,0.643749,0.614085,0.617900,0.705247,0.591409,0.565774,0.472822,0.475422,0.535995,0.522699,0.768620,0.694695,0.227740,0.171401,0.126629,0.274214,0.415030,0.727803,0.518814,0.482752,0.473301,0.421213,0.449878,1.570417,0.758630,0.547770,0.461522,0.434364,0.374610
batch 1092,0.798091,0.631308,0.605625,0.601446,0.659486,0.615230,0.593568,0.461382,0.473415,0.534629,0.527388,0.774264,0.706951,0.238240,0.170009,0.144654,0.288677,0.423389,0.769117,0.578342,0.481932,0.450360,0.413806,0.459473,1.602399,0.760962,0.544795,0.479168,0.405247,0.363097
batch 1093,0.802029,0.649135,0.585640,0.586852,0.657966,0.595053,0.567351,0.458738,0.460884,0.518196,0.516134,0.751579,0.841020,0.233637,0.169429,0.132828,0.261989,0.409306,0.799219,0.621360,0.543857,0.435538,0.406129,0.434184,1.607835,0.686046,0.490007,0.413065,0.383971,0.333719
batch 1094,0.727913,0.596974,0.571120,0.586687,0.676606,0.568861,0.532039,0.444950,0.455198,0.502102,0.488435,0.712097,0.640814,0.269585,0.174794,0.148476,0.268337,0.383266,0.662315,0.497198,0.447297,0.446465,0.404905,0.469277,1.316893,0.698557,0.503189,0.451079,0.415040,0.395391
batch 1095,0.735371,0.609811,0.576275,0.594730,0.670636,0.585139,0.576321,0.457481,0.467422,0.531978,0.517563,0.786547,0.720970,0.274212,0.186263,0.145211,0.278543,0.426809,0.696853,0.516516,0.438460,0.474216,0.426540,0.485726,1.505218,0.724172,0.552834,0.453959,0.429042,0.376643
batch 1096,0.838319,0.648266,0.603352,0.630303,0.679696,0.570412,0.630925,0.482887,0.469836,0.534817,0.530209,0.735215,0.844727,0.261083,0.162656,0.131099,0.261394,0.378349,0.737285,0.577726,0.496735,0.430461,0.387766,0.442533,1.465555,0.753744,0.543447,0.471972,0.388451,0.374045
batch 1097,0.827753,0.648652,0.620336,0.614859,0.684408,0.569780,0.557584,0.460059,0.451889,0.519502,0.512899,0.734507,0.790332,0.234747,0.163600,0.142980,0.263275,0.383468,0.756481,0.606759,0.513367,0.414132,0.396780,0.486129,1.684174,0.738010,0.563922,0.425072,0.397242,0.378099
batch 1098,0.722071,0.610394,0.596605,0.611332,0.681606,0.563891,0.566329,0.465461,0.462380,0.525433,0.547638,0.737202,0.688442,0.231168,0.169417,0.131073,0.300486,0.388910,0.716060,0.504187,0.453703,0.452519,0.418225,0.482771,1.437168,0.722199,0.540498,0.454014,0.418153,0.369872
batch 1099,0.800244,0.662608,0.637198,0.651169,0.699336,0.608625,0.587382,0.487747,0.476195,0.541603,0.519769,0.763101,0.766723,0.251790,0.162936,0.148957,0.278956,0.405236,0.759254,0.559324,0.492036,0.479900,0.416192,0.446990,1.538793,0.779444,0.541523,0.487630,0.406660,0.374471
batch 1100,0.758290,0.618864,0.605834,0.615247,0.690593,0.610959,0.578845,0.470867,0.467910,0.523685,0.512090,0.762137,0.722631,0.260910,0.180942,0.152736,0.273981,0.422874,0.742589,0.539993,0.463931,0.462095,0.396478,0.462396,1.489991,0.742413,0.547017,0.472574,0.406784,0.368449
batch 1101,0.879261,0.657102,0.618810,0.633776,0.731407,0.625767,0.651815,0.490500,0.489302,0.532256,0.518955,0.762911,0.851687,0.255550,0.176080,0.144205,0.275590,0.414564,0.750032,0.553682,0.475805,0.472340,0.418446,0.481072,1.564655,0.734279,0.549606,0.453015,0.413087,0.376424
batch 1102,0.812462,0.650438,0.633239,0.636800,0.712996,0.580021,0.569056,0.472935,0.470422,0.534358,0.531204,0.749190,0.782427,0.233134,0.163420,0.134563,0.273058,0.390144,0.687655,0.528161,0.437655,0.445042,0.398739,0.482334,1.422928,0.667462,0.516909,0.459899,0.402616,0.369832
batch 1103,0.770812,0.625017,0.602012,0.597101,0.669712,0.566390,0.555547,0.451952,0.454992,0.519744,0.500558,0.739918,0.670650,0.250040,0.161504,0.134281,0.256330,0.391837,0.685826,0.549784,0.497025,0.430522,0.391013,0.489640,1.464568,0.700034,0.523614,0.437771,0.439742,0.374307
batch 1104,0.818900,0.664490,0.610712,0.623334,0.680494,0.643098,0.568323,0.468569,0.466107,0.521053,0.511377,0.774785,0.767150,0.258872,0.187852,0.150944,0.280650,0.434114,0.705740,0.548853,0.468817,0.460374,0.352016,0.462195,1.546993,0.750942,0.567383,0.462041,0.407060,0.386890
batch 1105,0.820251,0.665957,0.604130,0.627306,0.665005,0.587101,0.632483,0.491772,0.491112,0.543775,0.540179,0.726798,0.828686,0.253554,0.184290,0.140291,0.271291,0.395401,0.829125,0.596558,0.476056,0.438176,0.384558,0.419637,1.608611,0.720914,0.520672,0.437131,0.379427,0.352336
batch 1106,0.686780,0.573695,0.585939,0.596625,0.620862,0.561241,0.564704,0.455125,0.451609,0.513489,0.479773,0.722594,0.646964,0.287170,0.191773,0.146018,0.253201,0.394204,0.715628,0.544765,0.465611,0.428222,0.364201,0.477461,1.463441,0.729034,0.528442,0.448683,0.428704,0.386896
batch 1107,0.713652,0.600879,0.585797,0.598727,0.649125,0.581856,0.535954,0.465871,0.464481,0.509626,0.500109,0.744579,0.669894,0.266197,0.174318,0.136623,0.265281,0.413331,0.668747,0.519983,0.444737,0.420320,0.380183,0.464311,1.369322,0.708662,0.548010,0.454118,0.416044,0.373311
batch 1108,0.806694,0.647759,0.628842,0.618689,0.714533,0.585189,0.584399,0.494393,0.489052,0.552403,0.531001,0.714463,0.810073,0.244199,0.161760,0.131505,0.277324,0.375293,0.743441,0.577793,0.494745,0.440549,0.399929,0.504309,1.568477,0.681287,0.502264,0.443672,0.385803,0.365281
batch 1109,0.770498,0.635556,0.601236,0.629852,0.732506,0.594412,0.577457,0.465466,0.473494,0.529059,0.530343,0.747667,0.730431,0.259022,0.176742,0.141442,0.297174,0.397200,0.734213,0.543804,0.475501,0.445831,0.409177,0.466800,1.498674,0.745171,0.555761,0.483883,0.416059,0.363408
batch 1110,0.859913,0.676198,0.652647,0.634259,0.720758,0.629275,0.581362,0.487121,0.476556,0.540248,0.529506,0.771789,0.767864,0.242801,0.167248,0.141877,0.282725,0.418868,0.735763,0.581142,0.506972,0.481553,0.418144,0.457838,1.567280,0.771974,0.541526,0.466331,0.417804,0.362812
batch 1111,0.777325,0.621523,0.579696,0.596759,0.648881,0.552328,0.601404,0.471430,0.471644,0.513304,0.517566,0.757828,0.756463,0.261346,0.174731,0.143097,0.259148,0.395085,0.706957,0.541051,0.454512,0.480592,0.407182,0.472605,1.488732,0.732387,0.541882,0.476110,0.402896,0.360832
batch 1112,0.858319,0.649260,0.610592,0.620937,0.681803,0.592747,0.588739,0.462736,0.464499,0.534918,0.534060,0.728917,0.817217,0.245822,0.158190,0.134085,0.280944,0.395638,0.678198,0.547667,0.484676,0.426888,0.373938,0.510491,1.513435,0.715195,0.507468,0.438357,0.409546,0.372868
batch 1113,0.760806,0.627570,0.590373,0.591820,0.678117,0.599763,0.520116,0.447827,0.457867,0.517834,0.517882,0.743267,0.776499,0.233123,0.160386,0.143563,0.273025,0.401849,0.733208,0.570293,0.458321,0.455801,0.392430,0.490228,1.479300,0.751292,0.520213,0.472531,0.426772,0.385590
batch 1114,0.880374,0.711917,0.640980,0.600709,0.708090,0.607647,0.667851,0.485193,0.489123,0.552498,0.539342,0.731767,0.903036,0.230869,0.158525,0.129359,0.277369,0.391461,0.757549,0.564129,0.541519,0.445576,0.406509,0.479085,1.559378,0.697563,0.514262,0.416132,0.384850,0.336377
batch 1115,0.810443,0.682522,0.641873,0.660215,0.713110,0.626308,0.564122,0.498713,0.483458,0.546456,0.514131,0.727539,0.860949,0.261316,0.184411,0.142037,0.279802,0.397921,0.746944,0.616616,0.533956,0.470348,0.412676,0.470502,1.618012,0.732489,0.530138,0.458304,0.389102,0.371554
batch 1116,0.776823,0.627989,0.608351,0.619333,0.683362,0.586156,0.566844,0.469752,0.458484,0.526900,0.507367,0.741247,0.720239,0.243273,0.165971,0.127840,0.293095,0.396458,0.722984,0.522392,0.484054,0.453269,0.390179,0.488474,1.503522,0.742021,0.569756,0.493479,0.409495,0.379374
batch 1117,0.731913,0.634936,0.608753,0.641228,0.711858,0.585884,0.534326,0.457650,0.461065,0.527068,0.524811,0.768964,0.655983,0.231678,0.164052,0.140476,0.279290,0.408998,0.727980,0.523917,0.468204,0.414273,0.408985,0.483744,1.449296,0.706051,0.531150,0.452656,0.424096,0.387623
batch 1118,0.830563,0.653001,0.615480,0.612959,0.702736,0.643180,0.580318,0.464202,0.472722,0.525483,0.524488,0.764079,0.818649,0.224024,0.169273,0.120050,0.280914,0.415215,0.839730,0.640401,0.536913,0.462191,0.375996,0.456767,1.668403,0.781905,0.533203,0.425764,0.394267,0.348724
batch 1119,0.731145,0.610760,0.608718,0.642216,0.738787,0.595933,0.515955,0.460733,0.469665,0.525515,0.498867,0.759088,0.654732,0.242751,0.164415,0.129689,0.276915,0.423146,0.671462,0.506965,0.466507,0.478801,0.388726,0.496685,1.372670,0.682725,0.508376,0.476996,0.407761,0.367763
batch 1120,0.761545,0.635637,0.615238,0.625641,0.668753,0.576913,0.560429,0.464866,0.465088,0.527260,0.512245,0.732710,0.704456,0.235830,0.170733,0.133632,0.259083,0.398539,0.736182,0.546914,0.478337,0.442243,0.405605,0.479666,1.475554,0.694150,0.532077,0.474622,0.417778,0.354499
batch 1121,0.782668,0.641414,0.614145,0.636393,0.709419,0.613868,0.561651,0.474551,0.467146,0.529747,0.513523,0.746265,0.759862,0.249446,0.177229,0.139630,0.274540,0.409014,0.745311,0.571319,0.476975,0.439678,0.396609,0.458934,1.498007,0.734551,0.535061,0.450444,0.399110,0.370814
batch 1122,0.846494,0.650942,0.619451,0.617704,0.702964,0.577983,0.598888,0.481409,0.470559,0.518106,0.516235,0.733334,0.777304,0.224858,0.168999,0.147390,0.271327,0.387017,0.718389,0.578350,0.500371,0.416867,0.387421,0.451982,1.512358,0.701624,0.496880,0.430171,0.372623,0.333852
batch 1123,0.875824,0.695335,0.681530,0.671838,0.775386,0.627327,0.601111,0.498332,0.501372,0.559626,0.530785,0.785721,0.889584,0.231245,0.163648,0.127522,0.299304,0.431170,0.740975,0.571973,0.514701,0.435927,0.389352,0.506532,1.557441,0.701061,0.537481,0.461372,0.404015,0.375165
batch 1124,0.795613,0.630663,0.611591,0.634072,0.742077,0.603475,0.561105,0.475517,0.486883,0.538580,0.520510,0.767335,0.719076,0.246800,0.166882,0.132957,0.284660,0.422750,0.694089,0.509094,0.459689,0.458087,0.403643,0.478427,1.483553,0.726507,0.525354,0.464532,0.419593,0.376776
batch 1125,0.794444,0.638754,0.649665,0.643389,0.710143,0.611491,0.558342,0.473906,0.467660,0.532073,0.518657,0.769468,0.736578,0.247282,0.164432,0.133146,0.285327,0.419888,0.702129,0.530683,0.489480,0.449207,0.392523,0.475485,1.416810,0.694407,0.518671,0.467078,0.398472,0.372614
batch 1126,0.806361,0.640004,0.585105,0.600765,0.673818,0.556573,0.570596,0.464604,0.460233,0.511175,0.495810,0.751137,0.800459,0.210153,0.156645,0.121160,0.264734,0.381370,0.800745,0.604360,0.521672,0.443725,0.379971,0.446482,1.547027,0.702275,0.501241,0.423988,0.338471,0.311817
batch 1127,0.795931,0.644134,0.622685,0.627795,0.680998,0.609988,0.591283,0.482801,0.476324,0.537325,0.516623,0.767660,0.767839,0.272667,0.197631,0.167902,0.274071,0.423337,0.696562,0.528969,0.459046,0.451165,0.421661,0.465193,1.467904,0.709824,0.532483,0.477797,0.415300,0.375612
batch 1128,0.820495,0.660332,0.633297,0.622914,0.698537,0.588762,0.606427,0.472621,0.473435,0.530071,0.528027,0.735818,0.755977,0.253843,0.160587,0.132684,0.286509,0.393989,0.714235,0.540117,0.476917,0.443186,0.384293,0.465009,1.506372,0.761407,0.553644,0.491446,0.409390,0.362380
batch 1129,0.864116,0.657979,0.601441,0.618649,0.720710,0.613987,0.581542,0.458362,0.463701,0.523119,0.497822,0.704143,0.779305,0.242981,0.151304,0.122475,0.265511,0.376761,0.710591,0.563001,0.497333,0.423651,0.411609,0.454765,1.515725,0.707424,0.530595,0.435690,0.371687,0.337914
batch 1130,0.775325,0.651031,0.603415,0.604619,0.689235,0.594535,0.572430,0.461126,0.457169,0.530301,0.529422,0.743869,0.716843,0.257825,0.163091,0.138799,0.281684,0.403801,0.732025,0.554142,0.496661,0.422549,0.412093,0.463076,1.510397,0.746976,0.554360,0.437921,0.426286,0.392972
batch 1131,0.735017,0.612470,0.582466,0.584380,0.664013,0.582989,0.553594,0.454070,0.448996,0.513794,0.497526,0.755637,0.707236,0.243807,0.171134,0.142026,0.268127,0.416110,0.710540,0.527599,0.477999,0.446931,0.390614,0.452753,1.482165,0.701434,0.537616,0.457937,0.432293,0.373492
batch 1132,0.820775,0.663850,0.600621,0.580995,0.633319,0.564769,0.627772,0.476803,0.468749,0.528816,0.541898,0.743837,0.862549,0.238780,0.152932,0.139304,0.272632,0.381978,0.821071,0.639137,0.531155,0.425304,0.410178,0.455777,1.580267,0.773083,0.565475,0.455896,0.382897,0.322806
batch 1133,0.803755,0.649126,0.616173,0.630489,0.663501,0.575637,0.573142,0.474531,0.456017,0.524857,0.520118,0.730517,0.809141,0.286071,0.171174,0.136033,0.269844,0.387617,0.718682,0.573579,0.472285,0.442659,0.380196,0.471043,1.575408,0.737273,0.532632,0.452373,0.410080,0.368915
batch 1134,0.861861,0.665265,0.599318,0.619736,0.655127,0.549186,0.630624,0.464053,0.469646,0.522174,0.533686,0.725084,0.826322,0.261686,0.186348,0.140175,0.259619,0.383686,0.789618,0.616848,0.551845,0.431741,0.406942,0.437504,1.495585,0.742818,0.534827,0.422156,0.354266,0.309837
batch 1135,0.728433,0.619025,0.567503,0.583365,0.672224,0.575465,0.531123,0.453493,0.450317,0.501669,0.502625,0.704566,0.780571,0.243184,0.172815,0.132465,0.267975,0.375265,0.748618,0.582957,0.521867,0.419845,0.348130,0.464800,1.487330,0.734603,0.519847,0.428702,0.397958,0.370203
batch 1136,0.933783,0.730808,0.652676,0.642397,0.652910,0.614718,0.620564,0.509384,0.479996,0.532113,0.528852,0.785756,0.917089,0.241647,0.161380,0.125288,0.271893,0.430734,0.844436,0.644927,0.516875,0.444298,0.469186,0.432813,1.563744,0.780171,0.527333,0.422541,0.390918,0.326754
batch 1137,0.739330,0.641337,0.618103,0.622611,0.636296,0.586785,0.547018,0.469456,0.460458,0.515430,0.522333,0.752906,0.693408,0.252011,0.186262,0.141153,0.280592,0.407579,0.774936,0.537959,0.461563,0.481738,0.430573,0.451532,1.595923,0.761696,0.575296,0.472989,0.435250,0.371966
batch 1138,0.758993,0.634753,0.595787,0.612921,0.679959,0.601503,0.598167,0.471184,0.464313,0.530123,0.516496,0.760262,0.755516,0.294815,0.175364,0.150259,0.271472,0.411215,0.702945,0.541836,0.481305,0.427681,0.401048,0.460048,1.439452,0.740645,0.549403,0.451062,0.432055,0.400757
batch 1139,0.851391,0.673198,0.624854,0.627254,0.723511,0.607753,0.557447,0.476575,0.485684,0.536548,0.508455,0.723789,0.794725,0.238498,0.182952,0.143181,0.293126,0.385567,0.739221,0.597358,0.525210,0.406524,0.386311,0.467893,1.607615,0.695260,0.521741,0.452172,0.390414,0.337260
batch 1140,0.824034,0.672835,0.640428,0.625264,0.674402,0.587601,0.590801,0.467339,0.470785,0.527885,0.547874,0.748482,0.770150,0.238645,0.156685,0.131685,0.271856,0.404330,0.785241,0.548757,0.487824,0.465501,0.440183,0.481188,1.710086,0.763113,0.577127,0.482703,0.416000,0.367284
batch 1141,0.783979,0.621869,0.598239,0.599510,0.689186,0.606166,0.567972,0.476054,0.478581,0.535611,0.514745,0.770842,0.716871,0.266740,0.176133,0.144906,0.273557,0.421014,0.709425,0.522910,0.476255,0.483182,0.432093,0.433807,1.473714,0.692637,0.509896,0.433751,0.422691,0.352008
batch 1142,0.695763,0.579096,0.580907,0.572852,0.655748,0.591828,0.538924,0.467158,0.456800,0.515382,0.501371,0.774789,0.659135,0.286307,0.167971,0.133665,0.262216,0.432471,0.689695,0.507568,0.451028,0.448216,0.400967,0.474637,1.395402,0.704671,0.522997,0.450817,0.431494,0.388377
batch 1143,0.757891,0.621863,0.573737,0.605114,0.688107,0.571488,0.554473,0.454085,0.461745,0.520357,0.511437,0.737338,0.688326,0.250241,0.167924,0.135218,0.259724,0.403984,0.715438,0.527227,0.465002,0.476822,0.409653,0.468891,1.521713,0.732318,0.534484,0.461565,0.415787,0.372730
batch 1144,0.737456,0.624855,0.603849,0.607089,0.696740,0.585597,0.545716,0.465235,0.459951,0.525424,0.506480,0.776864,0.694015,0.245038,0.176158,0.143056,0.294415,0.425881,0.734097,0.531076,0.444822,0.485110,0.429084,0.484920,1.567606,0.752915,0.561613,0.448728,0.415252,0.392601
batch 1145,0.791751,0.633477,0.613843,0.610344,0.708018,0.613689,0.569872,0.473328,0.469912,0.529313,0.518957,0.748533,0.757928,0.252026,0.173962,0.128435,0.272315,0.414365,0.671506,0.506867,0.477006,0.448623,0.371378,0.483468,1.426805,0.693407,0.537845,0.456338,0.448028,0.390103
batch 1146,0.717333,0.636466,0.582908,0.615454,0.665833,0.594820,0.531192,0.451440,0.456377,0.521546,0.512436,0.716040,0.678253,0.250688,0.191693,0.142805,0.279854,0.381213,0.750374,0.561558,0.466519,0.433705,0.381927,0.473343,1.498809,0.731104,0.545972,0.442350,0.425164,0.392376
batch 1147,0.753829,0.656367,0.610405,0.632459,0.683740,0.607566,0.561231,0.481270,0.477431,0.535285,0.541173,0.745558,0.727190,0.243285,0.176015,0.142175,0.278101,0.394984,0.759819,0.577123,0.486246,0.463450,0.452561,0.435406,1.598610,0.736921,0.526609,0.455143,0.421091,0.360712
batch 1148,0.851500,0.652038,0.609017,0.623082,0.682284,0.562143,0.633682,0.473955,0.468006,0.532630,0.529246,0.751510,0.821737,0.279275,0.177997,0.143869,0.270017,0.390944,0.707008,0.521736,0.459065,0.442750,0.379289,0.458000,1.448204,0.723591,0.543496,0.456620,0.420547,0.377065
batch 1149,0.846311,0.669457,0.651323,0.637583,0.744043,0.661604,0.570555,0.473105,0.468187,0.545069,0.528895,0.766026,0.792097,0.226105,0.163132,0.138281,0.304025,0.431368,0.730537,0.578657,0.492235,0.402079,0.362585,0.449694,1.548978,0.735015,0.527692,0.425294,0.398586,0.358246
batch 1150,0.843896,0.663997,0.645553,0.618354,0.694711,0.608492,0.572457,0.472622,0.475516,0.539522,0.545804,0.770514,0.833185,0.222768,0.160514,0.133188,0.282535,0.414612,0.780146,0.603363,0.514560,0.451422,0.445063,0.451290,1.560007,0.746222,0.558666,0.448489,0.378907,0.334295
batch 1151,0.778982,0.611677,0.591520,0.583026,0.656269,0.574396,0.559797,0.467588,0.455236,0.517646,0.525707,0.732023,0.718049,0.257001,0.166904,0.140549,0.256786,0.385882,0.691695,0.515767,0.464341,0.447195,0.381292,0.463777,1.464496,0.692663,0.507137,0.441771,0.419449,0.372499
batch 1152,0.697874,0.610407,0.591580,0.624297,0.676955,0.606658,0.543132,0.460240,0.477083,0.543661,0.521557,0.787769,0.660507,0.237151,0.176278,0.133819,0.280212,0.433769,0.760027,0.533493,0.465250,0.502521,0.410814,0.470989,1.576452,0.745707,0.556663,0.455997,0.409820,0.376153
batch 1153,0.799228,0.647786,0.613232,0.609626,0.648903,0.577414,0.605213,0.484862,0.469925,0.527260,0.528531,0.731644,0.758105,0.266692,0.182125,0.151936,0.262230,0.391311,0.732654,0.591925,0.518306,0.425620,0.398036,0.470980,1.519797,0.707613,0.519221,0.444156,0.394608,0.370049
batch 1154,0.790924,0.646461,0.622234,0.636624,0.697687,0.630893,0.565243,0.475103,0.467707,0.526107,0.524327,0.740018,0.731918,0.249766,0.172891,0.136585,0.279959,0.405074,0.736688,0.553451,0.483168,0.445915,0.402815,0.449544,1.552484,0.734296,0.533428,0.466976,0.415906,0.353207
batch 1155,0.800706,0.648156,0.622632,0.617919,0.650538,0.562660,0.569939,0.473038,0.479744,0.523090,0.526347,0.745306,0.767828,0.222282,0.144390,0.118846,0.266680,0.412955,0.712336,0.576612,0.504865,0.435210,0.404260,0.479157,1.520987,0.722167,0.547377,0.452031,0.375217,0.340557
batch 1156,0.739633,0.619857,0.573650,0.590105,0.646437,0.610873,0.604545,0.468530,0.478746,0.551618,0.530753,0.799387,0.743638,0.259380,0.195056,0.158418,0.277681,0.439417,0.739973,0.540121,0.445655,0.498254,0.438668,0.461455,1.544912,0.710855,0.543422,0.455216,0.418330,0.375611
batch 1157,0.790515,0.647295,0.615358,0.624217,0.716753,0.606196,0.598624,0.477833,0.469166,0.526370,0.505516,0.725489,0.771415,0.227211,0.167532,0.134726,0.270994,0.382119,0.750057,0.593729,0.487883,0.413969,0.416993,0.483104,1.406681,0.668337,0.461692,0.446712,0.397590,0.340038
batch 1158,0.804272,0.643666,0.626411,0.641847,0.694015,0.619570,0.585729,0.479544,0.471952,0.539763,0.516385,0.762408,0.825538,0.230226,0.159924,0.135319,0.286181,0.421321,0.754698,0.582067,0.499355,0.437715,0.388273,0.483308,1.646043,0.720159,0.563264,0.464644,0.436995,0.382664
batch 1159,0.889044,0.743986,0.668436,0.643716,0.736087,0.655724,0.577672,0.487177,0.474749,0.542475,0.534560,0.787477,0.867497,0.231335,0.164669,0.131158,0.298091,0.428397,0.826706,0.612725,0.519504,0.419061,0.396322,0.445918,1.501554,0.684525,0.486881,0.394426,0.345616,0.309816
batch 1160,0.785917,0.614066,0.605926,0.591739,0.686597,0.610697,0.557512,0.453617,0.465477,0.524012,0.511886,0.750192,0.716404,0.230196,0.157421,0.127536,0.271239,0.417619,0.722378,0.560027,0.481905,0.417772,0.439324,0.464982,1.579810,0.707070,0.548997,0.497849,0.384992,0.359465
batch 1161,0.773594,0.606561,0.534247,0.564545,0.675479,0.610092,0.586074,0.470949,0.438587,0.505328,0.492328,0.687773,0.734191,0.265503,0.194760,0.147033,0.263599,0.377700,0.698573,0.577998,0.475921,0.423637,0.376294,0.460278,1.446169,0.693439,0.501003,0.434532,0.398796,0.372061
batch 1162,0.824128,0.672308,0.629173,0.641973,0.731273,0.608460,0.577099,0.475326,0.478732,0.540610,0.514424,0.777588,0.764701,0.228806,0.151772,0.126847,0.289317,0.430173,0.728611,0.562764,0.493291,0.457380,0.422313,0.461060,1.475774,0.752618,0.564380,0.492989,0.397490,0.363636
batch 1163,0.749118,0.638543,0.604498,0.624978,0.704475,0.594332,0.549014,0.473282,0.466324,0.518746,0.507782,0.770230,0.700988,0.270541,0.182244,0.150122,0.277541,0.419736,0.698853,0.529156,0.453818,0.428823,0.408822,0.445212,1.505155,0.749083,0.558254,0.458726,0.418843,0.377256
batch 1164,0.741580,0.623563,0.607641,0.618249,0.664824,0.568150,0.546278,0.454341,0.452479,0.532745,0.540328,0.750380,0.660376,0.234611,0.172021,0.146108,0.273153,0.401004,0.739113,0.549130,0.469692,0.429157,0.418752,0.482029,1.588493,0.763484,0.554551,0.484352,0.423761,0.389867
batch 1165,0.690816,0.611953,0.592139,0.603644,0.702133,0.576886,0.518234,0.448416,0.468747,0.521633,0.493410,0.739597,0.620596,0.250008,0.162084,0.132928,0.265948,0.391380,0.726987,0.564779,0.493386,0.473783,0.373194,0.474061,1.558698,0.746331,0.548237,0.448367,0.424015,0.386688
batch 1166,0.759080,0.628158,0.583593,0.616256,0.702992,0.592373,0.553685,0.470713,0.465909,0.514549,0.512224,0.761081,0.699375,0.262422,0.176358,0.150423,0.270959,0.417311,0.698063,0.546301,0.477083,0.433644,0.379674,0.438851,1.479546,0.736101,0.550046,0.454403,0.413072,0.372363
batch 1167,0.956483,0.648138,0.575056,0.532073,0.586498,0.544088,0.698215,0.492418,0.498142,0.522560,0.528312,0.696192,0.941649,0.235397,0.173257,0.133564,0.238210,0.357388,0.782623,0.623001,0.541619,0.446240,0.418626,0.442038,1.611461,0.749336,0.535503,0.454147,0.388442,0.323292
batch 1168,0.927017,0.731361,0.662378,0.651107,0.669880,0.622926,0.639540,0.490962,0.489405,0.540659,0.541913,0.779144,0.863732,0.240196,0.181413,0.140198,0.303900,0.423525,0.812916,0.598394,0.536453,0.481817,0.396240,0.439932,1.632738,0.781519,0.571070,0.455355,0.383692,0.345436
batch 1169,0.757161,0.620612,0.591386,0.616888,0.739647,0.591285,0.565355,0.467982,0.466216,0.526221,0.518637,0.772809,0.677656,0.263931,0.197739,0.151709,0.307735,0.418945,0.751093,0.547022,0.470111,0.449250,0.413706,0.440027,1.566489,0.767848,0.566048,0.487918,0.411398,0.358503
batch 1170,0.782760,0.631158,0.592467,0.595434,0.664726,0.584505,0.558426,0.457706,0.455995,0.511906,0.500422,0.709380,0.694198,0.244984,0.185523,0.141168,0.267924,0.387043,0.745475,0.591182,0.491387,0.406090,0.381841,0.455936,1.485727,0.722932,0.539265,0.441896,0.424039,0.374459
batch 1171,0.759780,0.632301,0.599761,0.607972,0.622999,0.581300,0.562590,0.466477,0.458859,0.518414,0.522751,0.766870,0.743124,0.256412,0.179519,0.152857,0.260404,0.407892,0.711104,0.549817,0.467887,0.411708,0.395464,0.462715,1.548941,0.724863,0.525474,0.444088,0.419376,0.384782
batch 1172,0.824055,0.657464,0.619984,0.599917,0.673607,0.565184,0.596758,0.467855,0.459205,0.515637,0.535748,0.763671,0.794443,0.215108,0.164443,0.140543,0.267250,0.405939,0.780178,0.644092,0.530143,0.434729,0.376738,0.435254,1.581028,0.698120,0.491080,0.392949,0.397079,0.355001
batch 1173,0.826619,0.657241,0.612668,0.595010,0.666653,0.578909,0.608027,0.457126,0.462525,0.530652,0.531772,0.746661,0.774360,0.225819,0.174501,0.139972,0.277976,0.396746,0.773166,0.603232,0.550760,0.428293,0.422179,0.449228,1.497908,0.715222,0.544566,0.445865,0.385031,0.337452
batch 1174,0.778320,0.655427,0.622216,0.651967,0.686828,0.588259,0.586366,0.467281,0.466636,0.530632,0.527098,0.788418,0.718661,0.246824,0.187023,0.146351,0.299059,0.418244,0.763721,0.547632,0.446604,0.467416,0.454420,0.445673,1.525222,0.766541,0.566995,0.448482,0.419368,0.382479
batch 1175,0.768473,0.610107,0.599237,0.612368,0.696476,0.593997,0.530317,0.453631,0.456629,0.514726,0.531397,0.720543,0.680059,0.271520,0.174746,0.149881,0.278214,0.393779,0.736053,0.528087,0.472337,0.428124,0.403441,0.471470,1.471986,0.697381,0.529635,0.455064,0.402015,0.388654
batch 1176,0.807735,0.665560,0.654927,0.654408,0.709554,0.616820,0.549549,0.478675,0.462640,0.517914,0.500704,0.735962,0.798309,0.243123,0.165856,0.131129,0.275395,0.402921,0.707507,0.529793,0.512218,0.444010,0.412346,0.507800,1.378439,0.635746,0.506008,0.456928,0.394037,0.359183
batch 1177,0.765586,0.634524,0.637994,0.630086,0.703592,0.595919,0.563846,0.481123,0.470977,0.527962,0.511558,0.755941,0.724025,0.253848,0.167775,0.141679,0.279090,0.408267,0.670157,0.503235,0.458612,0.427856,0.383817,0.470050,1.370614,0.685453,0.507039,0.449032,0.409315,0.400914
batch 1178,0.760700,0.655489,0.601457,0.618230,0.711943,0.592068,0.541441,0.455023,0.464701,0.520454,0.515545,0.736869,0.715834,0.240625,0.162843,0.145415,0.274387,0.391643,0.728185,0.551481,0.500681,0.427726,0.369607,0.484670,1.475735,0.691085,0.536456,0.458973,0.403873,0.359441
batch 1179,0.761777,0.632003,0.619868,0.633824,0.709608,0.612144,0.552644,0.469608,0.470950,0.529138,0.520990,0.725470,0.693694,0.244779,0.181980,0.139927,0.274458,0.388751,0.722008,0.544160,0.476172,0.429836,0.402216,0.486347,1.461652,0.722980,0.556155,0.461451,0.402225,0.353429
batch 1180,0.776064,0.651612,0.647998,0.649200,0.701250,0.606158,0.551403,0.468849,0.469402,0.523745,0.511689,0.765166,0.729667,0.260619,0.169595,0.138974,0.300165,0.411924,0.717093,0.535653,0.482561,0.432300,0.386317,0.469642,1.489588,0.745065,0.570751,0.491110,0.414870,0.380314
batch 1181,0.779670,0.640335,0.622560,0.626838,0.710129,0.624862,0.549191,0.464038,0.472238,0.533223,0.516249,0.733921,0.691406,0.248869,0.168999,0.138042,0.273901,0.412428,0.802789,0.576970,0.520298,0.469767,0.391789,0.456298,1.608257,0.787036,0.550005,0.484804,0.412227,0.364734
batch 1182,0.862438,0.649005,0.631595,0.597274,0.688788,0.597596,0.624669,0.468993,0.469459,0.532419,0.512296,0.751659,0.847776,0.225269,0.161545,0.123709,0.268017,0.412075,0.742754,0.580235,0.518150,0.418198,0.357112,0.464727,1.478840,0.715629,0.519008,0.410704,0.398916,0.345383
batch 1183,0.793342,0.624413,0.583947,0.597064,0.702587,0.596786,0.602442,0.488639,0.484578,0.528661,0.515735,0.778887,0.732879,0.283526,0.172407,0.139091,0.272077,0.431581,0.670423,0.507260,0.443313,0.480123,0.399549,0.458858,1.492011,0.713908,0.544178,0.448894,0.420705,0.368394
batch 1184,0.779554,0.661431,0.621718,0.635166,0.698749,0.620129,0.597520,0.475733,0.486098,0.539769,0.533418,0.772110,0.746850,0.238521,0.170319,0.145331,0.294441,0.424741,0.748392,0.541186,0.479382,0.501666,0.472341,0.463574,1.566292,0.740849,0.557209,0.444864,0.429396,0.359392
batch 1185,0.701605,0.591150,0.581835,0.600955,0.681466,0.574732,0.547095,0.481210,0.471900,0.537364,0.516683,0.748628,0.690411,0.267127,0.174652,0.139603,0.273304,0.409127,0.676202,0.523479,0.466860,0.436387,0.375154,0.465101,1.423468,0.721006,0.532819,0.467424,0.419056,0.380792
batch 1186,0.820132,0.642777,0.598084,0.589088,0.629512,0.576805,0.565267,0.454091,0.443626,0.501437,0.505563,0.720249,0.722619,0.270404,0.178083,0.140497,0.253992,0.384945,0.749236,0.577697,0.493283,0.404905,0.375681,0.465113,1.535892,0.733926,0.544441,0.432254,0.429240,0.395641
batch 1187,0.782065,0.642068,0.627321,0.619739,0.695281,0.595584,0.571629,0.475205,0.467189,0.531082,0.535791,0.781446,0.712046,0.244126,0.174471,0.142273,0.281671,0.411356,0.742127,0.543901,0.470382,0.441366,0.411068,0.462308,1.489406,0.728085,0.528399,0.468405,0.395418,0.356070
batch 1188,0.838798,0.650447,0.631438,0.604868,0.653909,0.565002,0.603524,0.475422,0.467304,0.520847,0.513222,0.745402,0.850411,0.243754,0.162237,0.131829,0.258822,0.408740,0.773990,0.566264,0.494598,0.444858,0.373655,0.455131,1.506140,0.743695,0.546989,0.463320,0.390419,0.359557
batch 1189,0.833890,0.668496,0.643208,0.603401,0.695897,0.597453,0.604934,0.467835,0.479586,0.527574,0.521256,0.756726,0.828013,0.213372,0.166140,0.153519,0.274691,0.409114,0.809510,0.621655,0.521034,0.455224,0.435244,0.435546,1.539411,0.751214,0.515944,0.425393,0.378734,0.331393
batch 1190,0.679363,0.597169,0.588287,0.614853,0.662856,0.576535,0.535797,0.454171,0.457842,0.523070,0.503900,0.764759,0.702362,0.237919,0.166532,0.137838,0.272120,0.398416,0.694571,0.520869,0.462426,0.462432,0.423224,0.495585,1.403426,0.742631,0.555813,0.467087,0.429205,0.379769
batch 1191,0.750658,0.637457,0.621451,0.632310,0.698708,0.609015,0.537180,0.455183,0.461437,0.523468,0.529474,0.731972,0.723138,0.245796,0.180054,0.141259,0.274747,0.402891,0.754808,0.572822,0.497812,0.431950,0.378980,0.456806,1.453591,0.702465,0.531644,0.420417,0.394342,0.365076
batch 1192,0.742923,0.646628,0.613195,0.638570,0.691892,0.569933,0.533518,0.461332,0.465268,0.525084,0.508883,0.738280,0.720990,0.246060,0.183510,0.147996,0.270007,0.383891,0.747493,0.545919,0.477324,0.438145,0.426793,0.448999,1.525798,0.725955,0.551378,0.489918,0.398813,0.375883
batch 1193,0.726658,0.623673,0.577799,0.586392,0.710150,0.570072,0.566502,0.456889,0.465044,0.521370,0.507745,0.734329,0.677840,0.237483,0.171026,0.144333,0.281330,0.394262,0.692411,0.527074,0.454417,0.453754,0.403327,0.475256,1.503757,0.734957,0.547041,0.487494,0.420076,0.377384
batch 1194,0.739165,0.622002,0.612296,0.625381,0.685518,0.620755,0.574356,0.480898,0.493405,0.526115,0.516989,0.740918,0.721091,0.266095,0.181786,0.150635,0.284858,0.408193,0.714153,0.547695,0.491191,0.445605,0.397235,0.486241,1.481233,0.714802,0.506519,0.447099,0.414835,0.397494
batch 1195,0.759755,0.611666,0.609310,0.619155,0.700284,0.609725,0.550156,0.458897,0.458742,0.520279,0.516673,0.733689,0.679977,0.227271,0.173459,0.139870,0.266347,0.398101,0.693678,0.533489,0.461972,0.435521,0.376751,0.443794,1.435552,0.670697,0.507384,0.435785,0.397474,0.356995
batch 1196,0.912985,0.682684,0.624085,0.627265,0.665385,0.566765,0.648501,0.479627,0.490146,0.542251,0.551938,0.753760,0.885734,0.240060,0.157209,0.138955,0.271146,0.402765,0.800667,0.621309,0.549879,0.443148,0.428040,0.425240,1.634389,0.771955,0.557948,0.462755,0.378865,0.318000
batch 1197,0.734567,0.602401,0.607811,0.609399,0.669470,0.563464,0.540463,0.457950,0.453317,0.515686,0.504451,0.724619,0.710994,0.251781,0.178745,0.136677,0.279063,0.397712,0.706214,0.547294,0.466900,0.430178,0.399045,0.482462,1.464812,0.705995,0.529555,0.444601,0.431183,0.388304
batch 1198,0.718663,0.613711,0.600132,0.635242,0.692221,0.602213,0.532592,0.451380,0.468081,0.524514,0.506081,0.725812,0.686875,0.243325,0.172068,0.137477,0.273979,0.399882,0.726790,0.531591,0.494087,0.448128,0.375813,0.513964,1.531925,0.752520,0.540653,0.467934,0.398092,0.380336
batch 1199,0.764134,0.667925,0.599646,0.615491,0.718666,0.606550,0.534378,0.469771,0.477893,0.534571,0.507345,0.764264,0.695186,0.252166,0.181417,0.141468,0.281828,0.423345,0.740386,0.529414,0.469772,0.444799,0.411426,0.465537,1.573631,0.732735,0.561165,0.444717,0.412590,0.385621
batch 1200,0.725829,0.597134,0.617784,0.600299,0.679480,0.588081,0.518340,0.448350,0.448488,0.517864,0.503900,0.735441,0.661586,0.255590,0.157505,0.142970,0.269032,0.398609,0.714027,0.514852,0.477837,0.421399,0.371795,0.496197,1.467134,0.669441,0.513277,0.463157,0.407874,0.377625
batch 1201,0.960493,0.718984,0.648953,0.609434,0.668139,0.619750,0.643460,0.495589,0.471234,0.535535,0.556856,0.772226,0.936438,0.241924,0.163288,0.137962,0.285805,0.412734,0.852687,0.646399,0.515895,0.402574,0.417651,0.447159,1.487962,0.718647,0.509986,0.418762,0.371144,0.331598
batch 1202,0.877128,0.665630,0.626677,0.608575,0.689838,0.614530,0.606957,0.490590,0.484979,0.527499,0.519922,0.772829,0.835647,0.230119,0.153168,0.120891,0.276076,0.421851,0.756175,0.554493,0.493639,0.450195,0.411227,0.478406,1.495952,0.723393,0.510040,0.446292,0.384885,0.353628
batch 1203,0.720255,0.610490,0.609258,0.628565,0.713398,0.587284,0.522474,0.452878,0.460686,0.512995,0.508334,0.752984,0.673371,0.254081,0.167362,0.144197,0.273182,0.413211,0.672196,0.512898,0.479626,0.433865,0.384304,0.466434,1.416818,0.698736,0.529810,0.448781,0.436800,0.376993
batch 1204,0.834820,0.653848,0.626121,0.633604,0.698049,0.562275,0.615581,0.485345,0.480209,0.538494,0.523871,0.755574,0.818963,0.230286,0.161008,0.133526,0.262318,0.403065,0.739354,0.562679,0.516413,0.455274,0.423060,0.469554,1.519945,0.714810,0.513808,0.449788,0.383223,0.363039
batch 1205,0.737927,0.631599,0.610828,0.601941,0.673653,0.566217,0.534634,0.454610,0.450438,0.511039,0.511538,0.710281,0.631033,0.249802,0.174976,0.154434,0.265691,0.378671,0.700122,0.522627,0.464269,0.444979,0.392749,0.464471,1.437077,0.731173,0.554596,0.465893,0.436945,0.393029
batch 1206,0.735751,0.622438,0.591301,0.612052,0.668992,0.579464,0.551899,0.457466,0.459517,0.529954,0.515041,0.748288,0.676869,0.251893,0.173017,0.156388,0.270442,0.408262,0.691323,0.510828,0.448113,0.451855,0.398574,0.470676,1.464052,0.738775,0.564015,0.462528,0.429180,0.396113
batch 1207,0.732535,0.639799,0.591273,0.614119,0.651899,0.569925,0.555246,0.458382,0.462449,0.526331,0.506358,0.741724,0.693839,0.261517,0.196702,0.166218,0.259181,0.395069,0.705482,0.526349,0.450341,0.469883,0.396001,0.450899,1.478400,0.755396,0.561997,0.472281,0.436454,0.381106
batch 1208,0.779035,0.628666,0.600584,0.629425,0.677570,0.561528,0.567954,0.458730,0.481341,0.541933,0.530793,0.734799,0.759504,0.209441,0.156148,0.128136,0.265984,0.383442,0.733612,0.581850,0.541041,0.420991,0.408873,0.428616,1.657139,0.748552,0.504194,0.434297,0.376865,0.357254
batch 1209,0.779171,0.650694,0.626853,0.625403,0.726630,0.638836,0.557846,0.473053,0.492430,0.530125,0.514734,0.759267,0.748309,0.236468,0.174131,0.132434,0.279342,0.423600,0.721400,0.546992,0.481923,0.461489,0.394305,0.457371,1.517522,0.726464,0.537294,0.475479,0.411145,0.361043
batch 1210,0.862679,0.647816,0.631798,0.613502,0.690244,0.604188,0.627196,0.489106,0.477863,0.548034,0.548458,0.761097,0.871701,0.243024,0.180487,0.149867,0.286333,0.410126,0.834381,0.595427,0.528334,0.445249,0.388000,0.486026,1.623110,0.684018,0.561012,0.419119,0.395880,0.345704
batch 1211,0.748987,0.633474,0.582665,0.621141,0.701760,0.571545,0.573745,0.458570,0.463724,0.527094,0.524010,0.725634,0.696085,0.231890,0.159494,0.129349,0.278138,0.385662,0.720520,0.533824,0.439506,0.461579,0.429358,0.511398,1.531424,0.709319,0.547374,0.463656,0.412486,0.377993
batch 1212,0.735496,0.622773,0.590975,0.604895,0.671954,0.569434,0.560675,0.468666,0.462776,0.517682,0.523033,0.730426,0.701235,0.275001,0.178120,0.137691,0.268423,0.390126,0.709072,0.542940,0.472841,0.446530,0.391549,0.483874,1.559131,0.755331,0.551299,0.467665,0.444957,0.374087
batch 1213,0.777228,0.643920,0.609085,0.628079,0.666643,0.573225,0.560561,0.453868,0.444425,0.513411,0.526306,0.772101,0.691781,0.233696,0.173811,0.135041,0.277852,0.413023,0.768979,0.531220,0.451929,0.465486,0.448403,0.450805,1.586404,0.776616,0.564647,0.456255,0.429017,0.375301
batch 1214,0.797323,0.620756,0.607783,0.612919,0.646805,0.568747,0.600224,0.473212,0.462281,0.528342,0.541397,0.728301,0.780987,0.249659,0.174420,0.131632,0.264703,0.387543,0.690085,0.515848,0.454253,0.441393,0.415843,0.463127,1.437604,0.721230,0.557736,0.467292,0.431138,0.388273
batch 1215,0.818860,0.643567,0.619710,0.637701,0.733827,0.612800,0.575708,0.474350,0.485754,0.542909,0.538573,0.745989,0.737606,0.251779,0.161673,0.128755,0.279865,0.394815,0.728686,0.524458,0.478217,0.499799,0.396201,0.472064,1.545942,0.711968,0.539018,0.484258,0.400064,0.343279
batch 1216,0.774796,0.630998,0.581616,0.589662,0.688877,0.587173,0.577783,0.466789,0.472706,0.519816,0.520942,0.763633,0.686859,0.254403,0.201093,0.148215,0.273717,0.425447,0.681489,0.526424,0.464472,0.446491,0.396805,0.471696,1.432977,0.704232,0.530674,0.447416,0.407286,0.376783
batch 1217,0.783951,0.647211,0.603036,0.611542,0.669650,0.554504,0.540735,0.449601,0.442320,0.521954,0.504452,0.727198,0.703400,0.242323,0.170888,0.136871,0.271947,0.385163,0.724701,0.552119,0.499137,0.424784,0.365848,0.482983,1.566839,0.724829,0.547860,0.450273,0.439760,0.401505
batch 1218,0.794045,0.645545,0.629389,0.631113,0.741040,0.632520,0.562161,0.472258,0.475614,0.543414,0.507683,0.727822,0.757144,0.239064,0.166233,0.134462,0.286591,0.393629,0.762208,0.554257,0.497042,0.432559,0.387969,0.496946,1.586797,0.724920,0.550103,0.467093,0.407876,0.372359
batch 1219,0.832691,0.686418,0.632815,0.648501,0.747537,0.587484,0.574962,0.468149,0.474665,0.541400,0.547623,0.775011,0.805583,0.217580,0.146605,0.121161,0.279997,0.417540,0.805504,0.628435,0.523692,0.451714,0.449209,0.426913,1.626520,0.706657,0.512608,0.444737,0.383511,0.330205
batch 1220,0.783438,0.636928,0.606938,0.619922,0.656109,0.580117,0.587941,0.463353,0.466474,0.518303,0.545065,0.762567,0.744984,0.241158,0.173535,0.137281,0.273708,0.404914,0.736426,0.525397,0.462385,0.471194,0.417020,0.438739,1.420830,0.734120,0.548353,0.455914,0.407172,0.372267
batch 1221,0.706506,0.597545,0.567676,0.608819,0.665423,0.554599,0.527523,0.450969,0.449688,0.509972,0.504790,0.721423,0.687209,0.253143,0.191299,0.148513,0.252930,0.373449,0.774661,0.601784,0.514429,0.453227,0.365968,0.443834,1.590379,0.791841,0.560600,0.450620,0.387738,0.369766
batch 1222,0.714381,0.592444,0.586913,0.582521,0.629889,0.557961,0.581241,0.460558,0.457139,0.522979,0.504809,0.749365,0.716630,0.267418,0.178461,0.130647,0.255291,0.392646,0.727444,0.542329,0.470576,0.446749,0.385435,0.472436,1.508194,0.737285,0.536993,0.460033,0.428582,0.371546
batch 1223,0.850740,0.672624,0.636592,0.629358,0.704034,0.623837,0.590207,0.470387,0.471092,0.535746,0.514940,0.757967,0.867190,0.243185,0.168972,0.136456,0.284798,0.422616,0.737428,0.580295,0.533488,0.424121,0.384977,0.428777,1.530021,0.762054,0.536434,0.424287,0.379772,0.344568
batch 1224,0.882408,0.653496,0.607427,0.620527,0.678585,0.587713,0.633990,0.474806,0.471580,0.535229,0.545456,0.756673,0.888999,0.216602,0.159923,0.131116,0.276917,0.408013,0.841813,0.583705,0.486480,0.430092,0.405696,0.462568,1.534228,0.670198,0.500900,0.423404,0.343598,0.314705
batch 1225,0.795396,0.647470,0.633531,0.634768,0.675947,0.615336,0.575165,0.471800,0.471240,0.523878,0.515575,0.747572,0.759844,0.267766,0.179615,0.143496,0.273858,0.414258,0.678670,0.519516,0.467099,0.426184,0.378150,0.479417,1.463969,0.719471,0.528153,0.448812,0.433912,0.387359
batch 1226,0.798948,0.663869,0.607835,0.629101,0.649961,0.588399,0.555948,0.455640,0.464580,0.534351,0.543102,0.756278,0.779981,0.239498,0.159046,0.132760,0.276375,0.411484,0.742277,0.591919,0.512547,0.434954,0.410445,0.443472,1.484417,0.732586,0.517669,0.415462,0.378098,0.324260
batch 1227,0.731916,0.590710,0.580211,0.605743,0.658929,0.549197,0.549274,0.452624,0.464183,0.517306,0.521111,0.735486,0.677942,0.244654,0.158033,0.127700,0.252765,0.383394,0.699148,0.536792,0.456656,0.423920,0.390058,0.475023,1.433796,0.689665,0.508835,0.436725,0.429062,0.398822
batch 1228,0.718833,0.629967,0.597320,0.620028,0.670243,0.615191,0.525592,0.455159,0.460972,0.533029,0.522558,0.761427,0.689678,0.254066,0.179026,0.140828,0.278936,0.415051,0.715400,0.535741,0.459522,0.427824,0.386135,0.459212,1.523812,0.762604,0.561195,0.484272,0.432356,0.403056
batch 1229,0.782655,0.644106,0.610689,0.589291,0.635130,0.583178,0.576437,0.475802,0.475609,0.525140,0.511778,0.741848,0.768475,0.250529,0.176215,0.159875,0.267539,0.392797,0.726652,0.549731,0.508493,0.452084,0.388952,0.477782,1.505320,0.738797,0.537068,0.457830,0.408310,0.367239
batch 1230,0.800564,0.643177,0.646884,0.654994,0.764098,0.630900,0.558550,0.468977,0.472923,0.532555,0.514257,0.772934,0.735653,0.259935,0.169796,0.136999,0.288764,0.436158,0.695545,0.528174,0.471026,0.416006,0.378731,0.474710,1.448671,0.723814,0.542713,0.460710,0.427673,0.385618
batch 1231,0.936393,0.697511,0.678149,0.677171,0.753959,0.630271,0.623434,0.500142,0.505187,0.549943,0.535645,0.770691,0.919513,0.251989,0.183175,0.131975,0.289898,0.417443,0.704983,0.548408,0.498876,0.432521,0.378600,0.491488,1.440475,0.744102,0.525101,0.465039,0.384281,0.358533
batch 1232,0.831667,0.646866,0.584636,0.566143,0.625203,0.529208,0.606450,0.469426,0.486683,0.523232,0.519860,0.721919,0.780632,0.244499,0.172686,0.134632,0.253770,0.367025,0.789516,0.631758,0.537878,0.463615,0.406751,0.445081,1.599087,0.758692,0.551738,0.446237,0.389109,0.313150
batch 1233,0.777416,0.643342,0.621060,0.628297,0.714839,0.620535,0.559347,0.467586,0.462996,0.524981,0.504190,0.721577,0.716042,0.257173,0.164234,0.138219,0.282362,0.388481,0.704944,0.520126,0.468846,0.444437,0.394760,0.470175,1.450078,0.717318,0.540615,0.454833,0.416583,0.375848
batch 1234,0.778379,0.642323,0.610085,0.638110,0.715313,0.612493,0.569173,0.472244,0.465061,0.528495,0.535097,0.757337,0.719290,0.245695,0.167196,0.135812,0.288840,0.431686,0.681712,0.500576,0.442498,0.450848,0.395132,0.490207,1.417251,0.687950,0.528229,0.461208,0.412997,0.363797
batch 1235,0.739215,0.612693,0.596068,0.584019,0.659932,0.573999,0.550936,0.456308,0.459619,0.518932,0.508088,0.707637,0.677362,0.267038,0.172474,0.140901,0.263184,0.374656,0.708002,0.539619,0.492211,0.451948,0.391981,0.435111,1.458762,0.706312,0.552929,0.456907,0.417023,0.364958
batch 1236,0.849826,0.673999,0.581506,0.619047,0.692517,0.578954,0.604010,0.475243,0.471366,0.511459,0.513711,0.692711,0.743582,0.283798,0.187905,0.148009,0.270463,0.366333,0.721187,0.521777,0.453667,0.422523,0.399175,0.458778,1.364666,0.653779,0.532475,0.448725,0.424871,0.359218
batch 1237,0.892597,0.663705,0.651189,0.611734,0.689095,0.584756,0.651583,0.485508,0.477383,0.545483,0.540279,0.759896,0.914136,0.231950,0.155393,0.121526,0.267771,0.416687,0.829317,0.646382,0.524396,0.451653,0.422043,0.461511,1.604820,0.704202,0.515369,0.403788,0.358614,0.325592
batch 1238,0.842706,0.652240,0.635546,0.618888,0.682898,0.622662,0.616785,0.492124,0.478909,0.547493,0.548755,0.756365,0.851691,0.231137,0.163587,0.131593,0.277248,0.431637,0.744296,0.554645,0.487526,0.407654,0.369794,0.494685,1.493261,0.668174,0.515215,0.429740,0.404717,0.367203
batch 1239,0.692034,0.609880,0.595567,0.625391,0.695723,0.609722,0.509988,0.451159,0.453847,0.523441,0.514964,0.759008,0.746727,0.246601,0.167216,0.149317,0.278319,0.420552,0.760555,0.571422,0.512522,0.423307,0.375084,0.457928,1.530926,0.728666,0.534805,0.454683,0.383557,0.356954
batch 1240,0.775873,0.638423,0.593122,0.595990,0.677180,0.560289,0.555118,0.472328,0.469903,0.518137,0.522362,0.733466,0.699399,0.254434,0.188630,0.175783,0.281312,0.389639,0.691249,0.501432,0.461107,0.431939,0.391726,0.477209,1.519614,0.723463,0.542292,0.454038,0.428075,0.387531
batch 1241,0.799724,0.644853,0.606634,0.617971,0.734603,0.601439,0.556550,0.465192,0.467324,0.535006,0.526201,0.750930,0.693399,0.233860,0.170982,0.129926,0.281028,0.405070,0.710033,0.524698,0.470545,0.454428,0.464408,0.447030,1.472929,0.729173,0.539473,0.473999,0.412233,0.364411
batch 1242,0.786132,0.659114,0.599003,0.617188,0.714557,0.599796,0.571946,0.466757,0.469557,0.521590,0.518724,0.756033,0.721783,0.244473,0.181157,0.148446,0.275552,0.405253,0.689673,0.514947,0.473571,0.468138,0.412515,0.464318,1.472421,0.718029,0.547844,0.459369,0.421187,0.374516
batch 1243,0.779820,0.660482,0.616494,0.624943,0.697909,0.598688,0.534676,0.464062,0.454601,0.518864,0.509063,0.759179,0.687478,0.244148,0.169995,0.138839,0.276282,0.411529,0.716547,0.545460,0.484693,0.444340,0.382427,0.457163,1.525319,0.730340,0.548407,0.458437,0.438939,0.378806
batch 1244,0.754990,0.637442,0.597531,0.608489,0.692187,0.605878,0.560861,0.469710,0.458076,0.518897,0.513590,0.761336,0.741226,0.289021,0.180785,0.149033,0.298216,0.419858,0.724091,0.547066,0.463195,0.430623,0.389531,0.452321,1.523817,0.775233,0.575242,0.470914,0.407838,0.382839
batch 1245,0.842492,0.666729,0.596177,0.598052,0.744264,0.603959,0.628914,0.468180,0.452866,0.533284,0.516080,0.754068,0.840133,0.220932,0.169365,0.124899,0.280174,0.412817,0.733328,0.541364,0.484316,0.488112,0.436237,0.420772,1.564433,0.723595,0.548467,0.451040,0.382700,0.325350
batch 1246,0.737024,0.637959,0.590324,0.608325,0.666664,0.587546,0.534876,0.464549,0.452060,0.519288,0.520708,0.735073,0.719554,0.269630,0.192527,0.145699,0.263704,0.400192,0.728499,0.545875,0.475896,0.413054,0.371097,0.475267,1.502032,0.743279,0.535868,0.447384,0.442595,0.390130
batch 1247,0.739493,0.644912,0.595284,0.618767,0.697099,0.592550,0.552876,0.465406,0.456888,0.515972,0.511855,0.739441,0.708657,0.256308,0.158069,0.136065,0.266925,0.398060,0.697666,0.521208,0.452948,0.428761,0.399355,0.475646,1.429426,0.690271,0.536046,0.442002,0.425250,0.401664
batch 1248,0.798600,0.650822,0.628445,0.614543,0.692111,0.575910,0.570577,0.464460,0.471644,0.521616,0.524512,0.732404,0.831350,0.236320,0.165590,0.149143,0.276781,0.396292,0.734169,0.621366,0.540273,0.453970,0.414239,0.427585,1.613085,0.764110,0.529603,0.411056,0.371620,0.319254
batch 1249,0.887750,0.683995,0.626256,0.619273,0.666375,0.610109,0.598306,0.483314,0.486379,0.537811,0.530469,0.762852,0.854299,0.237082,0.160058,0.122984,0.278383,0.412183,0.786246,0.611097,0.536763,0.402312,0.401560,0.436350,1.498964,0.760059,0.541603,0.422494,0.349686,0.324802
batch 1250,0.787449,0.634001,0.592209,0.602672,0.711027,0.606423,0.562002,0.452516,0.460405,0.519175,0.526670,0.753200,0.693412,0.226718,0.167797,0.130341,0.285052,0.405073,0.731909,0.572929,0.498869,0.450473,0.409287,0.423029,1.445572,0.743278,0.537795,0.444772,0.393988,0.347647
batch 1251,0.804764,0.645068,0.616062,0.620611,0.718635,0.595678,0.586794,0.469412,0.475395,0.517740,0.517645,0.757524,0.750997,0.275557,0.183711,0.156474,0.276292,0.421183,0.705993,0.534018,0.492506,0.451718,0.405243,0.479814,1.445288,0.722447,0.550540,0.455517,0.406816,0.374589
batch 1252,0.798172,0.630173,0.634943,0.624075,0.713786,0.630723,0.585756,0.484188,0.469638,0.533455,0.520161,0.706869,0.740880,0.241693,0.158876,0.133732,0.304786,0.393758,0.739769,0.542394,0.495505,0.446721,0.391326,0.508203,1.515747,0.675324,0.538316,0.435283,0.398841,0.379190
batch 1253,0.742482,0.629294,0.605434,0.619313,0.742926,0.600813,0.536528,0.460654,0.465280,0.520557,0.505341,0.737225,0.674777,0.240164,0.174077,0.141205,0.272617,0.395166,0.708374,0.521471,0.450976,0.436806,0.396216,0.476441,1.428329,0.683699,0.509849,0.463549,0.410863,0.381317
batch 1254,0.753404,0.641861,0.613117,0.643102,0.713305,0.609797,0.540928,0.468217,0.480130,0.532433,0.522034,0.763060,0.683092,0.248520,0.173837,0.134437,0.272957,0.407815,0.731910,0.540289,0.477764,0.464279,0.420257,0.458834,1.527654,0.771297,0.564883,0.489162,0.426977,0.377731
batch 1255,0.824617,0.686563,0.630660,0.642533,0.691738,0.625865,0.575596,0.475369,0.481148,0.545630,0.544172,0.775961,0.805359,0.225922,0.175196,0.132521,0.287539,0.418009,0.768289,0.604266,0.508980,0.443520,0.398688,0.470988,1.549576,0.736553,0.518426,0.444951,0.392090,0.382004
batch 1256,0.764041,0.620902,0.618814,0.644913,0.735557,0.609599,0.553787,0.472636,0.474290,0.521643,0.502987,0.746399,0.736214,0.252862,0.172160,0.145135,0.285607,0.408008,0.683461,0.557735,0.500455,0.430572,0.397866,0.492536,1.490840,0.715916,0.522068,0.437226,0.422757,0.379557
batch 1257,0.811821,0.648235,0.610874,0.593149,0.652426,0.564322,0.613665,0.485083,0.460298,0.526678,0.534015,0.743746,0.803585,0.264412,0.179225,0.140625,0.291602,0.386859,0.700926,0.559020,0.497675,0.448076,0.386707,0.483376,1.567457,0.755170,0.562249,0.468819,0.411535,0.367598
batch 1258,0.731220,0.621928,0.600393,0.628253,0.656921,0.571048,0.562381,0.470813,0.461505,0.526457,0.531021,0.751998,0.705273,0.252336,0.169412,0.138033,0.266243,0.399039,0.703402,0.537945,0.461905,0.424817,0.386770,0.453798,1.486940,0.732155,0.548521,0.450246,0.424016,0.391938
batch 1259,0.741414,0.606102,0.621363,0.621910,0.696686,0.600406,0.560262,0.461057,0.462048,0.528032,0.506518,0.762047,0.712474,0.237777,0.171009,0.135831,0.268206,0.425741,0.722104,0.515763,0.467730,0.447780,0.371988,0.463600,1.446819,0.731610,0.521195,0.458531,0.421631,0.381328
batch 1260,0.819002,0.669446,0.615175,0.628432,0.751128,0.599969,0.593139,0.469724,0.474962,0.535613,0.526757,0.759327,0.787996,0.229220,0.168020,0.134225,0.284095,0.411445,0.759908,0.556869,0.520008,0.456009,0.411893,0.486938,1.676461,0.732687,0.512126,0.455947,0.402981,0.367503
batch 1261,0.843834,0.681538,0.659259,0.672169,0.749077,0.618539,0.562064,0.473867,0.478575,0.537177,0.518457,0.750373,0.778612,0.228768,0.155177,0.138261,0.295349,0.409975,0.742974,0.556587,0.499405,0.430108,0.414821,0.474719,1.415804,0.696448,0.515239,0.459002,0.371693,0.350335
batch 1262,0.890782,0.682718,0.638663,0.619415,0.676218,0.591979,0.594815,0.467661,0.480274,0.535753,0.534479,0.768687,0.773796,0.215405,0.159430,0.134376,0.283341,0.408810,0.754064,0.555558,0.509051,0.435556,0.443582,0.456358,1.627734,0.769879,0.558588,0.448876,0.419536,0.346130
batch 1263,0.857955,0.642571,0.633011,0.610628,0.694210,0.593453,0.600149,0.481730,0.492659,0.552143,0.505004,0.752678,0.832031,0.243815,0.165599,0.135072,0.261280,0.413228,0.750878,0.539932,0.487812,0.486763,0.408624,0.473645,1.541518,0.677179,0.530659,0.459402,0.401767,0.358782
batch 1264,0.928239,0.695693,0.681579,0.648979,0.750866,0.682206,0.619636,0.501932,0.492056,0.558916,0.540501,0.802032,0.911279,0.245789,0.165457,0.128084,0.307586,0.446278,0.766324,0.578015,0.513526,0.467506,0.374602,0.493056,1.644972,0.686669,0.503049,0.436022,0.387870,0.364946
batch 1265,0.775008,0.627550,0.597866,0.588720,0.640579,0.571544,0.608295,0.487101,0.484598,0.532072,0.536384,0.745429,0.761144,0.261130,0.175795,0.143781,0.257730,0.401631,0.755552,0.571012,0.510460,0.458110,0.384700,0.466053,1.616868,0.758905,0.569908,0.454083,0.439768,0.373723
batch 1266,0.832424,0.639422,0.607804,0.609892,0.694500,0.573870,0.578304,0.459455,0.461905,0.529913,0.512585,0.744581,0.740682,0.209304,0.155178,0.126644,0.272588,0.402850,0.755295,0.579566,0.539243,0.436453,0.444771,0.464202,1.510204,0.745626,0.555455,0.463683,0.386018,0.326839
batch 1267,0.804484,0.630449,0.604995,0.628067,0.673636,0.579194,0.583373,0.487910,0.495626,0.538081,0.521079,0.736562,0.771546,0.241261,0.189389,0.147601,0.257737,0.397396,0.691997,0.545480,0.497879,0.464820,0.379610,0.459597,1.505737,0.662021,0.520421,0.439488,0.400283,0.359837
batch 1268,0.758048,0.624851,0.612855,0.631989,0.687798,0.587868,0.575229,0.464457,0.473240,0.526795,0.511909,0.717449,0.699370,0.247180,0.170943,0.138922,0.260961,0.366218,0.734093,0.537538,0.505815,0.451659,0.388524,0.507108,1.606470,0.724772,0.537560,0.455156,0.410638,0.375308
batch 1269,0.742783,0.649641,0.607069,0.618817,0.676875,0.609437,0.528644,0.456115,0.457451,0.519436,0.501086,0.756466,0.692872,0.255234,0.164092,0.140052,0.271739,0.414095,0.680159,0.521303,0.453171,0.452217,0.381292,0.450275,1.433185,0.709571,0.552272,0.444017,0.409953,0.368199
batch 1270,0.799501,0.630553,0.603147,0.625090,0.708328,0.581725,0.537470,0.450948,0.453630,0.518794,0.536182,0.727603,0.752353,0.238144,0.172663,0.127753,0.271208,0.375744,0.767469,0.624967,0.552880,0.446930,0.411551,0.418410,1.491218,0.743289,0.525194,0.416377,0.378558,0.308437
batch 1271,0.713257,0.621029,0.587339,0.623235,0.715890,0.582530,0.539796,0.461769,0.465891,0.523372,0.518251,0.750111,0.683088,0.266491,0.186460,0.154613,0.291551,0.407150,0.691987,0.525016,0.467284,0.449241,0.405575,0.492184,1.536632,0.755110,0.550911,0.488925,0.433727,0.395776
batch 1272,0.747443,0.619442,0.603887,0.600043,0.676830,0.565818,0.553589,0.454016,0.456077,0.515573,0.518092,0.720648,0.703273,0.267045,0.170030,0.142672,0.260446,0.386223,0.713983,0.532433,0.454014,0.417316,0.369429,0.464805,1.441349,0.716111,0.524935,0.455764,0.411269,0.385751
batch 1273,0.822431,0.693274,0.616342,0.653098,0.680604,0.599174,0.574068,0.465501,0.473488,0.535509,0.536399,0.745889,0.793613,0.255383,0.162892,0.133807,0.282124,0.392392,0.781198,0.590716,0.490699,0.443654,0.423669,0.436737,1.481421,0.700488,0.544354,0.461400,0.396485,0.354292
batch 1274,0.704329,0.589701,0.600231,0.603893,0.660580,0.577329,0.561167,0.476820,0.467202,0.529909,0.503238,0.747869,0.687833,0.264832,0.175373,0.127284,0.256135,0.399757,0.685865,0.519671,0.453326,0.434127,0.410046,0.491745,1.431893,0.713171,0.538025,0.453672,0.416322,0.381307
batch 1275,0.802701,0.627229,0.571347,0.563419,0.614042,0.547264,0.573062,0.451866,0.462368,0.513120,0.543344,0.725059,0.722951,0.230873,0.156274,0.137401,0.271821,0.382326,0.755650,0.622010,0.516414,0.427263,0.386994,0.441704,1.473420,0.748735,0.530587,0.432781,0.372880,0.326699
batch 1276,0.784386,0.651335,0.601303,0.597745,0.676884,0.588133,0.597529,0.468972,0.468940,0.529166,0.514011,0.751244,0.739316,0.274126,0.176368,0.152976,0.286012,0.401899,0.728705,0.554183,0.492541,0.423113,0.386444,0.476683,1.399728,0.720848,0.537207,0.448023,0.430637,0.369754
batch 1277,0.707054,0.610979,0.587187,0.608182,0.672403,0.618276,0.555910,0.457814,0.473341,0.534944,0.525478,0.805454,0.696824,0.257115,0.175355,0.145388,0.287177,0.445787,0.708731,0.511071,0.441701,0.478978,0.451410,0.472555,1.520595,0.718377,0.547165,0.450749,0.409589,0.378000
batch 1278,0.838646,0.648244,0.653728,0.652542,0.736696,0.600325,0.567017,0.480916,0.464125,0.518032,0.518603,0.710840,0.771681,0.227282,0.173011,0.132316,0.283833,0.378245,0.722125,0.601242,0.499966,0.435638,0.416697,0.481621,1.378876,0.682823,0.491811,0.427841,0.400811,0.352121
batch 1279,0.711709,0.620971,0.600729,0.629040,0.679922,0.596469,0.528719,0.473974,0.461745,0.543688,0.524153,0.779713,0.679842,0.228690,0.188718,0.134792,0.279867,0.414890,0.687735,0.530381,0.431790,0.443000,0.411822,0.460530,1.446717,0.743395,0.540348,0.446298,0.415493,0.390981
batch 1280,0.730528,0.595187,0.575395,0.602353,0.659116,0.572804,0.566099,0.464209,0.461525,0.527091,0.530676,0.740863,0.664497,0.256482,0.169100,0.138802,0.260169,0.391902,0.726624,0.519787,0.458942,0.448038,0.417814,0.473330,1.424364,0.711859,0.544137,0.464031,0.426203,0.375779
batch 1281,0.894663,0.681266,0.651380,0.636716,0.746120,0.658832,0.593352,0.480701,0.473605,0.546413,0.542841,0.779328,0.889952,0.224884,0.175506,0.125372,0.291146,0.433612,0.817793,0.636025,0.538695,0.446900,0.472909,0.399010,1.588695,0.738291,0.517035,0.401705,0.362867,0.332902
batch 1282,0.782115,0.619752,0.600592,0.616172,0.708258,0.590067,0.571544,0.476219,0.476696,0.539481,0.518544,0.733051,0.740485,0.261073,0.178750,0.140619,0.282058,0.398869,0.724770,0.543655,0.489860,0.440007,0.379380,0.478510,1.560428,0.728149,0.564175,0.474316,0.428120,0.377632
batch 1283,0.769255,0.619474,0.588555,0.623625,0.737540,0.602702,0.541185,0.452567,0.459398,0.509297,0.494442,0.744992,0.724306,0.228654,0.176782,0.149543,0.267495,0.407692,0.748163,0.551687,0.498745,0.486447,0.433449,0.469325,1.513094,0.713160,0.532692,0.486143,0.394028,0.368758
batch 1284,0.781323,0.641267,0.631865,0.633275,0.725440,0.614962,0.549146,0.466369,0.465027,0.527261,0.508343,0.743731,0.692033,0.241338,0.178549,0.142356,0.279435,0.403114,0.681846,0.543558,0.464541,0.426980,0.399442,0.454988,1.420868,0.713130,0.521724,0.439644,0.402055,0.361035
batch 1285,0.712167,0.596532,0.598107,0.611332,0.684928,0.611907,0.517910,0.457113,0.461814,0.515426,0.505104,0.770716,0.653179,0.246077,0.174122,0.141020,0.269716,0.436447,0.690632,0.495706,0.455368,0.449452,0.383258,0.470895,1.373434,0.680655,0.535235,0.447345,0.409227,0.374859
batch 1286,0.786627,0.638598,0.615866,0.601925,0.711891,0.617676,0.542000,0.457071,0.449286,0.520174,0.509263,0.730603,0.698994,0.255968,0.175915,0.150697,0.283464,0.406632,0.728186,0.530111,0.467354,0.446840,0.437241,0.469163,1.470987,0.694615,0.543415,0.462043,0.419261,0.376334
batch 1287,0.849241,0.632219,0.621069,0.596606,0.673079,0.595988,0.602433,0.485466,0.464879,0.534671,0.520310,0.748815,0.804233,0.225864,0.163850,0.131925,0.271980,0.397361,0.727216,0.594205,0.483569,0.400685,0.377055,0.466157,1.440240,0.677483,0.490255,0.394332,0.378781,0.334144
batch 1288,0.819141,0.661804,0.622747,0.632120,0.709687,0.619055,0.592825,0.460158,0.461954,0.538588,0.541953,0.778253,0.791470,0.238722,0.164360,0.129124,0.293146,0.419851,0.813034,0.586286,0.499479,0.449192,0.512856,0.436223,1.616756,0.732280,0.527245,0.448762,0.374586,0.326412
batch 1289,0.807490,0.664097,0.622591,0.634363,0.704669,0.610811,0.609757,0.471554,0.473339,0.536389,0.537102,0.788295,0.773072,0.261855,0.167655,0.139827,0.286839,0.423585,0.773259,0.572473,0.522548,0.435676,0.395815,0.461412,1.523229,0.767797,0.557173,0.471111,0.396265,0.348067
batch 1290,0.776195,0.656250,0.624459,0.630133,0.707611,0.603912,0.558042,0.460905,0.465088,0.522153,0.519989,0.764718,0.681642,0.247015,0.167167,0.143046,0.281546,0.417828,0.706730,0.526560,0.463020,0.435898,0.384403,0.467758,1.465433,0.726094,0.538811,0.455647,0.426728,0.379297
batch 1291,0.721947,0.608098,0.598608,0.634046,0.722714,0.619528,0.512694,0.447567,0.459000,0.524165,0.517662,0.747222,0.684470,0.242792,0.165751,0.146137,0.276509,0.413403,0.754779,0.551571,0.487608,0.418114,0.393507,0.477124,1.518902,0.757958,0.551784,0.472028,0.401584,0.369667
batch 1292,0.887322,0.693688,0.655231,0.656503,0.724639,0.640772,0.617176,0.481456,0.480128,0.544155,0.536678,0.740086,0.834823,0.222451,0.174386,0.127795,0.286274,0.405874,0.757566,0.572990,0.505879,0.425720,0.388912,0.479644,1.450904,0.674432,0.511199,0.444344,0.379344,0.336460
batch 1293,0.731653,0.618411,0.594847,0.626912,0.664128,0.594392,0.548227,0.457002,0.454375,0.516933,0.496139,0.769152,0.691715,0.247353,0.181261,0.154481,0.278881,0.425213,0.719943,0.542750,0.473846,0.444209,0.387081,0.480688,1.521433,0.756773,0.564517,0.456195,0.396075,0.399508
batch 1294,0.821161,0.638803,0.597230,0.602617,0.682456,0.578263,0.582152,0.468793,0.462347,0.516338,0.503051,0.739939,0.748876,0.258142,0.172412,0.141864,0.326628,0.395547,0.723632,0.568907,0.481806,0.465929,0.393561,0.489779,1.599755,0.766812,0.540463,0.485750,0.400370,0.372429
batch 1295,0.796833,0.651851,0.629559,0.649919,0.744632,0.631465,0.561116,0.472111,0.487958,0.531056,0.510097,0.754716,0.736369,0.219605,0.171544,0.147503,0.281052,0.404980,0.695643,0.497248,0.469300,0.462706,0.423243,0.489464,1.433669,0.724823,0.551516,0.480421,0.409108,0.374032
batch 1296,0.733328,0.649825,0.593316,0.592899,0.649794,0.588496,0.531023,0.459898,0.470749,0.525678,0.506002,0.752521,0.690151,0.253175,0.179329,0.159499,0.269377,0.399658,0.720235,0.544099,0.460530,0.469365,0.395357,0.443289,1.540908,0.732244,0.546441,0.461740,0.426993,0.374608
batch 1297,0.760183,0.653371,0.623436,0.637180,0.692607,0.593951,0.553035,0.464862,0.464148,0.527750,0.525303,0.764476,0.690666,0.255645,0.181618,0.151774,0.287407,0.419906,0.723665,0.555893,0.486782,0.447974,0.393351,0.447805,1.509228,0.771756,0.558668,0.487359,0.416109,0.377543
batch 1298,0.873659,0.668981,0.647042,0.639023,0.732035,0.618158,0.630493,0.498313,0.493368,0.570201,0.533279,0.767565,0.943062,0.215597,0.159701,0.126572,0.286722,0.413240,0.824025,0.591507,0.539285,0.463321,0.434808,0.430523,1.586439,0.738451,0.517617,0.440489,0.376904,0.325853
batch 1299,0.847136,0.623502,0.618358,0.631407,0.692272,0.610833,0.608074,0.485158,0.481929,0.537109,0.538751,0.710009,0.795126,0.247210,0.166755,0.133522,0.264316,0.375398,0.726245,0.541048,0.469477,0.418466,0.377580,0.503767,1.491631,0.673503,0.516798,0.434290,0.404989,0.373351
batch 1300,0.841001,0.659888,0.605029,0.576458,0.623894,0.556488,0.588526,0.467660,0.465183,0.543040,0.540846,0.735327,0.836311,0.243277,0.150428,0.119678,0.257847,0.383420,0.772105,0.623773,0.519505,0.460192,0.394690,0.464752,1.695336,0.736760,0.512909,0.402083,0.361023,0.329896
batch 1301,0.753842,0.638109,0.607454,0.618544,0.690669,0.607360,0.558810,0.471682,0.468515,0.526890,0.521262,0.762878,0.722440,0.252203,0.169163,0.135374,0.282076,0.416060,0.729287,0.560938,0.482933,0.429513,0.405405,0.440405,1.505611,0.746412,0.554595,0.462259,0.398575,0.369102
batch 1302,0.754506,0.653168,0.597865,0.622389,0.692960,0.603956,0.582469,0.475410,0.468025,0.536244,0.518801,0.741664,0.763899,0.286468,0.169214,0.143990,0.268767,0.408057,0.721158,0.532154,0.452678,0.460937,0.421873,0.470474,1.418384,0.730363,0.540343,0.459410,0.430493,0.385343
batch 1303,0.837952,0.659086,0.607837,0.627414,0.656005,0.604381,0.547397,0.461119,0.458395,0.527147,0.528047,0.762985,0.845715,0.219346,0.167418,0.134681,0.272684,0.423937,0.808919,0.620238,0.534592,0.454709,0.400578,0.419546,1.591472,0.753181,0.524452,0.403783,0.372643,0.344243
batch 1304,0.744761,0.651452,0.612481,0.630488,0.714993,0.604287,0.533190,0.465736,0.463607,0.526393,0.502290,0.751871,0.698812,0.245675,0.161446,0.141089,0.279441,0.408445,0.750645,0.551632,0.476252,0.428331,0.383267,0.455806,1.501634,0.732283,0.541667,0.449243,0.398705,0.363620
batch 1305,0.826353,0.646288,0.621820,0.631226,0.725215,0.628515,0.546796,0.459481,0.460048,0.516640,0.519472,0.735510,0.778068,0.229430,0.171885,0.137472,0.282612,0.399004,0.719436,0.568977,0.499465,0.436863,0.364457,0.432513,1.473993,0.721138,0.503240,0.424214,0.370781,0.342932
batch 1306,0.759285,0.607737,0.596555,0.596461,0.705408,0.559993,0.537144,0.453503,0.459607,0.524265,0.520960,0.716545,0.716473,0.241454,0.196681,0.137385,0.266295,0.374304,0.739834,0.566742,0.497190,0.437084,0.373064,0.478418,1.547925,0.726308,0.535047,0.455281,0.405882,0.363233
batch 1307,0.739731,0.609097,0.567240,0.587332,0.695005,0.607304,0.581396,0.462601,0.466557,0.518171,0.512663,0.779507,0.717707,0.274340,0.175204,0.147661,0.275887,0.419730,0.682506,0.496901,0.442930,0.462712,0.392157,0.456835,1.462072,0.717214,0.545275,0.449346,0.415239,0.382710
batch 1308,0.847842,0.653048,0.607961,0.595559,0.653375,0.554962,0.579719,0.457837,0.451095,0.516452,0.509382,0.714397,0.771058,0.274654,0.174883,0.135461,0.261128,0.368775,0.766499,0.615955,0.496322,0.410259,0.378103,0.448531,1.466852,0.731429,0.515103,0.424548,0.409551,0.356429
batch 1309,0.828178,0.629801,0.596345,0.584010,0.692759,0.580448,0.612155,0.467311,0.472023,0.532706,0.525265,0.724624,0.782681,0.250780,0.170614,0.141228,0.296324,0.388311,0.734873,0.568689,0.539769,0.454671,0.376655,0.488659,1.621501,0.728124,0.510254,0.453750,0.383764,0.347302
batch 1310,0.716786,0.611811,0.579550,0.603179,0.684769,0.600230,0.532647,0.455961,0.456222,0.522099,0.513190,0.756129,0.654924,0.273587,0.165673,0.141678,0.267259,0.408193,0.701550,0.506396,0.458818,0.443023,0.406221,0.470632,1.505828,0.740522,0.542667,0.468863,0.450790,0.397511
batch 1311,0.849524,0.694602,0.650280,0.651458,0.707561,0.623184,0.565734,0.497415,0.504251,0.537697,0.514767,0.726384,0.822537,0.232594,0.180621,0.147517,0.299282,0.391329,0.805433,0.599865,0.498386,0.447840,0.369489,0.463551,1.573470,0.706153,0.536365,0.437990,0.398575,0.373877
batch 1312,0.818574,0.643832,0.627386,0.620254,0.694785,0.579421,0.564866,0.467677,0.469748,0.518684,0.501377,0.755100,0.746447,0.255032,0.165304,0.136175,0.269589,0.415843,0.656474,0.537409,0.490880,0.434324,0.398927,0.475642,1.404507,0.704695,0.510072,0.434654,0.414598,0.382868
batch 1313,0.773169,0.633518,0.615216,0.597753,0.690599,0.573419,0.571776,0.464431,0.468808,0.522928,0.509807,0.752812,0.727542,0.253351,0.174518,0.144818,0.265974,0.418053,0.686017,0.538506,0.470148,0.437733,0.381142,0.468208,1.463958,0.707937,0.529835,0.442574,0.448578,0.382560
batch 1314,0.788113,0.652342,0.615541,0.642048,0.708186,0.626022,0.562077,0.463761,0.468990,0.539697,0.526663,0.749136,0.767016,0.239062,0.166216,0.137690,0.278129,0.413170,0.775203,0.598642,0.549161,0.417976,0.378220,0.421135,1.519301,0.778066,0.567861,0.450365,0.412798,0.357944
batch 1315,0.721343,0.613776,0.589822,0.635231,0.690949,0.587318,0.567804,0.461117,0.462819,0.536996,0.531977,0.801975,0.686241,0.223234,0.156318,0.132341,0.287290,0.416596,0.757009,0.519271,0.466824,0.489739,0.419995,0.463958,1.528773,0.719734,0.533905,0.468334,0.407665,0.369746
batch 1316,0.823175,0.664434,0.609904,0.596074,0.655120,0.576508,0.548027,0.455965,0.458937,0.516537,0.515826,0.724529,0.738521,0.236273,0.163825,0.126372,0.257797,0.377827,0.788092,0.597658,0.541290,0.470450,0.434851,0.438428,1.690309,0.752754,0.544983,0.448416,0.394192,0.354653
batch 1317,0.883075,0.664138,0.634194,0.642689,0.715343,0.646953,0.596929,0.471488,0.473960,0.546825,0.542463,0.789080,0.829263,0.215400,0.150897,0.120103,0.291200,0.427260,0.812620,0.661043,0.556917,0.430527,0.434756,0.418175,1.637577,0.764676,0.525203,0.419191,0.372266,0.326191
batch 1318,0.822174,0.644997,0.608883,0.612097,0.674802,0.603921,0.567484,0.473060,0.469867,0.540495,0.526634,0.762141,0.751090,0.247493,0.171118,0.136002,0.268941,0.409561,0.724600,0.537581,0.513574,0.438421,0.433652,0.465038,1.557143,0.759902,0.544465,0.490143,0.379045,0.347753
batch 1319,0.717757,0.621818,0.599346,0.619909,0.711641,0.578908,0.505991,0.448150,0.452787,0.510987,0.498488,0.722037,0.635352,0.242423,0.160500,0.134611,0.271555,0.377272,0.716018,0.540099,0.480206,0.441165,0.399249,0.472506,1.508260,0.733998,0.546780,0.473602,0.422603,0.394141
batch 1320,0.791093,0.661854,0.605117,0.617167,0.690765,0.592152,0.582297,0.459718,0.455499,0.515145,0.521147,0.708973,0.792143,0.242444,0.161864,0.147302,0.279861,0.383821,0.735026,0.592507,0.526751,0.432442,0.382721,0.434375,1.547126,0.724931,0.536908,0.417011,0.387112,0.337003
batch 1321,0.731864,0.626163,0.614905,0.629253,0.663253,0.581312,0.533506,0.452158,0.452327,0.514396,0.522483,0.735522,0.668828,0.262234,0.158903,0.135434,0.262416,0.395473,0.702496,0.518755,0.454533,0.430955,0.411129,0.434864,1.389396,0.721943,0.561332,0.448589,0.423849,0.366169
batch 1322,0.777817,0.635593,0.592365,0.624302,0.661697,0.577199,0.594138,0.465891,0.463088,0.510115,0.520419,0.737668,0.708942,0.270680,0.176992,0.134163,0.270103,0.392004,0.709427,0.517045,0.452817,0.443580,0.389025,0.460122,1.463759,0.754263,0.573889,0.460086,0.430175,0.389762
batch 1323,0.745432,0.661476,0.622177,0.638608,0.702889,0.605159,0.566033,0.469030,0.467954,0.520220,0.524103,0.754540,0.726203,0.246116,0.178658,0.144082,0.299253,0.399719,0.755101,0.586336,0.503411,0.443168,0.421216,0.459225,1.557819,0.766578,0.552837,0.479715,0.383028,0.336212
batch 1324,0.760337,0.632190,0.607725,0.611647,0.670599,0.617038,0.565966,0.465672,0.462282,0.537630,0.518887,0.794675,0.713548,0.267918,0.197091,0.162093,0.293930,0.441235,0.695288,0.531058,0.433302,0.421378,0.410532,0.450985,1.441387,0.749479,0.545863,0.438819,0.409432,0.365118
batch 1325,0.787635,0.657990,0.635510,0.635893,0.711411,0.623194,0.546221,0.480156,0.471975,0.539707,0.541684,0.745805,0.751028,0.269109,0.164668,0.135078,0.306666,0.409660,0.769327,0.573722,0.503845,0.420957,0.384430,0.478573,1.531254,0.745617,0.530879,0.477680,0.402572,0.365497
batch 1326,0.783474,0.660880,0.613630,0.635644,0.701149,0.623318,0.580693,0.481168,0.475033,0.549282,0.530683,0.781000,0.753697,0.257801,0.178079,0.141432,0.282888,0.426313,0.770194,0.583156,0.502057,0.426397,0.399055,0.464825,1.645523,0.771363,0.550141,0.470696,0.410646,0.387989
batch 1327,0.953327,0.704227,0.623641,0.590397,0.707483,0.643435,0.645749,0.490340,0.479397,0.539754,0.544240,0.808958,0.903527,0.222123,0.204876,0.136422,0.295573,0.435262,0.822319,0.608515,0.539028,0.444411,0.464886,0.419092,1.569584,0.751798,0.514454,0.405081,0.358591,0.306095
batch 1328,0.921769,0.674627,0.621243,0.606866,0.679953,0.588239,0.624682,0.479497,0.478997,0.542891,0.537885,0.734569,0.837807,0.233424,0.161849,0.135705,0.307502,0.396401,0.778440,0.593248,0.531588,0.410070,0.364226,0.487381,1.637328,0.729457,0.539272,0.422764,0.391856,0.383534
batch 1329,0.791864,0.650199,0.620722,0.631864,0.694314,0.601394,0.570977,0.470150,0.470264,0.530412,0.510596,0.750523,0.736744,0.246270,0.171476,0.142431,0.281278,0.406525,0.708850,0.530100,0.457764,0.442056,0.429627,0.457067,1.503791,0.745825,0.548578,0.474345,0.425691,0.367510
batch 1330,0.814097,0.661706,0.631619,0.626551,0.705897,0.614653,0.622587,0.482431,0.474546,0.527016,0.516741,0.728287,0.861609,0.248994,0.180685,0.148327,0.282792,0.400949,0.765567,0.571506,0.515956,0.446006,0.383659,0.473791,1.487186,0.706135,0.528322,0.466771,0.400059,0.365968
batch 1331,0.887766,0.656779,0.619363,0.611576,0.732274,0.622483,0.583334,0.464035,0.457584,0.531727,0.524639,0.757688,0.840157,0.211506,0.188647,0.135880,0.282608,0.405989,0.814081,0.674112,0.561020,0.406732,0.368952,0.449998,1.586187,0.723668,0.480485,0.393327,0.370899,0.323718
batch 1332,0.772281,0.654831,0.605184,0.634196,0.689573,0.615198,0.543456,0.457159,0.465439,0.515575,0.510008,0.737700,0.725461,0.255877,0.171155,0.144677,0.269350,0.392973,0.784123,0.606129,0.532060,0.437108,0.423746,0.452693,1.617028,0.758444,0.553296,0.473024,0.401914,0.366706
batch 1333,0.823512,0.673989,0.606251,0.611967,0.677018,0.598930,0.598616,0.471900,0.471587,0.535653,0.517387,0.758680,0.874864,0.243610,0.165558,0.137509,0.282595,0.406803,0.787902,0.585666,0.505307,0.425709,0.390915,0.491576,1.520450,0.709638,0.536141,0.426746,0.386829,0.355412
batch 1334,0.719777,0.624268,0.594142,0.617832,0.703720,0.625858,0.545672,0.463355,0.463036,0.532843,0.525753,0.812632,0.669175,0.233856,0.161503,0.137056,0.288517,0.436574,0.741982,0.538778,0.438837,0.476120,0.432966,0.467625,1.506396,0.733189,0.513813,0.441966,0.411107,0.367886
batch 1335,0.813623,0.665857,0.618992,0.626234,0.680030,0.600111,0.565677,0.467465,0.467306,0.524013,0.521624,0.761066,0.756447,0.250613,0.168581,0.127599,0.283027,0.417533,0.757132,0.598095,0.519883,0.439156,0.417124,0.440216,1.547922,0.785043,0.562175,0.464260,0.399603,0.335285
batch 1336,0.862448,0.665664,0.623885,0.581282,0.659411,0.615241,0.591212,0.466910,0.469715,0.524254,0.531899,0.754436,0.790916,0.234491,0.175274,0.162560,0.273305,0.399662,0.754555,0.594319,0.569697,0.452473,0.429118,0.449894,1.553778,0.754221,0.551978,0.432431,0.392127,0.335516
batch 1337,0.874385,0.672403,0.643982,0.662255,0.725076,0.635188,0.560064,0.480697,0.488411,0.539303,0.522271,0.723676,0.866841,0.230257,0.165533,0.128719,0.274425,0.394803,0.822733,0.618327,0.556328,0.425195,0.391471,0.446790,1.574955,0.744039,0.519649,0.404116,0.388025,0.319176
batch 1338,0.714579,0.611149,0.585126,0.593221,0.653517,0.543401,0.550011,0.459506,0.449452,0.523266,0.513596,0.728013,0.737929,0.222696,0.158804,0.138214,0.263023,0.389656,0.795419,0.625977,0.541899,0.423416,0.384577,0.458935,1.539172,0.756375,0.539004,0.459396,0.412049,0.338429
batch 1339,0.797028,0.661796,0.599444,0.623859,0.713920,0.607259,0.559727,0.455711,0.457976,0.523366,0.501917,0.730326,0.695920,0.248362,0.169064,0.139626,0.293175,0.400673,0.720678,0.522059,0.455914,0.454068,0.403918,0.478620,1.523015,0.744703,0.564926,0.477325,0.427777,0.394963
batch 1340,0.749506,0.620988,0.613850,0.596154,0.659702,0.602356,0.510425,0.438815,0.461430,0.532471,0.514512,0.752088,0.745577,0.209275,0.139623,0.125751,0.270047,0.410572,0.759716,0.563510,0.508443,0.419394,0.427068,0.477703,1.477191,0.706055,0.500396,0.435778,0.390505,0.328892
batch 1341,0.759051,0.615195,0.583743,0.607260,0.642204,0.568091,0.556797,0.462670,0.454886,0.526320,0.525825,0.736419,0.678438,0.249458,0.164734,0.134196,0.270092,0.386624,0.694608,0.507040,0.451482,0.445272,0.421062,0.454380,1.454978,0.745838,0.572752,0.441906,0.422959,0.369018
batch 1342,0.856685,0.679836,0.652745,0.655874,0.722677,0.652134,0.640769,0.486073,0.485126,0.555115,0.555271,0.756227,0.870189,0.227327,0.179575,0.143112,0.288564,0.407735,0.793694,0.583550,0.493493,0.436399,0.386105,0.478381,1.364055,0.682188,0.503079,0.455096,0.392149,0.323074
batch 1343,0.767822,0.632754,0.610421,0.618928,0.654829,0.578745,0.557909,0.465199,0.447918,0.529219,0.528770,0.737384,0.712609,0.252085,0.168084,0.139600,0.272877,0.391393,0.738467,0.544590,0.473243,0.443190,0.403377,0.459907,1.444858,0.702941,0.554446,0.464640,0.418683,0.386441
batch 1344,0.779176,0.649708,0.585281,0.590398,0.645189,0.589840,0.592920,0.481951,0.470985,0.532939,0.526813,0.759788,0.753552,0.265228,0.190460,0.153466,0.272471,0.421425,0.718189,0.549233,0.479838,0.458049,0.426642,0.439722,1.538564,0.734717,0.547136,0.463328,0.423730,0.379171
batch 1345,0.870907,0.692156,0.635460,0.631727,0.724692,0.600688,0.590273,0.466747,0.468311,0.526674,0.527813,0.779400,0.820052,0.227041,0.155771,0.130373,0.285908,0.412619,0.760441,0.564383,0.528349,0.429649,0.443400,0.451630,1.463652,0.743692,0.540646,0.435634,0.420148,0.338005
batch 1346,0.734145,0.616052,0.589939,0.609553,0.690826,0.564675,0.552247,0.474927,0.480367,0.518399,0.507406,0.746709,0.666250,0.255319,0.167900,0.141853,0.267788,0.400844,0.691424,0.520281,0.468538,0.464840,0.450175,0.449997,1.491999,0.731386,0.560940,0.465151,0.418724,0.376530
batch 1347,0.770785,0.653563,0.609234,0.632519,0.707381,0.591863,0.551925,0.472534,0.468773,0.542783,0.538767,0.762760,0.694392,0.254364,0.170044,0.147387,0.286913,0.407740,0.739357,0.554452,0.473732,0.443548,0.384661,0.460406,1.591915,0.757982,0.538870,0.465463,0.434787,0.393845
batch 1348,0.736560,0.604784,0.583533,0.617632,0.698032,0.602279,0.528772,0.452753,0.452275,0.515707,0.499170,0.734874,0.681144,0.259449,0.179104,0.142436,0.268796,0.405785,0.728426,0.571180,0.499261,0.446138,0.361197,0.444035,1.515356,0.741826,0.547906,0.473265,0.421484,0.381501
batch 1349,0.920683,0.677955,0.648065,0.611995,0.701392,0.642494,0.598780,0.471538,0.469706,0.539734,0.555070,0.766688,0.857501,0.220595,0.174890,0.137800,0.287647,0.426791,0.774380,0.622311,0.532890,0.430245,0.394548,0.474154,1.712983,0.751570,0.536798,0.417039,0.400884,0.348472
batch 1350,0.919996,0.701177,0.668509,0.635400,0.709361,0.603723,0.600665,0.469134,0.467368,0.515317,0.522207,0.770073,0.839703,0.226097,0.191918,0.148214,0.273196,0.411680,0.849584,0.629627,0.555940,0.444616,0.387838,0.434480,1.653511,0.765888,0.548527,0.417346,0.406575,0.351546
batch 1351,0.851703,0.641034,0.622715,0.613586,0.703363,0.635093,0.600869,0.473521,0.469210,0.523978,0.539780,0.743494,0.830440,0.240830,0.189194,0.137734,0.283551,0.416789,0.793347,0.641312,0.551976,0.425666,0.418079,0.425288,1.582232,0.753249,0.534293,0.423661,0.375576,0.346090
batch 1352,0.832541,0.680098,0.633915,0.646178,0.740055,0.617864,0.561228,0.482077,0.480418,0.535007,0.518466,0.767300,0.812098,0.228011,0.163064,0.124977,0.287171,0.414324,0.711975,0.548038,0.460433,0.442566,0.399728,0.518454,1.505201,0.669306,0.535494,0.450964,0.408531,0.359786
batch 1353,0.767201,0.632263,0.583597,0.600923,0.682574,0.579169,0.571290,0.455950,0.463218,0.517462,0.511634,0.748780,0.758362,0.258855,0.168899,0.133304,0.276418,0.413728,0.694324,0.520128,0.467992,0.456680,0.395939,0.465036,1.489269,0.696890,0.501668,0.451323,0.428411,0.388832
batch 1354,0.692374,0.610087,0.583561,0.600400,0.687721,0.575149,0.487532,0.442936,0.451475,0.510372,0.495755,0.705819,0.648946,0.238939,0.160815,0.130910,0.265734,0.371666,0.722362,0.552937,0.483138,0.407643,0.389349,0.484101,1.429258,0.716176,0.542167,0.463402,0.402747,0.368736
batch 1355,0.745737,0.601575,0.605910,0.593834,0.668701,0.585941,0.542408,0.461128,0.459639,0.515806,0.513214,0.732947,0.691587,0.255271,0.175731,0.134566,0.257923,0.401091,0.680312,0.506091,0.450407,0.420512,0.395064,0.477384,1.428201,0.665128,0.509260,0.444891,0.411518,0.383187
batch 1356,0.746621,0.623820,0.613207,0.652544,0.713651,0.598547,0.553540,0.475166,0.477906,0.534895,0.510314,0.738942,0.767041,0.233894,0.172286,0.151099,0.279186,0.403594,0.753846,0.544468,0.485714,0.421798,0.363427,0.520479,1.650730,0.751032,0.545868,0.489797,0.405286,0.382872
batch 1357,0.762409,0.644336,0.592468,0.609633,0.702085,0.591861,0.550062,0.464411,0.464713,0.521575,0.516715,0.755993,0.697716,0.265538,0.174303,0.137001,0.275628,0.409353,0.680704,0.523315,0.478335,0.452736,0.376097,0.481600,1.417124,0.725305,0.533202,0.458167,0.413879,0.388256
batch 1358,0.778873,0.643962,0.618800,0.635222,0.719380,0.639174,0.563804,0.471787,0.480753,0.532734,0.522374,0.788116,0.761840,0.245583,0.164826,0.136402,0.287275,0.440320,0.721928,0.542015,0.489439,0.470669,0.390777,0.446771,1.451501,0.686577,0.482952,0.445870,0.389814,0.341173
batch 1359,0.784998,0.615128,0.579482,0.565449,0.640901,0.571064,0.580612,0.471279,0.453627,0.530156,0.545966,0.703359,0.731832,0.221507,0.167926,0.149780,0.263331,0.372134,0.748230,0.632295,0.534249,0.400616,0.390453,0.478625,1.433464,0.685813,0.518294,0.395110,0.380840,0.326743
batch 1360,0.831701,0.674716,0.630628,0.657254,0.704768,0.622626,0.610976,0.486722,0.480954,0.547466,0.536555,0.787253,0.834205,0.246543,0.175921,0.136545,0.282064,0.423819,0.740899,0.550066,0.495977,0.477919,0.399591,0.472068,1.645867,0.730775,0.585294,0.508993,0.408674,0.363603
batch 1361,0.778141,0.579093,0.576742,0.592746,0.662690,0.557733,0.582190,0.451041,0.462689,0.511224,0.508130,0.708649,0.731711,0.227785,0.157895,0.123192,0.243951,0.362914,0.728243,0.520819,0.479390,0.440675,0.400439,0.462182,1.462510,0.652943,0.501654,0.428903,0.413106,0.355296
batch 1362,0.761695,0.622401,0.597508,0.594943,0.692182,0.610050,0.567253,0.464299,0.447794,0.509553,0.500423,0.751949,0.696953,0.269719,0.180411,0.139856,0.314953,0.412757,0.658985,0.499349,0.415020,0.417935,0.382646,0.465931,1.299220,0.678764,0.523995,0.434488,0.424336,0.392473
batch 1363,0.737171,0.628987,0.592967,0.607198,0.663673,0.564529,0.554404,0.457151,0.447404,0.509724,0.502739,0.729744,0.681841,0.260524,0.181189,0.143274,0.254739,0.387979,0.691163,0.536914,0.467339,0.450437,0.399178,0.466212,1.515619,0.729936,0.552697,0.472860,0.431925,0.387655
batch 1364,0.770436,0.658154,0.603154,0.621432,0.681381,0.594191,0.563823,0.464328,0.469697,0.522997,0.513026,0.739902,0.731516,0.250354,0.162718,0.134414,0.276966,0.401363,0.703823,0.536261,0.473421,0.448213,0.434364,0.451780,1.460525,0.709697,0.535445,0.465960,0.424215,0.376459
batch 1365,0.803780,0.642456,0.624354,0.618966,0.681633,0.603552,0.571833,0.473284,0.475979,0.521611,0.520437,0.751231,0.744812,0.238190,0.168671,0.147600,0.271372,0.412867,0.688765,0.525069,0.492620,0.478748,0.423047,0.475846,1.600379,0.718684,0.542417,0.478805,0.407088,0.364839
batch 1366,0.724687,0.599847,0.598916,0.598224,0.707179,0.576575,0.550878,0.466303,0.462199,0.526244,0.505627,0.731986,0.655837,0.248695,0.172159,0.145115,0.287060,0.398256,0.644933,0.493944,0.452396,0.448722,0.351819,0.481622,1.381745,0.687160,0.501328,0.431704,0.403877,0.393637
batch 1367,0.817726,0.681456,0.627736,0.647416,0.715814,0.589342,0.587647,0.467140,0.477960,0.545335,0.546406,0.768429,0.811269,0.223643,0.153214,0.130468,0.280823,0.418752,0.766175,0.595680,0.526340,0.432483,0.392524,0.437735,1.537361,0.724085,0.530344,0.458563,0.381011,0.341993
batch 1368,0.833770,0.654756,0.646481,0.653450,0.771836,0.652559,0.599036,0.483534,0.482701,0.548270,0.531283,0.759424,0.806323,0.234839,0.157103,0.137834,0.294327,0.418546,0.752819,0.564442,0.494131,0.425933,0.378847,0.473786,1.409188,0.711873,0.501807,0.448133,0.392729,0.357998
batch 1369,0.822781,0.646675,0.616707,0.618477,0.693276,0.572559,0.590888,0.475063,0.465568,0.525911,0.508089,0.714398,0.778498,0.264784,0.174837,0.142822,0.274938,0.381702,0.712846,0.555366,0.497024,0.434847,0.388933,0.456664,1.530091,0.722475,0.539968,0.461764,0.424793,0.381680
batch 1370,0.791069,0.641080,0.607630,0.624452,0.784379,0.597552,0.593872,0.482587,0.482173,0.529152,0.511819,0.761066,0.720239,0.248275,0.174531,0.140267,0.289963,0.412628,0.695525,0.536351,0.492148,0.453020,0.400902,0.460301,1.519047,0.736416,0.540306,0.452408,0.421776,0.368091
batch 1371,0.755552,0.621621,0.591357,0.604699,0.647734,0.587318,0.568800,0.471707,0.470593,0.525037,0.520316,0.740601,0.697972,0.241487,0.162248,0.138951,0.260850,0.405933,0.716512,0.541615,0.463176,0.429900,0.408221,0.457316,1.514484,0.728764,0.541007,0.469518,0.433223,0.382868
batch 1372,0.889657,0.690657,0.663585,0.652010,0.723803,0.664179,0.619321,0.481132,0.476376,0.538990,0.543836,0.755774,0.836288,0.234880,0.164827,0.130895,0.296720,0.419522,0.770906,0.638021,0.519492,0.434067,0.371701,0.442298,1.602355,0.725547,0.500411,0.410497,0.383387,0.344852
batch 1373,0.720354,0.616697,0.609087,0.608326,0.688071,0.578642,0.542329,0.458181,0.454293,0.510279,0.533767,0.744420,0.682689,0.241724,0.171131,0.135827,0.282062,0.393253,0.761839,0.555472,0.488737,0.473493,0.417997,0.446244,1.532630,0.777153,0.528048,0.504199,0.410601,0.359077
batch 1374,0.809831,0.648733,0.630336,0.644746,0.720817,0.650774,0.532183,0.463377,0.468263,0.523737,0.524981,0.738822,0.744893,0.233782,0.163401,0.136707,0.286326,0.409019,0.736815,0.550724,0.485738,0.427076,0.398086,0.492848,1.508876,0.709172,0.548829,0.472283,0.409136,0.354867
batch 1375,0.764708,0.665275,0.631182,0.644502,0.680314,0.593737,0.545755,0.466266,0.463829,0.532038,0.520556,0.776775,0.715981,0.251777,0.173746,0.150067,0.294476,0.411965,0.741146,0.541069,0.450022,0.462685,0.388166,0.467294,1.558233,0.777753,0.570994,0.446350,0.434398,0.391377
batch 1376,0.744800,0.617157,0.605983,0.620997,0.700881,0.646605,0.577776,0.475856,0.468904,0.534126,0.535153,0.769431,0.657438,0.246987,0.172944,0.146731,0.293635,0.428748,0.774581,0.546896,0.480578,0.427536,0.407596,0.480540,1.456078,0.733997,0.522394,0.456712,0.397865,0.371428
batch 1377,0.781210,0.629119,0.637588,0.645085,0.707024,0.584105,0.575955,0.479655,0.481805,0.544964,0.523988,0.735326,0.776366,0.251684,0.161928,0.141547,0.277217,0.394434,0.714297,0.553713,0.510243,0.447627,0.379511,0.502155,1.622240,0.699045,0.560514,0.458739,0.416802,0.393786
batch 1378,0.756549,0.607214,0.593768,0.620089,0.714278,0.583190,0.558515,0.464242,0.470281,0.533447,0.528959,0.727762,0.725306,0.247301,0.170972,0.136717,0.267970,0.387269,0.715436,0.526579,0.504884,0.430549,0.396947,0.493890,1.445743,0.662654,0.501732,0.440345,0.414979,0.376296
batch 1379,0.836873,0.634808,0.634112,0.610995,0.680031,0.602698,0.594818,0.460873,0.465087,0.535410,0.530797,0.742739,0.838722,0.241677,0.155896,0.144694,0.299492,0.401482,0.790585,0.600140,0.515963,0.466090,0.378843,0.472235,1.699261,0.810180,0.547115,0.458720,0.376837,0.353005
batch 1380,0.842782,0.658702,0.634708,0.637064,0.726135,0.614982,0.560970,0.463891,0.462681,0.523086,0.515357,0.747500,0.754761,0.222137,0.156567,0.133858,0.284664,0.409662,0.714722,0.508286,0.488707,0.444783,0.434480,0.499619,1.489399,0.684913,0.526432,0.445065,0.408488,0.351245
batch 1381,0.771253,0.643811,0.610140,0.639822,0.699399,0.611135,0.560859,0.473582,0.474809,0.540258,0.532486,0.753873,0.723405,0.254987,0.183384,0.139642,0.273620,0.408684,0.708752,0.521528,0.495223,0.449008,0.432224,0.466587,1.499943,0.710382,0.532894,0.459674,0.424509,0.366531
batch 1382,0.724075,0.618387,0.568864,0.604165,0.733577,0.566411,0.549572,0.469567,0.464456,0.520274,0.504501,0.739313,0.671562,0.249093,0.173743,0.143041,0.275457,0.394187,0.726965,0.535764,0.470420,0.464745,0.412445,0.454916,1.494745,0.731118,0.537098,0.447786,0.424463,0.387033
batch 1383,0.783022,0.629517,0.619253,0.653670,0.754716,0.653586,0.556878,0.480605,0.477042,0.550803,0.520036,0.783139,0.782080,0.225757,0.158383,0.143930,0.292247,0.438792,0.736848,0.558582,0.493038,0.407305,0.405090,0.482865,1.621845,0.703406,0.519200,0.467500,0.409609,0.372310
batch 1384,0.843971,0.678488,0.635371,0.618333,0.684446,0.588194,0.579398,0.463876,0.460631,0.522273,0.532222,0.739440,0.797797,0.222659,0.149881,0.119188,0.267855,0.396908,0.781597,0.623619,0.539468,0.454828,0.440183,0.435791,1.507481,0.723879,0.508648,0.419053,0.393323,0.334786
batch 1385,0.857818,0.687751,0.645905,0.641650,0.693607,0.602842,0.581985,0.484654,0.481445,0.524539,0.514497,0.724114,0.797462,0.250408,0.177663,0.137472,0.267523,0.385809,0.819252,0.634990,0.531070,0.413605,0.390971,0.462088,1.481991,0.666041,0.484490,0.394857,0.402114,0.323965
batch 1386,0.741648,0.642264,0.597590,0.596389,0.664208,0.557294,0.537221,0.460216,0.454202,0.508164,0.503937,0.707847,0.710991,0.260419,0.196805,0.142333,0.264019,0.375074,0.719278,0.547660,0.501499,0.444891,0.388230,0.475904,1.499298,0.740486,0.548654,0.469631,0.434739,0.409698
batch 1387,0.807849,0.645639,0.603566,0.603322,0.676921,0.598052,0.586755,0.476109,0.471884,0.535842,0.532124,0.731715,0.753661,0.250866,0.163957,0.136303,0.273046,0.386490,0.709850,0.550430,0.492458,0.430820,0.374416,0.477400,1.553643,0.683910,0.529300,0.441251,0.404936,0.378878
batch 1388,0.749698,0.610610,0.583000,0.601566,0.677859,0.582080,0.569875,0.466791,0.459047,0.512292,0.506325,0.746569,0.694600,0.269262,0.174668,0.153108,0.258442,0.417141,0.694933,0.514651,0.450354,0.469514,0.407841,0.467331,1.481795,0.743068,0.560443,0.466853,0.418482,0.377784
batch 1389,0.824198,0.645788,0.636891,0.636350,0.694870,0.624738,0.631159,0.485924,0.484252,0.537081,0.530330,0.700248,0.854970,0.229312,0.154597,0.125777,0.275558,0.372441,0.806249,0.622899,0.509052,0.419761,0.382684,0.508070,1.591134,0.718251,0.536084,0.411443,0.378564,0.336349
batch 1390,0.717041,0.606180,0.568331,0.597137,0.694782,0.569467,0.575960,0.475680,0.472484,0.531381,0.516040,0.732726,0.682545,0.272390,0.183688,0.141391,0.260876,0.394912,0.682029,0.526132,0.464672,0.435233,0.390110,0.453441,1.467694,0.732730,0.544353,0.455024,0.440673,0.383163
batch 1391,0.908091,0.699747,0.647893,0.645089,0.690439,0.660689,0.589833,0.474681,0.487963,0.550724,0.537456,0.770151,0.862928,0.225936,0.160424,0.139903,0.286636,0.423462,0.808576,0.607860,0.516055,0.461230,0.431777,0.411783,1.645716,0.772934,0.516084,0.419095,0.363045,0.345465
batch 1392,0.838922,0.685408,0.628516,0.654977,0.684731,0.612540,0.554580,0.468127,0.476182,0.526172,0.521418,0.727095,0.767338,0.234173,0.180951,0.146693,0.272719,0.404525,0.740150,0.584346,0.501510,0.449165,0.389983,0.462419,1.583217,0.686632,0.515928,0.420916,0.377311,0.333340
batch 1393,0.754510,0.645303,0.597617,0.627090,0.650682,0.606087,0.546430,0.462649,0.467825,0.526221,0.545481,0.740289,0.753536,0.245672,0.165323,0.144068,0.272624,0.395637,0.755689,0.592984,0.494153,0.441006,0.407685,0.432871,1.456969,0.746710,0.547906,0.459085,0.380182,0.331675
batch 1394,0.735148,0.633879,0.574695,0.573324,0.578997,0.559982,0.569434,0.469012,0.478415,0.509897,0.515950,0.709131,0.787356,0.242205,0.160962,0.121944,0.263230,0.378769,0.806865,0.634133,0.514606,0.422133,0.381013,0.430543,1.573571,0.740867,0.496328,0.412499,0.376023,0.352724
batch 1395,0.732384,0.602701,0.602735,0.619086,0.718251,0.587786,0.532639,0.461236,0.468351,0.521649,0.514649,0.758684,0.699611,0.233143,0.164745,0.129576,0.275618,0.407459,0.727634,0.546097,0.481029,0.453211,0.393554,0.494648,1.549991,0.718623,0.533267,0.480227,0.422259,0.379119
batch 1396,0.753351,0.648721,0.620741,0.628323,0.704953,0.599391,0.531773,0.453036,0.455438,0.520097,0.497740,0.745497,0.655273,0.258733,0.177401,0.146467,0.277674,0.410515,0.687290,0.525962,0.446311,0.449908,0.410537,0.454091,1.514340,0.752776,0.567320,0.475486,0.442873,0.392260
batch 1397,0.875850,0.709829,0.639531,0.644023,0.662390,0.606703,0.642287,0.480747,0.477443,0.535620,0.538085,0.767263,0.858221,0.243973,0.177011,0.145054,0.276951,0.406003,0.827989,0.634145,0.537888,0.443486,0.401380,0.431307,1.499280,0.686999,0.471969,0.417275,0.337490,0.333211
batch 1398,0.822179,0.664257,0.609403,0.612432,0.758112,0.601596,0.575984,0.471241,0.474291,0.531125,0.511383,0.720065,0.801058,0.249014,0.165364,0.151928,0.319407,0.384533,0.767399,0.536701,0.555358,0.424917,0.403426,0.469265,1.572858,0.704384,0.532419,0.441623,0.408786,0.369052
batch 1399,0.761733,0.623608,0.597813,0.624000,0.699526,0.584060,0.536913,0.455779,0.464781,0.523621,0.499489,0.729151,0.675809,0.256020,0.182603,0.145869,0.258043,0.395356,0.705677,0.536035,0.483770,0.443295,0.389162,0.466979,1.471980,0.696097,0.530489,0.436400,0.422595,0.364125
batch 1400,0.793636,0.605365,0.603284,0.611093,0.681984,0.568226,0.622355,0.487770,0.478080,0.529167,0.510468,0.685522,0.811233,0.278155,0.174849,0.133809,0.262880,0.350717,0.708235,0.531684,0.497513,0.443018,0.389541,0.506864,1.505390,0.667925,0.508792,0.453289,0.401226,0.381874
batch 1401,0.783273,0.641253,0.619565,0.597060,0.667391,0.619029,0.598108,0.474542,0.469474,0.532290,0.532071,0.741286,0.818627,0.240200,0.166625,0.133709,0.273655,0.416974,0.790735,0.591717,0.519387,0.429570,0.383656,0.472909,1.487372,0.672534,0.502494,0.412161,0.382227,0.348516
batch 1402,0.824009,0.653519,0.637795,0.622741,0.656578,0.565982,0.590903,0.479493,0.469081,0.514127,0.521423,0.741394,0.755384,0.247464,0.169734,0.139741,0.273484,0.400675,0.738510,0.565341,0.489992,0.427292,0.398316,0.460248,1.530976,0.716377,0.547831,0.442230,0.419923,0.370888
batch 1403,0.789786,0.625458,0.625800,0.616533,0.688053,0.587804,0.556220,0.459970,0.459153,0.521357,0.515143,0.738272,0.700748,0.247744,0.169336,0.129557,0.269635,0.407983,0.686317,0.504940,0.445030,0.446814,0.386577,0.495870,1.449694,0.684862,0.510862,0.451367,0.401241,0.382251
batch 1404,0.750870,0.616838,0.584965,0.597923,0.637382,0.563621,0.547153,0.461322,0.453425,0.513918,0.502519,0.728751,0.737973,0.255010,0.177928,0.139570,0.259668,0.401806,0.765133,0.565265,0.513083,0.402139,0.395367,0.454893,1.521345,0.731194,0.516080,0.454076,0.386247,0.348587
batch 1405,0.800756,0.648026,0.638562,0.627813,0.711007,0.636281,0.589624,0.471063,0.456326,0.523583,0.507199,0.729258,0.770558,0.263358,0.178096,0.144471,0.285229,0.404355,0.763734,0.606545,0.501463,0.417706,0.361856,0.473830,1.590907,0.738802,0.540593,0.452114,0.426501,0.373166
batch 1406,0.696200,0.590083,0.566586,0.592381,0.680467,0.583005,0.521269,0.466775,0.462853,0.508282,0.502895,0.768878,0.627739,0.272245,0.172145,0.141162,0.271331,0.421400,0.691043,0.511503,0.428627,0.436471,0.388282,0.461578,1.431595,0.725585,0.532916,0.446077,0.420815,0.374175
batch 1407,0.745248,0.617807,0.601280,0.607652,0.730107,0.588628,0.558101,0.466892,0.466865,0.529676,0.520966,0.762689,0.720196,0.249319,0.169967,0.140347,0.279910,0.425604,0.725992,0.552305,0.485865,0.448391,0.385567,0.469823,1.533688,0.722281,0.545364,0.461173,0.426957,0.376175
batch 1408,0.742491,0.638291,0.615789,0.649003,0.667501,0.574138,0.560166,0.455017,0.481694,0.520607,0.522251,0.784585,0.680164,0.238461,0.150787,0.132167,0.266669,0.412831,0.766827,0.551331,0.479402,0.519302,0.517575,0.447264,1.550452,0.718867,0.538375,0.459130,0.423054,0.367048
batch 1409,0.807092,0.629265,0.601092,0.608530,0.686924,0.591524,0.587693,0.478606,0.469596,0.525387,0.512987,0.733948,0.776833,0.272042,0.171683,0.139735,0.272921,0.397573,0.684089,0.544521,0.480437,0.443059,0.389980,0.483095,1.461246,0.684431,0.510999,0.432446,0.402591,0.363696
batch 1410,0.867237,0.672433,0.585033,0.611031,0.644366,0.547654,0.583230,0.446180,0.465155,0.511851,0.527767,0.713338,0.811893,0.246483,0.165739,0.128635,0.259363,0.372273,0.744370,0.610907,0.540079,0.432177,0.417727,0.408124,1.436625,0.694297,0.499845,0.407015,0.355413,0.311163
batch 1411,0.805389,0.646977,0.623087,0.635134,0.713660,0.570738,0.591955,0.472872,0.480634,0.532116,0.524275,0.749333,0.731381,0.239025,0.177224,0.144061,0.279640,0.390203,0.796912,0.567904,0.531206,0.423845,0.431287,0.473868,1.552481,0.741560,0.560393,0.451842,0.405860,0.363688
batch 1412,0.860391,0.622116,0.598300,0.609591,0.669548,0.549921,0.628063,0.463853,0.477578,0.532992,0.523539,0.738317,0.799329,0.244197,0.159336,0.135812,0.268975,0.383598,0.641900,0.515710,0.502191,0.417234,0.405206,0.443866,1.391831,0.650927,0.476438,0.418730,0.363930,0.345760
batch 1413,0.779927,0.663386,0.621678,0.628023,0.690790,0.603448,0.557360,0.471349,0.477495,0.541881,0.532316,0.768239,0.760916,0.221722,0.159574,0.126821,0.307968,0.404798,0.766923,0.545388,0.493870,0.428625,0.388212,0.504528,1.600065,0.726313,0.560772,0.511705,0.417437,0.361970
batch 1414,0.805988,0.657265,0.599187,0.612054,0.691812,0.605527,0.574768,0.457589,0.472528,0.527841,0.527612,0.741962,0.768614,0.229942,0.155602,0.135084,0.301374,0.391316,0.777370,0.590996,0.518986,0.449274,0.418393,0.418820,1.542666,0.714530,0.533379,0.447087,0.393227,0.328158
batch 1415,0.771483,0.642977,0.608252,0.618834,0.715805,0.585001,0.573405,0.473403,0.471912,0.525683,0.522665,0.758534,0.736446,0.252853,0.167155,0.135520,0.269243,0.408804,0.700097,0.538701,0.460899,0.438672,0.411471,0.449630,1.499318,0.744267,0.559586,0.461882,0.434467,0.384395
batch 1416,0.866821,0.678516,0.621641,0.597600,0.652106,0.589563,0.573726,0.459307,0.467456,0.521706,0.539964,0.745199,0.784742,0.248830,0.162881,0.149864,0.271773,0.402963,0.761379,0.613771,0.536596,0.422075,0.386349,0.442591,1.546147,0.740938,0.512697,0.452891,0.381103,0.359071
batch 1417,0.846284,0.679211,0.660474,0.649478,0.707167,0.631610,0.572702,0.482635,0.467795,0.539476,0.552216,0.758925,0.808510,0.229437,0.164230,0.140515,0.291186,0.411789,0.799317,0.639193,0.546906,0.397359,0.446674,0.430833,1.552659,0.716128,0.524897,0.406940,0.383172,0.310761
batch 1418,0.767339,0.658087,0.612766,0.604134,0.693794,0.587612,0.544557,0.464612,0.473144,0.532337,0.514630,0.749492,0.691334,0.232115,0.162837,0.126183,0.270416,0.399262,0.738066,0.531959,0.479904,0.439865,0.409041,0.472158,1.519603,0.739797,0.553132,0.461910,0.421369,0.375644
batch 1419,0.815688,0.669989,0.619720,0.621784,0.693457,0.581641,0.558731,0.480701,0.469659,0.527368,0.515530,0.731091,0.723911,0.267948,0.177048,0.140259,0.279137,0.401783,0.759778,0.571047,0.517321,0.419023,0.376793,0.478119,1.537241,0.737741,0.558071,0.451112,0.419483,0.374644
batch 1420,0.758551,0.615410,0.583978,0.616444,0.658452,0.552023,0.566783,0.456574,0.465673,0.531406,0.523697,0.719788,0.725544,0.242621,0.160028,0.126708,0.263531,0.377094,0.699058,0.560601,0.439650,0.452977,0.408558,0.487912,1.463376,0.724778,0.536299,0.440711,0.416660,0.369397
batch 1421,0.773569,0.625516,0.601965,0.605366,0.666209,0.588975,0.603101,0.471216,0.472526,0.535529,0.546314,0.760496,0.753678,0.253439,0.161483,0.130881,0.282759,0.406541,0.728632,0.527016,0.453853,0.462592,0.425476,0.469422,1.437092,0.724395,0.556666,0.458024,0.409112,0.374427
batch 1422,0.848803,0.666903,0.633144,0.635525,0.703489,0.615009,0.582975,0.469275,0.478509,0.540064,0.537420,0.777615,0.784784,0.225616,0.153093,0.140547,0.290675,0.409928,0.783109,0.578584,0.532865,0.440204,0.397095,0.463241,1.493980,0.719128,0.526043,0.444816,0.381061,0.324901
batch 1423,0.756940,0.644748,0.601022,0.591729,0.657893,0.573816,0.549630,0.460465,0.461382,0.523752,0.523325,0.771998,0.730420,0.250283,0.162434,0.131667,0.262114,0.397068,0.711020,0.547678,0.491106,0.492714,0.411771,0.438971,1.598639,0.740912,0.542962,0.462145,0.398990,0.368882
batch 1424,0.735632,0.620677,0.607993,0.609688,0.671959,0.588866,0.550263,0.462042,0.456602,0.516685,0.519482,0.772667,0.680796,0.249712,0.181545,0.139423,0.271011,0.416061,0.719767,0.524197,0.462029,0.451957,0.395513,0.467701,1.504935,0.738991,0.547525,0.455572,0.420959,0.379772
batch 1425,0.786216,0.616012,0.601451,0.601184,0.674323,0.575190,0.578830,0.467980,0.460435,0.522635,0.541541,0.739823,0.724227,0.244127,0.170722,0.134714,0.281699,0.406095,0.727919,0.521760,0.442266,0.465812,0.429348,0.460281,1.542897,0.730969,0.556815,0.466340,0.437223,0.385655
batch 1426,0.788604,0.657477,0.641087,0.622626,0.705768,0.593112,0.546179,0.469702,0.482658,0.523293,0.510818,0.722641,0.747791,0.218909,0.158596,0.142402,0.282919,0.377770,0.741593,0.574579,0.526300,0.419328,0.376179,0.439185,1.422568,0.669896,0.499190,0.409655,0.385302,0.327117
batch 1427,0.697812,0.617389,0.593742,0.608265,0.670288,0.568972,0.526649,0.460435,0.453134,0.516606,0.509645,0.740806,0.688201,0.233963,0.157497,0.131225,0.266125,0.402996,0.694749,0.509054,0.444374,0.447999,0.418219,0.474305,1.498942,0.728124,0.582149,0.467489,0.421693,0.397644
batch 1428,0.839357,0.650127,0.620419,0.645079,0.719662,0.646001,0.580789,0.471537,0.467335,0.525717,0.525952,0.726161,0.794656,0.229744,0.186551,0.147233,0.277039,0.399904,0.760793,0.550231,0.524317,0.444565,0.422488,0.467079,1.507025,0.676389,0.515601,0.425854,0.396166,0.341610
batch 1429,0.755332,0.619516,0.592378,0.590343,0.653555,0.588457,0.572245,0.464094,0.470283,0.516693,0.508539,0.743967,0.697098,0.265157,0.173590,0.133627,0.263875,0.401018,0.685696,0.525036,0.470390,0.447282,0.383015,0.461009,1.429727,0.705234,0.512179,0.444575,0.392648,0.362782
batch 1430,0.908609,0.688756,0.655895,0.629485,0.703746,0.631779,0.606649,0.485980,0.473340,0.535300,0.549073,0.796973,0.857282,0.227645,0.167403,0.136159,0.287234,0.427994,0.813846,0.629882,0.501357,0.435073,0.393432,0.403125,1.540672,0.726701,0.511688,0.414598,0.372851,0.311388
batch 1431,0.852959,0.659392,0.609170,0.615303,0.712361,0.607115,0.574359,0.461588,0.458613,0.525085,0.510016,0.724121,0.814394,0.216516,0.148781,0.125753,0.268318,0.382312,0.761170,0.557738,0.539227,0.451225,0.387923,0.480637,1.682934,0.681649,0.533883,0.429532,0.403220,0.357069
batch 1432,0.810067,0.680376,0.637767,0.633916,0.721627,0.649571,0.593644,0.497101,0.488963,0.548747,0.545823,0.764455,0.808906,0.242684,0.171256,0.136987,0.287852,0.412392,0.799028,0.558899,0.467337,0.423053,0.387272,0.490588,1.477194,0.651362,0.482866,0.436850,0.422783,0.370323
batch 1433,0.748773,0.608042,0.573568,0.607564,0.686698,0.586769,0.578038,0.461090,0.461792,0.524412,0.520557,0.692725,0.731554,0.245827,0.185422,0.133703,0.251651,0.366567,0.732994,0.556610,0.503871,0.410757,0.351478,0.486745,1.410874,0.697510,0.493154,0.422208,0.407871,0.358829
batch 1434,0.858096,0.696785,0.622793,0.625170,0.700698,0.627951,0.580191,0.471925,0.466746,0.532156,0.521991,0.772367,0.808132,0.229225,0.167059,0.126009,0.282517,0.410340,0.787917,0.563692,0.478507,0.483796,0.454527,0.473347,1.585254,0.729092,0.556549,0.459301,0.381689,0.334489
batch 1435,0.795958,0.674371,0.658084,0.671550,0.705385,0.591863,0.567868,0.480661,0.472571,0.521081,0.528518,0.734691,0.782235,0.240777,0.174595,0.142084,0.277303,0.395400,0.739859,0.561740,0.488512,0.410146,0.370184,0.457965,1.434924,0.715935,0.530667,0.489067,0.375073,0.351297
batch 1436,0.727881,0.616291,0.595112,0.610446,0.731936,0.603543,0.541965,0.466540,0.473964,0.530933,0.515182,0.784223,0.673224,0.254051,0.173409,0.136709,0.282913,0.426637,0.692648,0.510284,0.451171,0.450752,0.421985,0.447441,1.447268,0.716654,0.518753,0.459655,0.419882,0.383951
batch 1437,0.793543,0.620575,0.611905,0.595924,0.653860,0.578338,0.575574,0.464068,0.464047,0.531886,0.515091,0.750985,0.802415,0.262415,0.156961,0.132513,0.262267,0.413863,0.706642,0.541181,0.471906,0.435257,0.373567,0.465209,1.441052,0.700856,0.509534,0.463255,0.402038,0.362163
batch 1438,0.822551,0.625168,0.609752,0.622241,0.686493,0.578578,0.532253,0.470557,0.474477,0.531939,0.513116,0.730567,0.738716,0.246686,0.165909,0.129983,0.271863,0.383954,0.743454,0.570535,0.476871,0.415418,0.400938,0.453308,1.480844,0.677692,0.520810,0.432378,0.380651,0.368386
batch 1439,0.750082,0.634075,0.603964,0.583780,0.688411,0.590049,0.534484,0.466754,0.457021,0.510983,0.495193,0.710514,0.715970,0.278147,0.164894,0.148867,0.265955,0.378707,0.723820,0.572718,0.489786,0.429909,0.377904,0.479822,1.435444,0.700480,0.512061,0.433882,0.389589,0.356954
batch 1440,0.835112,0.678597,0.626371,0.637282,0.724799,0.649509,0.559277,0.468750,0.463933,0.529664,0.532922,0.741333,0.769507,0.227063,0.166165,0.139131,0.286290,0.405378,0.761340,0.592509,0.515566,0.426268,0.395145,0.422637,1.488500,0.709872,0.495668,0.417955,0.368029,0.320618
batch 1441,0.854128,0.679629,0.658809,0.657640,0.717866,0.622235,0.585836,0.481072,0.477954,0.531705,0.517060,0.774145,0.841241,0.231728,0.162071,0.137739,0.297599,0.428978,0.784184,0.619574,0.525122,0.467232,0.417106,0.419925,1.578019,0.748031,0.540993,0.465713,0.361623,0.330039
batch 1442,0.712130,0.589855,0.580581,0.594881,0.657298,0.566712,0.548728,0.449672,0.450547,0.520239,0.519671,0.760256,0.667517,0.257354,0.169966,0.146811,0.260078,0.414293,0.701666,0.527454,0.477402,0.442555,0.386042,0.453793,1.437534,0.729255,0.524596,0.450794,0.401626,0.379758
batch 1443,0.790626,0.631337,0.598267,0.608462,0.653524,0.577612,0.579104,0.467154,0.458650,0.525539,0.527695,0.740137,0.734655,0.263019,0.171082,0.147611,0.265760,0.397552,0.722002,0.564598,0.495547,0.422191,0.389446,0.468579,1.547868,0.718616,0.529534,0.452234,0.419341,0.376798
batch 1444,0.769003,0.622301,0.599828,0.584249,0.656280,0.565097,0.571315,0.454768,0.447573,0.498418,0.519782,0.750845,0.694988,0.271335,0.175985,0.151266,0.280671,0.397789,0.657930,0.508915,0.450185,0.437448,0.384789,0.469277,1.328301,0.704454,0.522163,0.448145,0.413694,0.380890
batch 1445,0.787407,0.629240,0.592036,0.602076,0.700637,0.589545,0.578773,0.481496,0.480363,0.520268,0.512960,0.784940,0.708624,0.265619,0.183351,0.148841,0.271290,0.422685,0.702248,0.542477,0.478673,0.470761,0.412482,0.441716,1.502288,0.756889,0.548061,0.469463,0.417158,0.362441
batch 1446,0.722531,0.589967,0.565071,0.598232,0.681559,0.625735,0.520918,0.458635,0.463120,0.505711,0.501044,0.746921,0.696202,0.261674,0.178195,0.141868,0.275131,0.414556,0.739529,0.554900,0.469146,0.441415,0.406699,0.486097,1.537409,0.720539,0.552769,0.457930,0.413811,0.370652
batch 1447,0.847218,0.675534,0.633081,0.630276,0.725130,0.609900,0.589455,0.477889,0.468979,0.527777,0.511483,0.774679,0.771616,0.284773,0.185461,0.144463,0.305463,0.433751,0.656476,0.504724,0.432999,0.449162,0.371399,0.459224,1.444818,0.728804,0.555385,0.454988,0.433490,0.391465
batch 1448,0.787423,0.616058,0.592571,0.596819,0.715122,0.583250,0.556103,0.460740,0.473547,0.527348,0.513345,0.738523,0.692143,0.240115,0.162618,0.133369,0.270662,0.398681,0.687828,0.520460,0.447142,0.413009,0.393122,0.488647,1.415995,0.668088,0.519641,0.435542,0.407520,0.379155
batch 1449,0.785006,0.627744,0.619151,0.601192,0.666584,0.572446,0.585453,0.463571,0.454262,0.527975,0.546823,0.769697,0.724005,0.247403,0.177164,0.147769,0.295521,0.430447,0.748202,0.560968,0.437475,0.459990,0.442348,0.465598,1.568649,0.740877,0.525524,0.463887,0.415329,0.382628
batch 1450,0.808449,0.625055,0.582820,0.586080,0.671504,0.569539,0.599222,0.461576,0.459618,0.531378,0.526657,0.751095,0.762125,0.295600,0.180986,0.156119,0.299456,0.414514,0.745317,0.576466,0.501531,0.424369,0.381656,0.455822,1.474733,0.720296,0.523241,0.440231,0.395754,0.351333
batch 1451,0.831017,0.680310,0.653887,0.676979,0.708148,0.641519,0.570391,0.477371,0.467087,0.533190,0.529868,0.715712,0.790637,0.241638,0.166212,0.135845,0.288721,0.383936,0.812508,0.588993,0.512282,0.423485,0.355472,0.472016,1.662702,0.707991,0.533571,0.441906,0.397542,0.385072
batch 1452,0.800999,0.613405,0.614027,0.603841,0.655036,0.554663,0.587720,0.481518,0.470077,0.518805,0.513864,0.728207,0.788807,0.251866,0.165434,0.125319,0.252375,0.387908,0.708301,0.532946,0.484802,0.475435,0.366615,0.477254,1.466545,0.686789,0.520751,0.433610,0.406247,0.356278
batch 1453,0.805363,0.669586,0.633086,0.658314,0.732230,0.641639,0.601171,0.471475,0.480084,0.540381,0.526651,0.767521,0.775884,0.228945,0.155836,0.135668,0.287344,0.423251,0.735645,0.544879,0.496332,0.453110,0.382924,0.496064,1.568559,0.717748,0.559740,0.491754,0.404554,0.383766
batch 1454,0.795527,0.659790,0.627384,0.592960,0.678764,0.590977,0.602800,0.475648,0.476491,0.541998,0.540056,0.732194,0.808753,0.254531,0.187769,0.136031,0.272937,0.387350,0.781316,0.612925,0.494640,0.474353,0.376899,0.467623,1.549979,0.703674,0.530086,0.449688,0.392903,0.365385
batch 1455,0.753741,0.624821,0.588282,0.613846,0.673857,0.581521,0.565411,0.467528,0.461759,0.518139,0.520765,0.724310,0.703069,0.259832,0.178399,0.139314,0.261241,0.392985,0.707993,0.551195,0.485757,0.454033,0.397628,0.474509,1.465120,0.745911,0.518785,0.431760,0.424418,0.362375
batch 1456,0.877110,0.702993,0.642601,0.649029,0.709592,0.637557,0.586685,0.469449,0.479415,0.535344,0.541508,0.765281,0.847407,0.234147,0.164101,0.138068,0.288539,0.411213,0.846867,0.636748,0.540105,0.426742,0.384179,0.410363,1.521574,0.702165,0.489864,0.372733,0.332641,0.292535
batch 1457,0.690954,0.619147,0.595638,0.617271,0.685371,0.619196,0.501409,0.451890,0.454002,0.518796,0.511976,0.743408,0.623697,0.248991,0.172865,0.144176,0.284052,0.407305,0.715661,0.538651,0.460890,0.455345,0.377143,0.470019,1.499038,0.736001,0.555734,0.471842,0.424214,0.391552
batch 1458,0.906644,0.674934,0.650816,0.607878,0.742180,0.641144,0.617273,0.471680,0.466490,0.527026,0.523016,0.781515,0.919482,0.216598,0.173399,0.134265,0.289772,0.420237,0.838903,0.623384,0.523483,0.443656,0.355598,0.421188,1.569774,0.686498,0.497377,0.370203,0.361899,0.313476
batch 1459,0.829115,0.702199,0.660917,0.635947,0.709358,0.649509,0.555824,0.476258,0.478149,0.532669,0.522565,0.758053,0.782680,0.231025,0.181451,0.136657,0.290948,0.411697,0.788904,0.605601,0.473577,0.419227,0.418604,0.455027,1.524868,0.739999,0.512160,0.429586,0.393035,0.347429
batch 1460,0.724387,0.626084,0.597112,0.608453,0.664570,0.601429,0.545078,0.464927,0.462381,0.513728,0.510802,0.734446,0.686173,0.257913,0.174356,0.149797,0.260439,0.401645,0.731141,0.536456,0.458239,0.444137,0.379422,0.474420,1.475598,0.722862,0.546919,0.468482,0.412811,0.368523
batch 1461,0.816030,0.649212,0.604673,0.605319,0.660773,0.587067,0.599114,0.472031,0.463006,0.515048,0.521980,0.754451,0.805155,0.256235,0.182138,0.136003,0.277500,0.409945,0.677203,0.521644,0.442398,0.427574,0.407863,0.448072,1.479222,0.735704,0.564749,0.466068,0.404817,0.367373
batch 1462,0.746640,0.624095,0.594689,0.608411,0.703837,0.586380,0.537725,0.448476,0.463021,0.509756,0.510160,0.759929,0.660218,0.249130,0.167599,0.139555,0.274416,0.415531,0.701028,0.514800,0.452366,0.461268,0.396951,0.459872,1.439219,0.722719,0.534733,0.471746,0.431346,0.371743
batch 1463,0.755986,0.657168,0.605423,0.622787,0.690491,0.586156,0.588560,0.468268,0.466717,0.534530,0.527345,0.791688,0.729029,0.257560,0.167841,0.142145,0.281292,0.430487,0.730790,0.541395,0.442014,0.468777,0.401417,0.449328,1.456624,0.712670,0.514467,0.435615,0.401375,0.356011
batch 1464,0.739858,0.629552,0.575309,0.575757,0.645848,0.565281,0.590573,0.466953,0.471182,0.521305,0.510103,0.729258,0.744674,0.281558,0.188879,0.158253,0.252917,0.396360,0.698010,0.520106,0.490804,0.442374,0.416632,0.450463,1.482234,0.698199,0.543643,0.447935,0.424489,0.389768
batch 1465,0.844499,0.650812,0.644818,0.643330,0.716028,0.640296,0.587732,0.469266,0.465899,0.519307,0.511060,0.770405,0.799847,0.223867,0.158245,0.131361,0.296182,0.426490,0.752001,0.532952,0.454092,0.400115,0.385664,0.492179,1.349922,0.651074,0.482087,0.407871,0.399834,0.330795
batch 1466,0.767193,0.632152,0.628329,0.637052,0.725289,0.606484,0.594723,0.484932,0.479280,0.541827,0.508921,0.718798,0.757208,0.253187,0.181012,0.140336,0.279324,0.383895,0.694283,0.522595,0.461200,0.446055,0.393854,0.483041,1.468077,0.697930,0.524541,0.460773,0.408080,0.371938
batch 1467,0.760469,0.632508,0.618911,0.625820,0.702844,0.577391,0.545530,0.465027,0.464586,0.515690,0.527669,0.731310,0.672579,0.243237,0.175023,0.144322,0.265157,0.386730,0.701222,0.516550,0.481941,0.444323,0.400852,0.481490,1.413760,0.710630,0.517956,0.481176,0.409338,0.373781
batch 1468,0.845155,0.676886,0.645476,0.649851,0.716968,0.623444,0.602458,0.485641,0.480703,0.543290,0.558422,0.771047,0.819560,0.251926,0.165637,0.149392,0.299594,0.426099,0.757834,0.599868,0.480847,0.417072,0.385815,0.478604,1.516957,0.734118,0.536843,0.466682,0.392661,0.363593
batch 1469,0.889507,0.658049,0.624989,0.604227,0.713734,0.588739,0.595100,0.458561,0.470986,0.545641,0.528504,0.745874,0.855441,0.229017,0.163932,0.131384,0.269963,0.408110,0.711455,0.580729,0.529883,0.424084,0.368266,0.461620,1.465121,0.679400,0.498013,0.401637,0.353256,0.334273
batch 1470,0.733992,0.601789,0.576613,0.588611,0.677918,0.600034,0.553600,0.468935,0.468603,0.516162,0.510838,0.750040,0.693905,0.282951,0.177669,0.142565,0.260361,0.401732,0.690444,0.512077,0.467554,0.439980,0.370715,0.479681,1.337778,0.666205,0.512803,0.458854,0.411066,0.370968
batch 1471,0.810194,0.662108,0.655368,0.667685,0.708996,0.643508,0.592561,0.478196,0.477187,0.536858,0.539213,0.730437,0.805529,0.234227,0.169237,0.135277,0.280799,0.395538,0.784210,0.571641,0.537153,0.433339,0.411479,0.477843,1.581942,0.715746,0.530777,0.450914,0.374962,0.349381
batch 1472,0.873284,0.731858,0.678250,0.676726,0.726390,0.624485,0.599487,0.501320,0.493456,0.548733,0.537970,0.754544,0.881131,0.239124,0.172147,0.139525,0.303365,0.408213,0.765528,0.567723,0.508499,0.469545,0.403178,0.483251,1.711947,0.705621,0.551083,0.470049,0.407841,0.368206
batch 1473,0.770241,0.641546,0.618300,0.635946,0.707844,0.597373,0.558356,0.478057,0.471730,0.520419,0.504333,0.765110,0.726654,0.258152,0.181513,0.143268,0.313136,0.422121,0.746911,0.537916,0.462149,0.448688,0.406526,0.455348,1.542852,0.754157,0.540479,0.468176,0.402552,0.368056
batch 1474,0.756475,0.666296,0.603885,0.618616,0.700374,0.570388,0.567428,0.473183,0.458602,0.522308,0.519581,0.739203,0.718890,0.269131,0.178712,0.150357,0.271618,0.403249,0.685506,0.533395,0.474295,0.450317,0.422427,0.459433,1.438225,0.729021,0.551601,0.467911,0.440492,0.383588
batch 1475,0.832383,0.614885,0.586279,0.575349,0.680220,0.556669,0.600372,0.461338,0.474844,0.527155,0.534368,0.706007,0.734231,0.244094,0.173358,0.134533,0.258803,0.356129,0.697707,0.571084,0.509245,0.417307,0.359727,0.474099,1.515399,0.698392,0.511984,0.418017,0.393646,0.346956
batch 1476,0.742836,0.617395,0.611595,0.619560,0.711190,0.613780,0.533678,0.458543,0.462941,0.525000,0.512886,0.748729,0.665176,0.249879,0.166833,0.140495,0.276033,0.414259,0.712234,0.518000,0.463933,0.438322,0.393898,0.484030,1.434454,0.702769,0.545187,0.463235,0.423619,0.376650
batch 1477,0.864798,0.661608,0.609368,0.600537,0.666255,0.578238,0.647046,0.476067,0.471199,0.530537,0.535290,0.719527,0.834914,0.211807,0.175346,0.125874,0.262325,0.375115,0.869747,0.635944,0.558088,0.435611,0.433596,0.453261,1.663523,0.699814,0.517359,0.392636,0.350311,0.305242
batch 1478,0.821904,0.666768,0.618672,0.634129,0.723808,0.603543,0.567506,0.476563,0.474288,0.534785,0.519200,0.774558,0.741917,0.260439,0.188795,0.143407,0.286823,0.424121,0.732247,0.545998,0.467314,0.462263,0.375289,0.469407,1.464261,0.747866,0.551565,0.467207,0.418370,0.367117
batch 1479,0.748908,0.622851,0.592527,0.597522,0.675358,0.571104,0.558208,0.468313,0.466027,0.523059,0.518654,0.721829,0.702152,0.248222,0.184607,0.151236,0.264474,0.384503,0.705293,0.529543,0.473629,0.432873,0.397245,0.484955,1.471877,0.725264,0.519542,0.429451,0.420309,0.373247
batch 1480,0.776808,0.642772,0.621354,0.635709,0.716674,0.605082,0.562838,0.481808,0.473948,0.547972,0.534472,0.764791,0.724737,0.239477,0.169262,0.142745,0.281096,0.413630,0.712873,0.536780,0.456735,0.454643,0.386246,0.473785,1.472786,0.706984,0.528921,0.468702,0.411547,0.369127
batch 1481,0.781871,0.645327,0.604324,0.604980,0.690800,0.593590,0.560798,0.461907,0.451366,0.514829,0.501253,0.754274,0.707987,0.249540,0.176913,0.140649,0.292545,0.410448,0.667444,0.519288,0.491810,0.447854,0.368730,0.479504,1.430857,0.686440,0.538682,0.458390,0.429553,0.393531
batch 1482,0.714648,0.602023,0.583446,0.603558,0.666449,0.567390,0.552373,0.463436,0.466990,0.517255,0.523327,0.747276,0.662062,0.252904,0.179068,0.138845,0.264645,0.396220,0.744113,0.558266,0.498220,0.452729,0.436037,0.425776,1.512456,0.739991,0.561185,0.454226,0.415722,0.365686
batch 1483,0.803341,0.663077,0.632687,0.642971,0.668700,0.612661,0.577530,0.469649,0.462921,0.516124,0.526595,0.741766,0.740857,0.255232,0.174685,0.140837,0.274561,0.387847,0.725948,0.544577,0.485782,0.461298,0.392410,0.483486,1.551816,0.738337,0.573396,0.473176,0.422731,0.363166
batch 1484,0.711352,0.615951,0.590902,0.604287,0.685104,0.604831,0.547049,0.469467,0.462767,0.537099,0.517819,0.785185,0.691149,0.260825,0.168108,0.140070,0.280120,0.436645,0.712512,0.548667,0.456692,0.494918,0.417774,0.428172,1.523944,0.713266,0.522664,0.438356,0.401133,0.381491
batch 1485,0.764702,0.647737,0.598235,0.623032,0.661217,0.592390,0.539081,0.453899,0.450735,0.514401,0.507080,0.751888,0.719964,0.256092,0.178766,0.139455,0.264987,0.417596,0.735630,0.553078,0.483934,0.454903,0.379815,0.441698,1.586386,0.741898,0.558235,0.473405,0.419748,0.370238
batch 1486,0.748820,0.600327,0.571387,0.567474,0.647417,0.573311,0.592791,0.461253,0.475330,0.507100,0.499777,0.728738,0.714228,0.281445,0.202228,0.168687,0.278215,0.402691,0.680396,0.536124,0.479394,0.427953,0.392484,0.485815,1.445201,0.719906,0.527151,0.435620,0.420533,0.364203
batch 1487,0.742934,0.637628,0.593781,0.615332,0.705214,0.585922,0.554677,0.463551,0.464934,0.529104,0.520776,0.753550,0.681975,0.265232,0.185933,0.141640,0.272630,0.412116,0.694545,0.530158,0.464259,0.486128,0.409456,0.466259,1.507911,0.740903,0.553109,0.463026,0.419445,0.402140
batch 1488,0.782516,0.656648,0.624090,0.649863,0.771944,0.638790,0.557337,0.474542,0.479138,0.552353,0.530400,0.746722,0.804274,0.235234,0.173533,0.142975,0.291914,0.398659,0.779312,0.601663,0.476067,0.426729,0.384288,0.475634,1.575562,0.751761,0.560278,0.473855,0.400273,0.369732
batch 1489,0.775995,0.643347,0.617442,0.623325,0.674340,0.589526,0.552739,0.461301,0.463648,0.526130,0.524828,0.755090,0.690888,0.241111,0.163214,0.138208,0.265644,0.402937,0.765189,0.541008,0.471533,0.454884,0.431268,0.445180,1.540701,0.738264,0.539960,0.452279,0.431013,0.385506
batch 1490,0.777403,0.661801,0.611273,0.615994,0.674258,0.608482,0.558091,0.459355,0.449780,0.508693,0.506423,0.755509,0.718245,0.293417,0.186657,0.156596,0.272245,0.412628,0.703068,0.508709,0.450645,0.444053,0.416297,0.455299,1.498792,0.740724,0.567003,0.471191,0.435007,0.403655
batch 1491,0.793619,0.642018,0.649644,0.660676,0.726064,0.624037,0.587713,0.484871,0.488301,0.541917,0.511570,0.731742,0.795001,0.246867,0.162046,0.134548,0.272519,0.397203,0.714860,0.547371,0.519782,0.426432,0.374128,0.496607,1.557765,0.689688,0.513689,0.455340,0.388367,0.356834
batch 1492,0.752416,0.603498,0.596031,0.595784,0.709092,0.602571,0.548681,0.465141,0.464340,0.524706,0.506326,0.769605,0.701536,0.278904,0.168088,0.134553,0.297418,0.435997,0.666230,0.483778,0.425387,0.433785,0.376805,0.453937,1.295956,0.674878,0.519622,0.438909,0.420633,0.384316
batch 1493,0.810010,0.637800,0.606989,0.618255,0.704147,0.585080,0.589891,0.486605,0.484514,0.532465,0.540091,0.751658,0.774736,0.258021,0.188495,0.156816,0.268241,0.405673,0.707307,0.521210,0.463498,0.424415,0.402212,0.477769,1.396299,0.655489,0.527304,0.453181,0.414881,0.361521
batch 1494,0.771855,0.629743,0.613329,0.628542,0.715910,0.580947,0.553481,0.469860,0.464807,0.521729,0.519515,0.737749,0.747642,0.245092,0.179069,0.138343,0.271913,0.397657,0.753616,0.582553,0.471466,0.437780,0.432661,0.477255,1.521381,0.697800,0.511822,0.471644,0.393110,0.346176
batch 1495,0.790100,0.667558,0.598441,0.605234,0.629326,0.556277,0.548648,0.464013,0.445318,0.515175,0.539172,0.746334,0.804609,0.219760,0.159467,0.128881,0.259448,0.396199,0.742941,0.621069,0.513381,0.449574,0.407840,0.423519,1.447925,0.733013,0.517625,0.403343,0.392613,0.338439
batch 1496,0.769133,0.585809,0.561023,0.575897,0.632463,0.553627,0.570859,0.461531,0.478551,0.521345,0.502962,0.695651,0.823894,0.246366,0.169333,0.137422,0.239738,0.377328,0.759581,0.620042,0.527822,0.406854,0.362187,0.422843,1.480529,0.675470,0.482165,0.412324,0.374991,0.350924
batch 1497,0.854395,0.695699,0.623556,0.626798,0.639952,0.572657,0.556271,0.467931,0.462533,0.519381,0.527450,0.724838,0.820471,0.243271,0.176843,0.130748,0.265807,0.382071,0.822112,0.604169,0.540667,0.421126,0.363522,0.433913,1.566929,0.751824,0.544506,0.404527,0.383315,0.331015
batch 1498,0.745559,0.647027,0.605399,0.615951,0.722022,0.581204,0.533426,0.458255,0.475010,0.525616,0.506917,0.751600,0.682235,0.244736,0.178459,0.139932,0.271798,0.403819,0.730523,0.539321,0.484574,0.466901,0.435696,0.464679,1.528704,0.742409,0.552435,0.462972,0.417869,0.376963
batch 1499,0.749825,0.637002,0.634907,0.634176,0.725488,0.588250,0.538727,0.460777,0.461536,0.513864,0.520495,0.739642,0.720445,0.230732,0.159924,0.136436,0.276268,0.389786,0.716780,0.543860,0.514755,0.424067,0.401568,0.490221,1.626689,0.723570,0.554497,0.474180,0.442468,0.379550
batch 1500,0.833919,0.700551,0.657771,0.650839,0.721349,0.648300,0.557138,0.487131,0.479346,0.534743,0.540461,0.764398,0.798880,0.224223,0.169819,0.141405,0.303636,0.408407,0.842493,0.587841,0.532394,0.436427,0.423360,0.482787,1.625022,0.734959,0.533474,0.466376,0.391533,0.337970
batch 1501,0.860971,0.661368,0.610344,0.606957,0.691281,0.609222,0.596727,0.469623,0.484402,0.533481,0.526239,0.745895,0.807967,0.263215,0.179892,0.140859,0.286294,0.392760,0.722051,0.564860,0.513903,0.480636,0.385022,0.475896,1.546933,0.730613,0.548482,0.462816,0.386555,0.335302
batch 1502,0.728641,0.594502,0.587180,0.587477,0.665759,0.581236,0.528667,0.454390,0.453042,0.513105,0.504666,0.743145,0.649884,0.263011,0.165473,0.132399,0.265399,0.399855,0.702813,0.488803,0.455712,0.464478,0.391618,0.461177,1.402823,0.696617,0.518249,0.453303,0.421452,0.373126
batch 1503,0.715248,0.595609,0.591165,0.606269,0.657814,0.555055,0.532355,0.450705,0.457366,0.515005,0.528191,0.716253,0.665013,0.237480,0.163016,0.127076,0.250028,0.378622,0.746815,0.583339,0.470059,0.408840,0.368921,0.444542,1.468863,0.706810,0.511807,0.459503,0.420568,0.379197
batch 1504,0.851043,0.637031,0.618214,0.621389,0.732310,0.609484,0.601572,0.478234,0.478510,0.541048,0.521190,0.684467,0.801692,0.228623,0.161771,0.125867,0.269356,0.370104,0.760786,0.583223,0.531720,0.409930,0.384408,0.509588,1.672634,0.644904,0.507028,0.412258,0.405900,0.355483
batch 1505,0.765707,0.674968,0.590866,0.590362,0.625994,0.579925,0.558637,0.450220,0.461496,0.522774,0.514401,0.749224,0.797436,0.245494,0.162535,0.144145,0.268210,0.393569,0.781138,0.623702,0.524438,0.437665,0.409248,0.403438,1.605456,0.746829,0.542848,0.460633,0.387062,0.340726
batch 1506,0.854491,0.687343,0.662642,0.641629,0.730099,0.673622,0.602692,0.499416,0.488912,0.551890,0.534119,0.746682,0.831735,0.236888,0.185803,0.138844,0.289105,0.412565,0.735887,0.564006,0.527242,0.408188,0.396140,0.493246,1.421323,0.709778,0.512204,0.449785,0.376734,0.345187
batch 1507,0.740737,0.617062,0.602018,0.622935,0.686825,0.599097,0.562319,0.461376,0.465035,0.518287,0.503703,0.733319,0.714062,0.264861,0.182741,0.143251,0.274519,0.390556,0.757926,0.568804,0.490747,0.444193,0.405039,0.456651,1.568892,0.760687,0.552120,0.455612,0.413903,0.383379
batch 1508,0.741319,0.640125,0.598015,0.619723,0.707310,0.571629,0.535478,0.452710,0.465757,0.531835,0.511500,0.729737,0.728316,0.256299,0.159751,0.139857,0.265421,0.393955,0.767310,0.588600,0.522024,0.432578,0.389324,0.460058,1.637296,0.724478,0.532517,0.446605,0.401261,0.358171
batch 1509,0.845379,0.653723,0.637492,0.615054,0.685674,0.600533,0.576841,0.464394,0.459121,0.517619,0.519514,0.763251,0.790227,0.228918,0.160786,0.130459,0.278887,0.407989,0.749516,0.545581,0.497437,0.472983,0.419325,0.451322,1.492440,0.703843,0.558661,0.439507,0.378591,0.345102
batch 1510,0.768220,0.644571,0.634553,0.654163,0.712574,0.608377,0.565276,0.482016,0.474017,0.529569,0.520143,0.754893,0.729502,0.251444,0.170401,0.135837,0.278677,0.405275,0.690879,0.513035,0.459646,0.427759,0.375686,0.487422,1.471156,0.699036,0.536037,0.450421,0.422990,0.394175
batch 1511,0.779789,0.622675,0.592376,0.595985,0.666597,0.585939,0.578306,0.461715,0.458974,0.521152,0.513927,0.736045,0.721408,0.280047,0.173075,0.134490,0.257124,0.400313,0.721918,0.535571,0.498021,0.447255,0.363005,0.470729,1.563087,0.723452,0.522863,0.466487,0.420071,0.382975
batch 1512,0.804725,0.666041,0.630702,0.675400,0.724897,0.623849,0.565460,0.480857,0.479774,0.531650,0.522703,0.749338,0.775165,0.239883,0.189428,0.142283,0.279675,0.404557,0.793681,0.604354,0.528427,0.444911,0.448177,0.458382,1.631684,0.759958,0.536449,0.473357,0.390125,0.365260
batch 1513,0.855116,0.671861,0.644075,0.628619,0.692534,0.607450,0.574697,0.478478,0.476427,0.535478,0.544584,0.763730,0.838402,0.226577,0.179750,0.150928,0.290926,0.409781,0.800192,0.601829,0.517766,0.451936,0.417734,0.432658,1.472487,0.727561,0.502790,0.425233,0.351739,0.316388
batch 1514,0.780331,0.672575,0.625460,0.638880,0.683444,0.588014,0.569004,0.475757,0.495585,0.541889,0.531287,0.736969,0.764595,0.238214,0.157347,0.142650,0.269701,0.388808,0.788651,0.581898,0.496393,0.437169,0.362672,0.458540,1.557584,0.704135,0.532135,0.463364,0.379815,0.356343
batch 1515,0.744755,0.632267,0.604412,0.640149,0.701655,0.600725,0.548804,0.465545,0.466879,0.524743,0.503972,0.710968,0.680282,0.267964,0.182054,0.149433,0.296938,0.389003,0.761213,0.562717,0.513269,0.443134,0.383705,0.483023,1.559584,0.722091,0.547935,0.464061,0.418182,0.393432
batch 1516,0.914727,0.676447,0.640003,0.633325,0.695992,0.597885,0.645002,0.476304,0.477506,0.531762,0.528424,0.755193,0.863982,0.249135,0.169316,0.135798,0.272356,0.403696,0.745888,0.565082,0.513240,0.424961,0.387522,0.477013,1.558401,0.711734,0.521192,0.467231,0.375401,0.341673
batch 1517,0.852731,0.624630,0.611507,0.636080,0.692789,0.575887,0.614914,0.488429,0.471474,0.522605,0.524276,0.749996,0.819376,0.265524,0.166733,0.140886,0.253945,0.402123,0.719230,0.550350,0.490182,0.439255,0.377620,0.485206,1.533555,0.706311,0.475585,0.439782,0.406672,0.381809
batch 1518,0.713888,0.589937,0.549547,0.558846,0.652358,0.543906,0.560665,0.465720,0.480145,0.523826,0.498322,0.746661,0.637932,0.262251,0.192398,0.142981,0.264822,0.401096,0.658002,0.496688,0.442902,0.474212,0.416194,0.497800,1.361929,0.677376,0.520644,0.457662,0.399751,0.367224
batch 1519,0.867771,0.668319,0.629201,0.637756,0.706647,0.633930,0.595177,0.481234,0.487877,0.549762,0.542424,0.761058,0.875826,0.224412,0.159118,0.136405,0.293412,0.412819,0.771126,0.578480,0.536263,0.422512,0.355241,0.462097,1.563325,0.730893,0.522769,0.425528,0.359575,0.350380
batch 1520,0.752647,0.636300,0.612249,0.625319,0.696983,0.617850,0.555819,0.469826,0.474502,0.516860,0.517910,0.769284,0.683093,0.247554,0.177141,0.140517,0.272805,0.424400,0.715516,0.560172,0.470854,0.445912,0.403127,0.454218,1.472341,0.753954,0.556825,0.462508,0.401550,0.360926
batch 1521,0.773552,0.634165,0.594228,0.637234,0.654700,0.591068,0.554763,0.459814,0.465451,0.531256,0.537207,0.753114,0.721220,0.241718,0.179727,0.139070,0.269913,0.405764,0.748881,0.580923,0.516768,0.424102,0.400256,0.456762,1.525098,0.736958,0.554801,0.462958,0.389055,0.376515
batch 1522,0.753921,0.627392,0.598559,0.603684,0.676285,0.588116,0.573624,0.472429,0.480679,0.516305,0.519084,0.763044,0.710132,0.255568,0.169076,0.140940,0.267091,0.421064,0.680448,0.539697,0.477085,0.449794,0.385970,0.465392,1.468732,0.723828,0.540451,0.431238,0.427167,0.373927
batch 1523,0.767074,0.655811,0.604444,0.625124,0.727837,0.621893,0.559257,0.472262,0.473287,0.533103,0.508794,0.770954,0.735509,0.264446,0.178929,0.152493,0.288562,0.422135,0.729216,0.544843,0.470003,0.440047,0.390404,0.458333,1.555233,0.738687,0.569066,0.452352,0.428692,0.369503
batch 1524,0.841666,0.662093,0.651866,0.610930,0.681531,0.603699,0.560027,0.472540,0.461680,0.534441,0.536318,0.752066,0.763638,0.247710,0.164574,0.128415,0.279769,0.405354,0.733484,0.561180,0.490690,0.408292,0.392686,0.477273,1.571324,0.721110,0.523522,0.450305,0.408316,0.349537
batch 1525,0.753461,0.632768,0.592278,0.626071,0.677389,0.563882,0.560271,0.463485,0.467393,0.520676,0.514919,0.739547,0.760646,0.249376,0.181296,0.136444,0.260557,0.393395,0.747654,0.572260,0.483354,0.445948,0.406745,0.467423,1.510378,0.744745,0.528308,0.453886,0.407256,0.378029
batch 1526,0.789593,0.659108,0.596962,0.609215,0.737360,0.599176,0.551543,0.464129,0.465718,0.536762,0.523443,0.774238,0.690137,0.237972,0.180942,0.147805,0.278160,0.420707,0.739439,0.530502,0.468747,0.444721,0.416926,0.461885,1.491978,0.725729,0.523687,0.468473,0.406701,0.361635
batch 1527,0.787992,0.662743,0.626329,0.661666,0.714393,0.602849,0.564931,0.469800,0.480214,0.534419,0.544849,0.763635,0.769592,0.231683,0.159532,0.139701,0.280991,0.402476,0.768087,0.581877,0.494187,0.425063,0.412368,0.492080,1.571455,0.737454,0.559536,0.504421,0.404878,0.374508
batch 1528,0.845121,0.653869,0.622207,0.591377,0.681553,0.582084,0.561242,0.454328,0.461235,0.523363,0.496469,0.729185,0.763083,0.241230,0.172590,0.132393,0.259243,0.393976,0.734638,0.571325,0.506066,0.402409,0.385506,0.481698,1.550685,0.694238,0.522944,0.424864,0.426776,0.378839
batch 1529,0.824267,0.632208,0.607683,0.603490,0.697221,0.563620,0.612490,0.481653,0.471357,0.539252,0.533437,0.729609,0.790800,0.233093,0.159877,0.125798,0.271017,0.386635,0.737724,0.540900,0.532551,0.432432,0.362854,0.513698,1.577795,0.677133,0.529479,0.456830,0.413580,0.359416
batch 1530,0.729450,0.626647,0.586307,0.618239,0.698537,0.598060,0.542026,0.468466,0.477695,0.533550,0.521601,0.728018,0.696685,0.259511,0.176791,0.148142,0.270350,0.393379,0.699954,0.521369,0.457999,0.425576,0.394269,0.449791,1.472490,0.701900,0.519172,0.476500,0.416683,0.366258
batch 1531,0.852195,0.618312,0.617743,0.606332,0.670610,0.584798,0.645910,0.475098,0.466199,0.545627,0.539678,0.722869,0.808627,0.259208,0.162110,0.137889,0.264584,0.384970,0.725427,0.545928,0.471626,0.415263,0.401674,0.481516,1.418145,0.692287,0.519050,0.416871,0.398785,0.368864
batch 1532,0.780238,0.643406,0.588554,0.603654,0.703109,0.583072,0.548285,0.454114,0.455945,0.516435,0.514440,0.750863,0.685722,0.279035,0.166202,0.141747,0.282057,0.412926,0.706048,0.539293,0.473812,0.422699,0.363949,0.449731,1.367490,0.696959,0.507330,0.430368,0.406503,0.364523
batch 1533,0.774476,0.635962,0.632295,0.594455,0.680755,0.573834,0.617109,0.488264,0.475635,0.539475,0.509704,0.745591,0.845236,0.247299,0.166320,0.137014,0.266640,0.414955,0.727687,0.556859,0.524558,0.420679,0.380366,0.467652,1.576181,0.690559,0.515139,0.445525,0.411920,0.363469
batch 1534,0.784582,0.627626,0.613729,0.618314,0.708490,0.596817,0.566516,0.465512,0.461975,0.529585,0.524196,0.761704,0.704955,0.252603,0.176065,0.145038,0.290824,0.415674,0.674368,0.501503,0.437888,0.431141,0.394270,0.467931,1.314967,0.704771,0.546748,0.470303,0.418505,0.361695
batch 1535,0.719718,0.634107,0.594996,0.617798,0.673684,0.586010,0.568845,0.459570,0.453179,0.520356,0.525697,0.753543,0.687434,0.260375,0.186277,0.146923,0.271739,0.401337,0.767164,0.536213,0.457279,0.466516,0.417016,0.493391,1.586336,0.732782,0.537881,0.468793,0.416409,0.383392
batch 1536,0.810705,0.655908,0.618613,0.649912,0.776923,0.624409,0.566284,0.472803,0.469615,0.543966,0.506545,0.696382,0.768493,0.235313,0.167190,0.128796,0.278509,0.377023,0.697820,0.514033,0.444320,0.469077,0.417501,0.484646,1.486476,0.683155,0.503834,0.451867,0.397374,0.345045
batch 1537,0.742503,0.621408,0.598509,0.600736,0.667165,0.584292,0.563267,0.465574,0.465567,0.518280,0.505678,0.723083,0.725189,0.262304,0.177650,0.138427,0.269472,0.395387,0.723689,0.552393,0.472421,0.436098,0.369228,0.459847,1.504071,0.707490,0.534670,0.453401,0.413016,0.369100
batch 1538,0.772812,0.669378,0.628471,0.654556,0.682346,0.599578,0.543338,0.484732,0.480216,0.526575,0.540114,0.768951,0.750122,0.226786,0.175755,0.135294,0.275107,0.403099,0.786972,0.579064,0.520477,0.430347,0.398428,0.454388,1.601871,0.736171,0.530303,0.474606,0.392306,0.355165
batch 1539,0.875970,0.664908,0.625540,0.649312,0.730380,0.623983,0.603997,0.469080,0.476285,0.537489,0.516480,0.727494,0.826211,0.214707,0.158681,0.124191,0.276682,0.389276,0.749513,0.572756,0.534460,0.468622,0.421266,0.493569,1.695852,0.769607,0.557020,0.460996,0.400874,0.336054
batch 1540,0.782520,0.637578,0.614987,0.623466,0.677541,0.612415,0.561923,0.472806,0.491260,0.528454,0.528476,0.749241,0.703270,0.250045,0.167625,0.136615,0.285983,0.414481,0.716898,0.550988,0.458326,0.447263,0.373523,0.466945,1.462165,0.723853,0.544702,0.466875,0.429954,0.367584
batch 1541,0.738181,0.630912,0.610218,0.618807,0.704330,0.620925,0.550745,0.472974,0.464813,0.520871,0.504333,0.748766,0.726786,0.261581,0.181141,0.151212,0.286212,0.405340,0.675468,0.525502,0.463603,0.447230,0.394558,0.473104,1.431118,0.719423,0.533535,0.453961,0.427957,0.372811
batch 1542,0.880279,0.661248,0.632989,0.685418,0.744197,0.604178,0.620982,0.475070,0.481285,0.547102,0.546548,0.707583,0.885068,0.220041,0.155163,0.125808,0.276961,0.384195,0.778981,0.557522,0.534931,0.448558,0.412652,0.464107,1.498196,0.630095,0.518474,0.426146,0.390158,0.339949
batch 1543,0.822109,0.671537,0.595741,0.608981,0.642762,0.595747,0.544918,0.454597,0.460498,0.509775,0.518477,0.717344,0.825406,0.244779,0.181603,0.142684,0.269585,0.379950,0.769764,0.626776,0.524743,0.458749,0.432111,0.449815,1.596731,0.765827,0.558454,0.457641,0.396703,0.337253
batch 1544,0.852291,0.729285,0.657350,0.688787,0.737229,0.650386,0.584032,0.491216,0.507399,0.558192,0.533462,0.770611,0.871246,0.239086,0.168363,0.143148,0.300959,0.420440,0.784591,0.613391,0.505207,0.445295,0.392996,0.458599,1.574305,0.748153,0.523976,0.447765,0.381513,0.368200
batch 1545,0.767392,0.655381,0.611018,0.605907,0.686250,0.597321,0.576552,0.460597,0.462443,0.514909,0.513464,0.772814,0.716492,0.259815,0.179024,0.142021,0.279083,0.424753,0.731821,0.547276,0.480757,0.437571,0.387260,0.445816,1.469275,0.759290,0.551540,0.474265,0.419186,0.381527
batch 1546,0.810788,0.646712,0.617982,0.627030,0.733128,0.617470,0.559378,0.465347,0.452121,0.514275,0.492871,0.754511,0.740769,0.276716,0.172221,0.133665,0.286686,0.425968,0.625939,0.503073,0.440609,0.444247,0.410690,0.468427,1.340291,0.685316,0.528897,0.456862,0.441510,0.374880
batch 1547,0.688641,0.584202,0.567920,0.582237,0.661257,0.574396,0.509842,0.443020,0.445918,0.506002,0.497671,0.732889,0.630285,0.237360,0.173582,0.132054,0.264684,0.394736,0.695758,0.502662,0.472781,0.460748,0.394882,0.458515,1.417417,0.701261,0.533384,0.444657,0.419803,0.372527
batch 1548,0.847285,0.701089,0.658846,0.641331,0.691787,0.602188,0.616498,0.474155,0.469588,0.538617,0.535629,0.748856,0.831051,0.221414,0.181928,0.125437,0.275603,0.408691,0.807327,0.616054,0.529817,0.422374,0.362695,0.433649,1.536242,0.689763,0.493976,0.386731,0.365706,0.320505
batch 1549,0.897570,0.709255,0.650978,0.628261,0.704863,0.652919,0.591483,0.482351,0.486171,0.541868,0.528140,0.769911,0.894411,0.233589,0.156682,0.132017,0.286152,0.424091,0.790534,0.632594,0.519479,0.429478,0.420502,0.448480,1.549919,0.755010,0.517006,0.422295,0.347801,0.321070
batch 1550,0.779269,0.658945,0.617402,0.627133,0.700839,0.614902,0.538167,0.461927,0.461213,0.517483,0.516078,0.752727,0.697420,0.247974,0.182977,0.134236,0.287464,0.406808,0.729673,0.543772,0.478526,0.438619,0.404872,0.471025,1.556459,0.751901,0.571454,0.489888,0.438469,0.388474
batch 1551,0.724437,0.627548,0.591719,0.607993,0.688726,0.582180,0.552956,0.463292,0.454787,0.510249,0.503695,0.761709,0.681580,0.271123,0.172951,0.150164,0.283601,0.412333,0.730001,0.538862,0.462832,0.461772,0.388798,0.461230,1.520317,0.758853,0.562955,0.461628,0.428876,0.381885
batch 1552,0.754261,0.633733,0.625510,0.648292,0.724934,0.630271,0.524387,0.460972,0.473497,0.528116,0.517798,0.773487,0.711412,0.267867,0.161578,0.140892,0.292125,0.432530,0.738044,0.525515,0.472521,0.430525,0.405495,0.480411,1.469222,0.712109,0.535418,0.488932,0.412584,0.385827
batch 1553,0.790604,0.618182,0.623328,0.623075,0.678004,0.592191,0.563951,0.465335,0.469016,0.525972,0.528987,0.743100,0.735853,0.215362,0.161197,0.142563,0.275614,0.401882,0.752565,0.584280,0.501592,0.423439,0.377753,0.459069,1.533308,0.692581,0.516742,0.449266,0.399806,0.338065
batch 1554,0.815001,0.617090,0.594827,0.589588,0.681828,0.560238,0.556216,0.444088,0.458525,0.517249,0.508499,0.716063,0.721472,0.233901,0.165042,0.130931,0.266493,0.366587,0.776430,0.587962,0.473500,0.441317,0.407280,0.478217,1.545131,0.726921,0.528714,0.433561,0.376646,0.348482
batch 1555,0.730264,0.619164,0.607083,0.614968,0.711843,0.579877,0.565526,0.461641,0.461081,0.531605,0.513162,0.746367,0.672701,0.242544,0.162876,0.133781,0.285493,0.401078,0.692006,0.516577,0.457838,0.438720,0.378989,0.466458,1.502054,0.741843,0.549929,0.458237,0.428366,0.388379
batch 1556,0.706168,0.600419,0.593164,0.599318,0.679094,0.601441,0.533872,0.453968,0.449896,0.516004,0.511501,0.746567,0.662068,0.255969,0.176909,0.144407,0.276997,0.413724,0.674540,0.514308,0.464879,0.419592,0.370180,0.477194,1.390591,0.726843,0.541043,0.462024,0.406406,0.382526
batch 1557,0.710229,0.599022,0.581798,0.617043,0.714221,0.576370,0.507315,0.449343,0.452022,0.520193,0.502826,0.747519,0.637724,0.244215,0.180086,0.155854,0.284894,0.396445,0.773452,0.561744,0.487056,0.432420,0.412877,0.450111,1.530072,0.762136,0.574889,0.468352,0.423993,0.374502
batch 1558,0.823748,0.669239,0.602012,0.610431,0.656995,0.593283,0.591611,0.478119,0.473667,0.531174,0.524322,0.729245,0.780134,0.252199,0.165648,0.136216,0.273430,0.387915,0.762686,0.572249,0.509607,0.466750,0.412309,0.461869,1.554665,0.758782,0.549005,0.486610,0.407272,0.345649
batch 1559,0.809115,0.636242,0.605069,0.615393,0.722781,0.590769,0.575561,0.480885,0.489009,0.538149,0.515067,0.714588,0.763836,0.254226,0.173067,0.137902,0.271273,0.385115,0.709529,0.562962,0.493568,0.433863,0.414714,0.427848,1.447033,0.725204,0.539934,0.446544,0.393813,0.350679
batch 1560,0.735430,0.624667,0.606753,0.635315,0.682713,0.602473,0.534519,0.459053,0.451299,0.527864,0.519249,0.762713,0.683902,0.269408,0.172204,0.136356,0.267400,0.423033,0.718200,0.530908,0.456962,0.408154,0.353750,0.464201,1.394986,0.694698,0.525370,0.446600,0.421858,0.390759
batch 1561,0.773620,0.613156,0.621279,0.632322,0.704568,0.595084,0.592922,0.470196,0.474955,0.530056,0.526826,0.705070,0.770724,0.235406,0.172284,0.134617,0.270141,0.375084,0.718674,0.545774,0.485263,0.453869,0.384099,0.487719,1.479398,0.672118,0.504978,0.440735,0.392489,0.340216
batch 1562,0.784589,0.628702,0.606312,0.619042,0.690640,0.588641,0.579560,0.467302,0.484509,0.517374,0.514115,0.767571,0.710161,0.258660,0.174741,0.146486,0.267264,0.414005,0.736099,0.529167,0.474335,0.450807,0.396713,0.457821,1.434434,0.685942,0.520857,0.434257,0.427607,0.367927
batch 1563,0.851040,0.656400,0.630323,0.628226,0.692587,0.563300,0.618588,0.470248,0.472721,0.530129,0.539434,0.718655,0.795031,0.236849,0.143484,0.124862,0.278536,0.376779,0.775617,0.598661,0.510804,0.429725,0.409288,0.456570,1.566112,0.757725,0.557882,0.454012,0.388634,0.342918
batch 1564,0.866330,0.661760,0.601775,0.594072,0.641147,0.588118,0.599628,0.478763,0.484727,0.523602,0.532343,0.760068,0.813535,0.216235,0.158346,0.127214,0.264228,0.404957,0.788393,0.620078,0.549788,0.427005,0.448589,0.422105,1.520336,0.728552,0.498810,0.407325,0.368003,0.293882
batch 1565,0.828190,0.666001,0.599352,0.631712,0.636077,0.559011,0.605933,0.476479,0.475508,0.524916,0.517782,0.717578,0.842334,0.242915,0.164686,0.133165,0.251843,0.367107,0.758587,0.605307,0.534946,0.435379,0.394630,0.449887,1.505892,0.724072,0.543282,0.430357,0.386005,0.343840
batch 1566,0.843208,0.648311,0.631756,0.630550,0.675605,0.579379,0.596713,0.467766,0.458690,0.524825,0.529670,0.747662,0.850520,0.258570,0.150849,0.126583,0.268179,0.398359,0.746303,0.583738,0.506511,0.431952,0.415565,0.481533,1.504052,0.711076,0.532140,0.448846,0.410507,0.346233
batch 1567,0.792151,0.655317,0.653226,0.648808,0.695891,0.612207,0.567780,0.466050,0.463193,0.531074,0.527942,0.727631,0.846262,0.228998,0.154775,0.132360,0.294742,0.389927,0.739863,0.611265,0.518732,0.438148,0.376908,0.463204,1.553430,0.732186,0.517552,0.437592,0.396160,0.351705
batch 1568,0.961409,0.749725,0.668837,0.633169,0.659191,0.624194,0.621421,0.498495,0.489612,0.528240,0.531915,0.755371,0.923743,0.255635,0.165657,0.139632,0.274872,0.421116,0.796600,0.627224,0.530028,0.440772,0.407466,0.436351,1.524304,0.770097,0.520454,0.456624,0.360291,0.323784
batch 1569,0.740741,0.607494,0.564422,0.562513,0.613784,0.551529,0.574200,0.457306,0.490616,0.520557,0.493116,0.735827,0.708670,0.255383,0.173366,0.141199,0.246029,0.382746,0.710254,0.537445,0.481435,0.465748,0.365229,0.472847,1.474299,0.724778,0.538307,0.451462,0.401495,0.357836
batch 1570,0.869110,0.674436,0.653715,0.633137,0.728497,0.635339,0.598312,0.480795,0.483559,0.551298,0.526541,0.777796,0.856032,0.236714,0.177234,0.130512,0.290497,0.427936,0.730967,0.549102,0.495450,0.416361,0.428898,0.477394,1.542886,0.693725,0.521799,0.454621,0.399496,0.357258
batch 1571,0.891712,0.667969,0.650024,0.639125,0.770137,0.621810,0.621126,0.490799,0.484447,0.545194,0.531419,0.768350,0.845411,0.248180,0.175004,0.134610,0.290979,0.437831,0.666848,0.513217,0.476336,0.437383,0.404881,0.496016,1.489155,0.680196,0.530281,0.465409,0.412418,0.358886
batch 1572,0.755331,0.628079,0.634733,0.625150,0.669034,0.583255,0.564563,0.472734,0.466779,0.528265,0.507012,0.758480,0.740430,0.253058,0.168473,0.134571,0.288429,0.409641,0.688990,0.524781,0.460129,0.432353,0.387902,0.494745,1.390996,0.706990,0.533496,0.468122,0.415149,0.376253
batch 1573,0.705038,0.591538,0.579386,0.592215,0.673953,0.601454,0.542532,0.458786,0.468586,0.529913,0.503186,0.742595,0.656362,0.243039,0.156608,0.132064,0.263757,0.415043,0.681413,0.522127,0.447392,0.445109,0.388980,0.464958,1.386288,0.696178,0.512329,0.440197,0.405796,0.369255
batch 1574,0.727636,0.614911,0.589654,0.591965,0.654088,0.585175,0.571768,0.461239,0.464287,0.527398,0.514490,0.736183,0.710194,0.234485,0.170829,0.135692,0.268888,0.394918,0.756147,0.563349,0.460561,0.462642,0.425207,0.462157,1.551894,0.745288,0.559631,0.464024,0.401837,0.376288
batch 1575,0.878374,0.685452,0.616481,0.602845,0.674558,0.578154,0.612593,0.481723,0.472220,0.534369,0.512657,0.748734,0.847046,0.247000,0.186684,0.136384,0.266052,0.391693,0.748651,0.540237,0.473449,0.459460,0.448782,0.458476,1.562538,0.706126,0.497181,0.465011,0.411006,0.363742
batch 1576,0.781283,0.622760,0.599450,0.596727,0.664450,0.590379,0.562533,0.472994,0.471851,0.532802,0.518379,0.761179,0.717358,0.265336,0.169169,0.130541,0.265660,0.426255,0.692837,0.531596,0.466659,0.462442,0.412378,0.459105,1.508355,0.733960,0.562206,0.462948,0.432936,0.378466
batch 1577,0.793779,0.682944,0.653787,0.646959,0.714460,0.609017,0.575780,0.471540,0.474227,0.533077,0.537259,0.759794,0.737861,0.238431,0.166748,0.138917,0.278238,0.408619,0.730615,0.544639,0.482652,0.464698,0.393667,0.464232,1.507610,0.716781,0.533367,0.443099,0.427150,0.369936
batch 1578,0.801335,0.699746,0.637132,0.626959,0.707795,0.626395,0.545476,0.467380,0.467490,0.532475,0.521759,0.762942,0.743763,0.254355,0.172091,0.138719,0.298115,0.417094,0.804089,0.588405,0.510069,0.479757,0.450859,0.452892,1.672870,0.761471,0.558290,0.482774,0.395665,0.342000
batch 1579,0.793598,0.652816,0.638508,0.657376,0.760336,0.604845,0.568060,0.477303,0.468947,0.527597,0.516405,0.734035,0.778211,0.244718,0.170590,0.136751,0.279940,0.389884,0.744157,0.543753,0.496634,0.455610,0.401960,0.535374,1.571736,0.717265,0.547863,0.503766,0.432181,0.376778
batch 1580,0.744820,0.639319,0.607125,0.624308,0.702800,0.595370,0.558915,0.476699,0.466840,0.533135,0.529643,0.786696,0.722963,0.243969,0.167573,0.143071,0.295516,0.427718,0.711760,0.529369,0.446372,0.479416,0.427965,0.477352,1.518560,0.743996,0.549230,0.472498,0.418445,0.370207
batch 1581,0.747774,0.640251,0.618945,0.619855,0.672981,0.598218,0.548532,0.465925,0.463327,0.528005,0.513357,0.755760,0.720294,0.254853,0.169948,0.137348,0.281257,0.415979,0.705898,0.517975,0.441504,0.436035,0.396496,0.472634,1.517295,0.752881,0.574609,0.473307,0.430226,0.387616
batch 1582,0.919445,0.675199,0.648811,0.571892,0.621833,0.547159,0.640847,0.478432,0.477979,0.533731,0.529956,0.733366,0.884498,0.224403,0.166938,0.115703,0.251396,0.375821,0.850338,0.647841,0.542851,0.416407,0.378392,0.433355,1.545923,0.718636,0.512691,0.414616,0.366814,0.323525
batch 1583,0.770673,0.612370,0.589938,0.606823,0.675716,0.565556,0.605385,0.479791,0.477813,0.531940,0.525217,0.716806,0.712738,0.255316,0.186928,0.149275,0.260802,0.381663,0.721039,0.538661,0.465519,0.431554,0.394337,0.466889,1.575584,0.722961,0.536152,0.448483,0.427282,0.386527
batch 1584,0.894397,0.704643,0.645587,0.611628,0.698332,0.617697,0.617928,0.474655,0.477239,0.545415,0.538900,0.794301,0.861168,0.212669,0.158993,0.122115,0.285616,0.427316,0.816485,0.617062,0.512224,0.455720,0.428653,0.442579,1.687014,0.726372,0.541930,0.392079,0.370911,0.314915
batch 1585,0.737503,0.635613,0.591759,0.599237,0.676187,0.600341,0.554316,0.453729,0.462176,0.523277,0.524204,0.712263,0.706231,0.265577,0.164215,0.144432,0.282272,0.379776,0.756733,0.586682,0.511282,0.423970,0.391127,0.450392,1.468359,0.738126,0.543363,0.430646,0.424134,0.364126
batch 1586,0.832925,0.653171,0.650074,0.643041,0.745291,0.636216,0.589197,0.484647,0.483227,0.540963,0.528039,0.766520,0.794165,0.224483,0.173002,0.138623,0.289781,0.410617,0.727784,0.542869,0.484680,0.423008,0.389023,0.483522,1.418664,0.672232,0.524056,0.450235,0.378049,0.339729
batch 1587,0.852546,0.668776,0.651464,0.628585,0.724748,0.634235,0.572145,0.480556,0.474302,0.549033,0.531549,0.767953,0.851743,0.224376,0.155309,0.136358,0.286779,0.417970,0.785133,0.616524,0.528996,0.399259,0.387689,0.435935,1.394217,0.662738,0.475274,0.386523,0.363680,0.305225
batch 1588,0.767877,0.591156,0.565945,0.569528,0.670406,0.581526,0.515991,0.450827,0.457373,0.508161,0.472525,0.725921,0.750600,0.244391,0.177444,0.140593,0.248448,0.416907,0.681472,0.510771,0.474411,0.495115,0.400590,0.501926,1.406037,0.627838,0.495011,0.441913,0.405373,0.377993
batch 1589,0.762279,0.648304,0.630108,0.629862,0.700340,0.609660,0.531339,0.466304,0.477728,0.526642,0.514099,0.754118,0.709003,0.244432,0.168875,0.138265,0.275865,0.408912,0.742689,0.547882,0.468691,0.427281,0.411805,0.451459,1.517881,0.752034,0.526725,0.468514,0.411297,0.382831
batch 1590,0.781995,0.666900,0.636809,0.649789,0.752380,0.637150,0.556281,0.478926,0.480866,0.537376,0.521407,0.741421,0.724353,0.254163,0.185521,0.151757,0.283684,0.405088,0.769839,0.571405,0.490072,0.445070,0.415998,0.466094,1.557992,0.715816,0.522718,0.460002,0.408638,0.358100
batch 1591,0.780549,0.630737,0.597549,0.601899,0.649631,0.572823,0.547973,0.459803,0.449447,0.508469,0.512833,0.744131,0.704343,0.261408,0.172728,0.141198,0.269327,0.407744,0.736944,0.564454,0.474274,0.413984,0.417013,0.461434,1.471062,0.733529,0.523596,0.461211,0.412943,0.380374
batch 1592,0.817196,0.642045,0.633456,0.630246,0.695718,0.598779,0.587112,0.479156,0.485416,0.529104,0.514456,0.772792,0.781768,0.245488,0.170752,0.137433,0.267057,0.426614,0.688214,0.529092,0.476058,0.449626,0.392275,0.452214,1.505775,0.730776,0.547478,0.464426,0.428317,0.361144
batch 1593,0.902942,0.668397,0.663060,0.673396,0.727540,0.624084,0.606022,0.485205,0.482328,0.538384,0.558360,0.746994,0.839492,0.240186,0.179644,0.129414,0.309992,0.400473,0.714894,0.559917,0.475382,0.415270,0.433614,0.460048,1.476036,0.690997,0.533556,0.465143,0.414813,0.351619
batch 1594,0.733926,0.630680,0.594808,0.607937,0.708914,0.608621,0.550961,0.451787,0.458830,0.512078,0.501655,0.720219,0.695679,0.244756,0.173433,0.142535,0.295976,0.391043,0.728146,0.562415,0.514510,0.437171,0.391129,0.462713,1.565687,0.748985,0.536864,0.441411,0.418482,0.386178
batch 1595,0.744333,0.610874,0.578874,0.606345,0.656561,0.591623,0.546275,0.459331,0.462430,0.528250,0.521728,0.715438,0.704583,0.280419,0.188742,0.141745,0.272448,0.390036,0.765119,0.595760,0.523709,0.436306,0.396868,0.449283,1.535193,0.724074,0.525890,0.452701,0.401100,0.361137
batch 1596,0.905892,0.675228,0.623096,0.610969,0.687712,0.574035,0.611566,0.494905,0.494394,0.532949,0.535759,0.734540,0.856332,0.218826,0.169372,0.135366,0.276692,0.383048,0.777970,0.614732,0.541357,0.423988,0.407382,0.438534,1.554674,0.691893,0.517551,0.431135,0.375373,0.321928
batch 1597,0.815596,0.663969,0.632729,0.616821,0.705151,0.605438,0.604452,0.475966,0.460251,0.540013,0.540447,0.735046,0.781206,0.268469,0.170550,0.132497,0.282862,0.395756,0.745921,0.576141,0.487834,0.428212,0.403382,0.452099,1.561702,0.740505,0.547303,0.466264,0.419337,0.375589
batch 1598,0.792153,0.658763,0.609304,0.646049,0.653890,0.593349,0.576562,0.465948,0.466558,0.537796,0.511569,0.743006,0.756047,0.264271,0.172022,0.139230,0.261811,0.407039,0.769222,0.580537,0.510477,0.444328,0.418486,0.466939,1.653388,0.743557,0.550391,0.469858,0.420590,0.378834
batch 1599,0.810544,0.706262,0.668474,0.659675,0.713120,0.649769,0.573882,0.492664,0.492750,0.549142,0.516365,0.728191,0.818356,0.257009,0.198998,0.145954,0.282404,0.395485,0.747190,0.602509,0.511847,0.411551,0.365615,0.450206,1.609425,0.735608,0.534310,0.457014,0.401610,0.340283
batch 1600,0.766026,0.600999,0.588659,0.600466,0.714057,0.589325,0.547244,0.453610,0.458009,0.518604,0.518530,0.714636,0.714707,0.257517,0.147943,0.128836,0.270943,0.383803,0.693682,0.539362,0.482799,0.452805,0.404961,0.481285,1.442669,0.663026,0.504789,0.457160,0.395074,0.370172
batch 1601,0.832138,0.648507,0.631640,0.628577,0.714486,0.568195,0.577885,0.462817,0.457713,0.532394,0.523755,0.683673,0.763579,0.238181,0.160999,0.129442,0.263695,0.352495,0.730381,0.559160,0.482349,0.403206,0.378489,0.473852,1.453986,0.670367,0.512062,0.442591,0.395071,0.375229
batch 1602,0.823586,0.651409,0.624697,0.629060,0.693926,0.652913,0.568381,0.463748,0.470733,0.529805,0.536893,0.762131,0.745496,0.242108,0.167629,0.137062,0.290299,0.425109,0.779676,0.582148,0.516447,0.442949,0.429094,0.459674,1.549638,0.763635,0.535803,0.454268,0.381190,0.337983
batch 1603,0.729065,0.634272,0.621162,0.630360,0.705424,0.590986,0.541190,0.461931,0.466197,0.525621,0.507205,0.749742,0.688408,0.242920,0.171747,0.142030,0.284295,0.410096,0.740560,0.537968,0.480934,0.447248,0.396440,0.480713,1.545347,0.750625,0.554379,0.473203,0.420971,0.377112
batch 1604,0.724851,0.603618,0.598162,0.598224,0.646701,0.547494,0.544987,0.462335,0.462213,0.523194,0.512285,0.731453,0.688596,0.248702,0.172421,0.142994,0.256911,0.382799,0.674042,0.534943,0.476760,0.435929,0.372989,0.459708,1.465340,0.710671,0.544522,0.443310,0.437301,0.382014
batch 1605,0.790606,0.666030,0.640240,0.666604,0.743822,0.629066,0.595586,0.479705,0.478364,0.540744,0.544617,0.805923,0.752744,0.249000,0.169384,0.143073,0.293514,0.438951,0.766555,0.519377,0.447278,0.507380,0.431123,0.469769,1.630772,0.733384,0.538396,0.470431,0.421596,0.394471
batch 1606,0.745909,0.629936,0.608301,0.632868,0.706382,0.616349,0.546796,0.474402,0.467621,0.531518,0.514085,0.806716,0.786652,0.248921,0.174500,0.150307,0.304104,0.452443,0.720757,0.540373,0.450491,0.424462,0.410068,0.473855,1.517206,0.732458,0.539632,0.466095,0.400248,0.374899
batch 1607,0.717492,0.616240,0.602148,0.614891,0.710397,0.602130,0.510341,0.446093,0.446954,0.507425,0.490816,0.752708,0.669777,0.250653,0.165418,0.144952,0.274307,0.426057,0.753577,0.535536,0.465199,0.449798,0.396471,0.485875,1.550657,0.742618,0.552114,0.477323,0.437976,0.395348
batch 1608,0.764208,0.649741,0.622832,0.634058,0.687344,0.592013,0.576843,0.461747,0.463596,0.527624,0.530503,0.771333,0.722366,0.246489,0.171788,0.142557,0.281483,0.409618,0.691790,0.548293,0.448475,0.464881,0.444250,0.462722,1.497550,0.744568,0.558170,0.462528,0.424170,0.375025
batch 1609,0.736771,0.594173,0.573859,0.592476,0.676960,0.580956,0.562523,0.452001,0.454663,0.518739,0.532918,0.737683,0.711053,0.233133,0.159625,0.129215,0.270744,0.384732,0.734350,0.543323,0.439792,0.452244,0.430887,0.479473,1.492297,0.729696,0.547412,0.478042,0.408345,0.386141
batch 1610,0.890185,0.659572,0.673147,0.678742,0.731526,0.629875,0.600753,0.472273,0.464337,0.514359,0.481576,0.664004,0.872313,0.241901,0.168308,0.135318,0.262507,0.359232,0.733690,0.558579,0.485024,0.453454,0.405952,0.492249,1.481436,0.690627,0.545032,0.464102,0.408298,0.370350
batch 1611,0.760675,0.638482,0.591028,0.582047,0.650499,0.572925,0.575687,0.460458,0.459349,0.515479,0.520536,0.740157,0.682265,0.248857,0.178299,0.137917,0.264079,0.401682,0.670106,0.501846,0.445744,0.451917,0.411167,0.464448,1.424410,0.717942,0.552138,0.451282,0.416301,0.389630
batch 1612,0.840857,0.689646,0.674691,0.672591,0.699322,0.639120,0.610488,0.494400,0.493990,0.547257,0.549517,0.763633,0.845859,0.224987,0.168060,0.127131,0.285030,0.414670,0.775578,0.583032,0.517298,0.428152,0.404470,0.479817,1.593180,0.731583,0.509045,0.452444,0.392198,0.360407
batch 1613,0.808527,0.626039,0.603825,0.611982,0.721481,0.613546,0.579043,0.462453,0.468843,0.535884,0.538000,0.772765,0.762797,0.204587,0.163985,0.138235,0.289105,0.419042,0.734378,0.556129,0.533543,0.429906,0.421202,0.497086,1.510556,0.708069,0.543886,0.451636,0.405055,0.350540
batch 1614,0.821037,0.669743,0.608871,0.630831,0.690732,0.554071,0.604484,0.478330,0.472434,0.528496,0.529343,0.727917,0.799469,0.233856,0.185219,0.141732,0.267442,0.386538,0.764624,0.578712,0.518513,0.480293,0.373208,0.482817,1.607957,0.687829,0.509541,0.449513,0.391717,0.341986
batch 1615,0.705806,0.620568,0.587586,0.589662,0.666453,0.573370,0.550169,0.462116,0.460817,0.520304,0.509269,0.723345,0.691367,0.258811,0.171850,0.137878,0.256887,0.392672,0.688601,0.536590,0.482824,0.432550,0.377345,0.486882,1.457373,0.676476,0.522496,0.448116,0.421409,0.364251
batch 1616,0.873847,0.656663,0.628055,0.640839,0.692164,0.624895,0.620701,0.478600,0.473952,0.548107,0.524549,0.736375,0.850965,0.234265,0.158958,0.134289,0.266287,0.414426,0.670289,0.506273,0.483481,0.447006,0.398219,0.523841,1.410245,0.633729,0.472826,0.419718,0.398682,0.356550
batch 1617,0.718561,0.625663,0.607181,0.638364,0.710603,0.603570,0.512171,0.452153,0.456662,0.536722,0.515352,0.739166,0.659567,0.238240,0.171889,0.135576,0.282944,0.402374,0.710470,0.540322,0.460137,0.441353,0.389591,0.456387,1.459021,0.725644,0.551141,0.455014,0.417228,0.381762
batch 1618,0.745446,0.644165,0.596564,0.634401,0.712835,0.572683,0.536187,0.464500,0.468628,0.515885,0.507490,0.732012,0.726915,0.237474,0.180622,0.139513,0.274108,0.388589,0.716234,0.549484,0.508097,0.421212,0.410524,0.470222,1.443042,0.708160,0.530618,0.450653,0.385948,0.371020
batch 1619,0.776654,0.655561,0.623391,0.649028,0.749271,0.580646,0.559950,0.444641,0.449852,0.501771,0.498228,0.711657,0.747826,0.218991,0.175029,0.138103,0.267839,0.359360,0.820274,0.595051,0.562315,0.448722,0.408389,0.479610,1.542387,0.731386,0.529059,0.414727,0.415971,0.340580
batch 1620,0.777254,0.640095,0.601150,0.611450,0.663180,0.580178,0.581377,0.475603,0.472822,0.527138,0.515049,0.733615,0.727079,0.272031,0.186915,0.152155,0.265780,0.400309,0.715753,0.566293,0.482106,0.458027,0.415832,0.457343,1.499434,0.736615,0.533078,0.449232,0.425878,0.368220
batch 1621,0.794035,0.658351,0.618840,0.630323,0.685975,0.606148,0.563078,0.473369,0.465365,0.523481,0.523627,0.751627,0.702502,0.236683,0.174739,0.140418,0.286933,0.405274,0.735579,0.575219,0.485279,0.431019,0.377886,0.467584,1.608164,0.756713,0.559318,0.460292,0.412926,0.378181
batch 1622,0.748753,0.643145,0.611282,0.624246,0.711774,0.624741,0.545658,0.469375,0.464952,0.524285,0.509235,0.761856,0.725077,0.264179,0.191460,0.154358,0.272478,0.415139,0.714944,0.562468,0.478502,0.453360,0.404593,0.441890,1.457180,0.742323,0.546551,0.457354,0.414114,0.383041
batch 1623,0.744688,0.634747,0.584223,0.613429,0.689188,0.602099,0.538309,0.464568,0.463136,0.534588,0.525855,0.766921,0.681830,0.253239,0.190211,0.145932,0.277796,0.414174,0.709389,0.525394,0.448998,0.487198,0.436506,0.460212,1.541504,0.742160,0.558143,0.456161,0.419882,0.381327
batch 1624,0.820288,0.663631,0.613860,0.636401,0.762400,0.622184,0.589523,0.482387,0.471533,0.534874,0.517918,0.720521,0.796147,0.232926,0.165226,0.133150,0.276078,0.380934,0.731292,0.543175,0.478939,0.445618,0.400167,0.480647,1.474630,0.699017,0.546521,0.455493,0.393595,0.366234
batch 1625,0.789291,0.643557,0.609161,0.617553,0.703339,0.605385,0.567001,0.479743,0.464946,0.532110,0.518289,0.768020,0.742687,0.252146,0.167569,0.133169,0.272619,0.421389,0.677707,0.521937,0.464760,0.445979,0.379725,0.475276,1.480557,0.700450,0.532713,0.453619,0.433170,0.380813
batch 1626,0.800077,0.630623,0.622737,0.601388,0.701793,0.612992,0.523296,0.453533,0.468968,0.523861,0.510142,0.764382,0.755048,0.234446,0.164693,0.155655,0.281407,0.416963,0.751291,0.573201,0.523941,0.482547,0.429079,0.440119,1.463781,0.733818,0.518722,0.444573,0.378418,0.326781
batch 1627,0.806914,0.646533,0.610462,0.650941,0.698739,0.586984,0.572911,0.473859,0.483590,0.548135,0.514862,0.752334,0.771234,0.242912,0.174039,0.140959,0.267827,0.412433,0.754199,0.559348,0.508610,0.474551,0.415001,0.479540,1.565349,0.681597,0.529909,0.457672,0.392286,0.354843
batch 1628,0.737218,0.621660,0.601690,0.611256,0.684868,0.603629,0.549149,0.456696,0.456069,0.518564,0.511020,0.740577,0.717129,0.248314,0.169019,0.129856,0.277365,0.412561,0.693530,0.510047,0.456131,0.437010,0.388536,0.480174,1.425895,0.701014,0.547641,0.453089,0.414364,0.379885
batch 1629,0.777820,0.655424,0.601549,0.590813,0.684743,0.619755,0.541216,0.456687,0.454146,0.531934,0.524602,0.739912,0.820324,0.234394,0.172516,0.137208,0.273096,0.398043,0.752601,0.615253,0.548074,0.435699,0.414416,0.422022,1.535038,0.702783,0.513484,0.402704,0.399853,0.326521
batch 1630,0.838870,0.680052,0.658604,0.637563,0.695709,0.574329,0.583895,0.484523,0.470707,0.537554,0.520916,0.744547,0.847397,0.230942,0.168130,0.137512,0.276318,0.392996,0.823297,0.613168,0.523675,0.439030,0.439879,0.489570,1.679660,0.705498,0.511295,0.447605,0.413384,0.349195
batch 1631,0.709443,0.625862,0.592851,0.618664,0.722015,0.589051,0.524231,0.461532,0.465738,0.525576,0.508834,0.757566,0.641081,0.232540,0.167169,0.133910,0.274473,0.407593,0.688242,0.530507,0.458679,0.478921,0.423536,0.467535,1.526902,0.751081,0.566480,0.470249,0.443498,0.374323
batch 1632,0.709350,0.592227,0.573835,0.589460,0.706438,0.566303,0.523031,0.455386,0.470332,0.509786,0.500256,0.756837,0.641560,0.255081,0.178962,0.153240,0.265419,0.404296,0.692738,0.509260,0.472116,0.432643,0.412453,0.473549,1.525746,0.721958,0.557331,0.459525,0.429419,0.370873
batch 1633,0.814679,0.654868,0.630255,0.658974,0.703343,0.626293,0.579833,0.472395,0.486160,0.528074,0.542468,0.750468,0.789856,0.247741,0.181734,0.155252,0.275800,0.417266,0.733575,0.586176,0.487054,0.423514,0.362925,0.454436,1.531621,0.735541,0.537170,0.464920,0.418881,0.372130
batch 1634,0.879785,0.680857,0.654657,0.661156,0.708306,0.586626,0.641552,0.487844,0.484681,0.540349,0.535305,0.745241,0.899428,0.218807,0.175387,0.140244,0.281843,0.392985,0.802350,0.613054,0.525554,0.408243,0.380577,0.464893,1.490918,0.706796,0.489542,0.396475,0.349638,0.316982
batch 1635,0.736686,0.642047,0.601514,0.613111,0.685224,0.581958,0.558263,0.461379,0.468887,0.529023,0.514979,0.740986,0.698796,0.232829,0.158567,0.132998,0.276640,0.406073,0.772240,0.573487,0.489113,0.452124,0.405350,0.462566,1.632055,0.767348,0.561750,0.465035,0.400625,0.366582
batch 1636,0.766928,0.630237,0.617452,0.631252,0.672146,0.536785,0.556377,0.465124,0.475227,0.522812,0.502400,0.696404,0.780671,0.250551,0.185789,0.140119,0.253346,0.349746,0.763477,0.574356,0.523726,0.430561,0.388719,0.480312,1.623120,0.747162,0.540883,0.453287,0.399748,0.356527
batch 1637,0.733641,0.619462,0.602817,0.635488,0.705798,0.577061,0.532634,0.453992,0.459302,0.518621,0.506004,0.730988,0.714072,0.240967,0.176629,0.145053,0.278315,0.395283,0.777216,0.590741,0.514451,0.438578,0.431774,0.436388,1.545720,0.758292,0.553480,0.456490,0.423905,0.357058
batch 1638,0.749914,0.606884,0.595675,0.615010,0.718167,0.586175,0.554502,0.458132,0.470595,0.517298,0.506551,0.752963,0.688031,0.249829,0.177560,0.133682,0.276047,0.415448,0.687719,0.515750,0.496849,0.444148,0.393366,0.469214,1.521716,0.724271,0.538666,0.464194,0.423369,0.375409
batch 1639,0.842429,0.648902,0.622991,0.616209,0.690002,0.589017,0.621016,0.479092,0.470512,0.534701,0.536448,0.744885,0.800396,0.230737,0.167138,0.133162,0.271024,0.388521,0.749055,0.552201,0.525034,0.455202,0.391004,0.494331,1.569014,0.720556,0.531436,0.487203,0.391393,0.348835
batch 1640,0.766981,0.619262,0.586170,0.582105,0.647436,0.557073,0.581529,0.470406,0.475468,0.527871,0.513965,0.741599,0.730061,0.261949,0.169813,0.129300,0.252851,0.404294,0.712840,0.559516,0.503760,0.458483,0.391945,0.455521,1.467737,0.736141,0.541816,0.441531,0.422864,0.363516
batch 1641,0.775859,0.608034,0.609924,0.596648,0.642795,0.566075,0.534406,0.448962,0.453816,0.520263,0.521990,0.746686,0.712734,0.218851,0.157839,0.132710,0.271167,0.387965,0.717828,0.593792,0.480624,0.405005,0.374925,0.476185,1.417388,0.689518,0.512187,0.425381,0.386163,0.356991
batch 1642,0.928822,0.705991,0.686360,0.628603,0.681167,0.623450,0.620813,0.478853,0.472657,0.533076,0.541216,0.772551,0.900363,0.215783,0.159550,0.127433,0.280335,0.423595,0.854316,0.666171,0.523824,0.468177,0.474067,0.390530,1.553089,0.751118,0.487885,0.396697,0.364899,0.296297
batch 1643,0.773294,0.643358,0.636909,0.684778,0.720787,0.598063,0.561358,0.469387,0.475266,0.543488,0.510877,0.748236,0.800534,0.245962,0.162393,0.140751,0.279534,0.412047,0.720513,0.559220,0.510638,0.429086,0.365637,0.478394,1.454620,0.727258,0.515016,0.470244,0.377203,0.369607
batch 1644,0.782438,0.647257,0.631356,0.640530,0.697139,0.600523,0.575078,0.473958,0.469346,0.531424,0.530543,0.747286,0.755286,0.243682,0.175084,0.140016,0.271592,0.395644,0.749907,0.590137,0.535007,0.440003,0.378880,0.455891,1.588716,0.754954,0.527906,0.454436,0.385053,0.351494
batch 1645,0.814312,0.640283,0.591200,0.574569,0.663593,0.583404,0.577899,0.460971,0.461521,0.533318,0.540860,0.733474,0.778895,0.230911,0.176015,0.137824,0.274284,0.386749,0.800110,0.595554,0.497975,0.446493,0.431890,0.463302,1.581740,0.699476,0.530134,0.417038,0.371358,0.313722
batch 1646,0.763337,0.624013,0.615117,0.630436,0.675041,0.566913,0.568807,0.470116,0.468236,0.527599,0.525472,0.745728,0.703877,0.247652,0.169710,0.144802,0.261830,0.393987,0.730788,0.548072,0.495988,0.435885,0.377726,0.462703,1.511862,0.733121,0.534339,0.453568,0.417515,0.370748
batch 1647,0.793662,0.633045,0.639933,0.640971,0.703373,0.574890,0.582476,0.477401,0.467863,0.535347,0.513494,0.693153,0.795701,0.235582,0.161183,0.133062,0.261728,0.368416,0.699421,0.553832,0.497774,0.418634,0.365375,0.511754,1.445541,0.664257,0.523029,0.449178,0.405483,0.369067
batch 1648,0.920666,0.685282,0.648151,0.597966,0.638996,0.595995,0.662546,0.490103,0.488421,0.546690,0.533395,0.768596,0.936649,0.243560,0.186926,0.136826,0.275083,0.426564,0.821719,0.636896,0.511598,0.388739,0.388541,0.455853,1.454071,0.697658,0.511297,0.408963,0.390476,0.310471
batch 1649,0.763551,0.624510,0.599452,0.624542,0.731452,0.597207,0.546237,0.455522,0.465470,0.528525,0.505282,0.755423,0.724138,0.237128,0.167827,0.141806,0.276559,0.414005,0.757372,0.581994,0.496231,0.441631,0.410305,0.469918,1.532529,0.736288,0.548967,0.456992,0.406565,0.384719
batch 1650,0.813555,0.675901,0.636307,0.651161,0.699141,0.604263,0.586468,0.469461,0.468567,0.524129,0.521272,0.723504,0.786884,0.231872,0.173068,0.139977,0.288287,0.386703,0.695858,0.530021,0.475772,0.474800,0.405640,0.495086,1.414434,0.661662,0.523476,0.460988,0.387973,0.355806
batch 1651,0.830912,0.668005,0.628200,0.614095,0.672880,0.614185,0.551979,0.475151,0.475984,0.540304,0.541162,0.746102,0.790900,0.228993,0.150045,0.129858,0.280341,0.400209,0.812123,0.621400,0.531677,0.455659,0.418068,0.416578,1.673501,0.783518,0.540319,0.440467,0.376404,0.347235
batch 1652,0.695222,0.621666,0.603969,0.617478,0.699627,0.566927,0.505444,0.450351,0.451073,0.507620,0.491632,0.735872,0.611617,0.242669,0.166589,0.137713,0.267412,0.395279,0.681829,0.512823,0.448659,0.438053,0.400490,0.452221,1.454134,0.727284,0.556750,0.471654,0.445580,0.399253
batch 1653,0.770888,0.658439,0.607571,0.646001,0.690043,0.589019,0.548636,0.460800,0.464842,0.529646,0.516095,0.735798,0.789302,0.240538,0.166058,0.139463,0.266815,0.398265,0.757435,0.605215,0.556878,0.470756,0.395502,0.439368,1.547054,0.759785,0.534787,0.462138,0.365822,0.352811
batch 1654,0.760476,0.642960,0.622670,0.621356,0.732889,0.622131,0.543858,0.463382,0.473295,0.531073,0.513620,0.731738,0.729865,0.243307,0.174578,0.144162,0.279906,0.404137,0.723330,0.545818,0.484781,0.446160,0.393046,0.465104,1.486190,0.736949,0.533381,0.469538,0.402137,0.357540
batch 1655,0.781031,0.668117,0.623059,0.637386,0.713309,0.621197,0.514073,0.453363,0.457391,0.513360,0.507976,0.734421,0.772751,0.221308,0.166143,0.135744,0.280648,0.399160,0.711254,0.574975,0.510310,0.429514,0.425220,0.469463,1.428777,0.654202,0.480329,0.414881,0.386345,0.328917
batch 1656,0.797283,0.658648,0.638904,0.630185,0.687731,0.591848,0.578902,0.476008,0.461976,0.531464,0.531319,0.744447,0.765278,0.243292,0.178549,0.140065,0.275220,0.401558,0.737395,0.563497,0.484007,0.423957,0.401515,0.445894,1.532340,0.711963,0.535485,0.461401,0.408486,0.373099
batch 1657,0.744117,0.633492,0.609775,0.616019,0.720251,0.632686,0.549281,0.471256,0.465695,0.536051,0.545204,0.785598,0.711139,0.240761,0.164124,0.136463,0.290944,0.429851,0.750144,0.558670,0.495929,0.455805,0.381485,0.466968,1.619903,0.718505,0.563797,0.480744,0.407461,0.362656
batch 1658,0.774762,0.649847,0.616885,0.625884,0.714727,0.569961,0.564760,0.463624,0.455578,0.524345,0.529094,0.754757,0.696569,0.237619,0.163623,0.135843,0.274536,0.401494,0.716115,0.535019,0.458375,0.430702,0.385069,0.458674,1.476727,0.734992,0.559653,0.455413,0.426143,0.374052
batch 1659,0.816762,0.655382,0.625682,0.615573,0.698939,0.621564,0.598067,0.486362,0.487248,0.537767,0.529509,0.786599,0.802115,0.270827,0.181125,0.152219,0.321666,0.435065,0.729163,0.551629,0.497064,0.422512,0.372008,0.495245,1.589396,0.723120,0.540959,0.441514,0.428001,0.384304
batch 1660,0.805658,0.628419,0.575643,0.590353,0.718533,0.618525,0.588546,0.450910,0.464778,0.531989,0.538066,0.732944,0.742487,0.243535,0.166290,0.131049,0.301950,0.395669,0.715599,0.547211,0.485683,0.446253,0.395452,0.470256,1.414706,0.713760,0.537946,0.464144,0.390442,0.355589
batch 1661,0.724449,0.639125,0.608432,0.626451,0.680230,0.592530,0.538581,0.460029,0.461592,0.525252,0.514351,0.777796,0.661839,0.262240,0.174116,0.146058,0.292654,0.417255,0.723046,0.531768,0.449717,0.455828,0.421306,0.436091,1.499799,0.770781,0.562828,0.454391,0.424146,0.383429
batch 1662,0.814533,0.648507,0.632402,0.625247,0.676359,0.615659,0.578536,0.462367,0.462685,0.523209,0.530279,0.742031,0.755628,0.239651,0.164178,0.131062,0.276704,0.401694,0.782795,0.583521,0.507131,0.465828,0.409351,0.446012,1.564046,0.762651,0.543462,0.455148,0.405462,0.367090
batch 1663,0.780523,0.641726,0.610048,0.639897,0.742176,0.636011,0.549629,0.476096,0.477537,0.544199,0.510661,0.749272,0.775674,0.232269,0.172781,0.132368,0.274344,0.418350,0.702707,0.543393,0.490118,0.425542,0.426418,0.476539,1.506900,0.693381,0.543216,0.445711,0.384099,0.347180
batch 1664,0.862297,0.675009,0.630635,0.622720,0.713343,0.593821,0.605553,0.475331,0.470511,0.529949,0.527536,0.731222,0.834131,0.232603,0.168460,0.132877,0.281755,0.395072,0.762236,0.623629,0.507488,0.448838,0.436060,0.445735,1.566724,0.759662,0.540403,0.468927,0.371395,0.314623
batch 1665,0.770110,0.612085,0.615612,0.604189,0.704459,0.615563,0.543997,0.462788,0.464168,0.523998,0.509120,0.729763,0.715788,0.225568,0.158888,0.132191,0.271483,0.396632,0.721791,0.548871,0.498692,0.442266,0.407706,0.465480,1.504000,0.710166,0.530397,0.450651,0.398788,0.348538
batch 1666,0.851948,0.679383,0.663008,0.666103,0.758987,0.650913,0.570326,0.482522,0.484648,0.527665,0.518867,0.758206,0.783082,0.248506,0.169710,0.146612,0.301411,0.416616,0.771509,0.594153,0.508003,0.459638,0.402906,0.462177,1.662187,0.772456,0.536234,0.488822,0.391472,0.366728
batch 1667,0.757406,0.609307,0.594987,0.603165,0.718021,0.582905,0.569151,0.462017,0.463739,0.524351,0.511864,0.754191,0.693588,0.252988,0.161283,0.130597,0.275703,0.401623,0.695206,0.514058,0.477999,0.458129,0.380631,0.472362,1.427775,0.722192,0.540109,0.461511,0.421620,0.378376
batch 1668,0.809980,0.678355,0.656481,0.654318,0.742299,0.635729,0.578751,0.487338,0.474300,0.536969,0.516690,0.765665,0.793855,0.255461,0.186551,0.139576,0.295492,0.423353,0.751562,0.547163,0.492563,0.438871,0.403431,0.483196,1.554335,0.752729,0.546918,0.495168,0.418233,0.373376
batch 1669,0.798041,0.661042,0.613898,0.621069,0.722878,0.590140,0.592009,0.496161,0.479197,0.525598,0.510556,0.733529,0.772547,0.270402,0.183179,0.164187,0.303370,0.389378,0.736588,0.559591,0.498474,0.462196,0.396404,0.462429,1.596897,0.760026,0.558871,0.467754,0.415753,0.351518
batch 1670,0.838305,0.677610,0.652392,0.641790,0.719803,0.678684,0.588015,0.489463,0.480661,0.552613,0.540757,0.778477,0.880631,0.237269,0.174432,0.137011,0.298460,0.431574,0.787111,0.588046,0.510710,0.429673,0.357745,0.487400,1.605589,0.678916,0.562735,0.415069,0.391716,0.343242
batch 1671,0.838113,0.681035,0.640490,0.634754,0.663276,0.549334,0.618720,0.494124,0.488449,0.530182,0.530301,0.721420,0.821265,0.244325,0.200180,0.138686,0.259620,0.367179,0.773804,0.575252,0.538348,0.436717,0.413329,0.439790,1.592689,0.765682,0.533105,0.476009,0.394900,0.341856
batch 1672,0.921206,0.681256,0.640550,0.630721,0.665044,0.578384,0.635031,0.469644,0.474769,0.543633,0.536361,0.725854,0.887263,0.229132,0.146411,0.125813,0.259665,0.388076,0.750736,0.577681,0.523019,0.422575,0.451024,0.459533,1.583844,0.681218,0.498793,0.411300,0.396497,0.320196
batch 1673,0.707455,0.590776,0.577984,0.601394,0.701396,0.577783,0.550449,0.451784,0.457887,0.510784,0.489910,0.748494,0.714093,0.262965,0.174291,0.150771,0.265792,0.410495,0.702321,0.510214,0.464079,0.443070,0.382760,0.484669,1.393791,0.666233,0.523646,0.449102,0.397488,0.366232
batch 1674,0.774241,0.629255,0.597203,0.615980,0.681990,0.579290,0.580122,0.466759,0.491554,0.535422,0.503162,0.758078,0.690919,0.245995,0.178022,0.139871,0.265602,0.419613,0.702946,0.521828,0.471017,0.515371,0.403425,0.468131,1.534599,0.711591,0.540119,0.464554,0.407443,0.357436
batch 1675,0.754528,0.619452,0.581218,0.598242,0.670592,0.601251,0.633038,0.482469,0.497826,0.549475,0.532697,0.772059,0.731170,0.257642,0.170739,0.136967,0.291977,0.421323,0.699188,0.526459,0.455083,0.481491,0.432477,0.480780,1.539477,0.720043,0.551449,0.453051,0.425970,0.373751
batch 1676,0.808239,0.656171,0.641160,0.645318,0.730000,0.603581,0.566228,0.473422,0.465050,0.525136,0.514774,0.749831,0.780966,0.238024,0.182295,0.141520,0.276946,0.402726,0.769073,0.564534,0.500592,0.439913,0.405458,0.461557,1.525805,0.741613,0.564840,0.470704,0.396960,0.381713
batch 1677,0.726627,0.634543,0.623694,0.637527,0.690690,0.629344,0.524174,0.473312,0.476635,0.536128,0.513212,0.750665,0.658899,0.241042,0.183834,0.144544,0.281853,0.410235,0.736967,0.535390,0.482028,0.438133,0.366831,0.473744,1.607202,0.774067,0.568522,0.496659,0.435838,0.381349
batch 1678,0.762768,0.617314,0.612064,0.593049,0.652160,0.566787,0.559220,0.458952,0.459959,0.525316,0.520887,0.724773,0.719260,0.235521,0.147007,0.118365,0.254649,0.390110,0.731389,0.557769,0.517632,0.466968,0.410626,0.469670,1.607567,0.731422,0.515883,0.445898,0.387881,0.360773
batch 1679,0.756265,0.631952,0.598816,0.608889,0.699279,0.616179,0.589096,0.469380,0.472523,0.541958,0.532429,0.784815,0.709794,0.260239,0.177812,0.141711,0.278026,0.429709,0.710019,0.519827,0.443296,0.495117,0.447154,0.457130,1.497730,0.706580,0.538310,0.452860,0.426377,0.392952
batch 1680,0.858334,0.691993,0.640440,0.652078,0.681175,0.609628,0.625637,0.485086,0.475058,0.544158,0.548527,0.772164,0.894563,0.230984,0.168899,0.135676,0.278498,0.413794,0.767573,0.591985,0.486144,0.434322,0.445613,0.466532,1.646970,0.754998,0.555915,0.476267,0.429323,0.377302
batch 1681,0.726150,0.580853,0.602614,0.627594,0.695374,0.577191,0.535871,0.450994,0.450571,0.517194,0.512606,0.726058,0.676057,0.232652,0.155165,0.129790,0.260443,0.395487,0.676142,0.490545,0.452813,0.409549,0.364913,0.495931,1.393271,0.704940,0.495127,0.447517,0.424463,0.396781
batch 1682,0.795673,0.651252,0.606504,0.594039,0.660911,0.578003,0.588885,0.469225,0.470687,0.528810,0.521592,0.726459,0.786892,0.275100,0.178921,0.154093,0.260152,0.390473,0.715466,0.566627,0.467993,0.437418,0.356055,0.473886,1.503483,0.706633,0.549471,0.448954,0.429212,0.382358
batch 1683,0.791805,0.661064,0.620501,0.639878,0.736905,0.622359,0.580242,0.473019,0.467395,0.524589,0.515700,0.747010,0.750996,0.245535,0.182207,0.155500,0.282373,0.413956,0.720744,0.514690,0.469172,0.472614,0.426977,0.473525,1.538525,0.735979,0.570594,0.471736,0.430778,0.399619
batch 1684,0.807851,0.662942,0.625228,0.626598,0.690712,0.595092,0.605476,0.477551,0.476404,0.528772,0.528344,0.755797,0.740133,0.240612,0.169575,0.142983,0.277595,0.406014,0.729363,0.560668,0.508005,0.444187,0.413913,0.458141,1.542339,0.746026,0.532794,0.466911,0.407235,0.373066
batch 1685,0.818638,0.666844,0.610191,0.628630,0.685479,0.623906,0.609521,0.468387,0.470114,0.536820,0.528436,0.766027,0.759461,0.232900,0.164229,0.140618,0.283589,0.415155,0.807262,0.631518,0.552258,0.433545,0.382315,0.451193,1.600184,0.790600,0.551251,0.465924,0.389257,0.348720
batch 1686,0.790001,0.655918,0.630931,0.632347,0.723636,0.627208,0.582979,0.478058,0.478328,0.531644,0.522572,0.774203,0.770984,0.272676,0.175633,0.145124,0.285263,0.433764,0.734635,0.558555,0.511580,0.442520,0.366227,0.484937,1.480006,0.729008,0.546666,0.459423,0.417376,0.377648
batch 1687,0.745739,0.643424,0.608250,0.639539,0.705636,0.586777,0.555964,0.464932,0.465835,0.521973,0.500438,0.761855,0.680498,0.246594,0.182287,0.146908,0.274930,0.414027,0.725472,0.546461,0.472257,0.473662,0.394790,0.457087,1.545403,0.772727,0.557780,0.480146,0.430629,0.375187
batch 1688,0.847181,0.669702,0.623182,0.622661,0.715942,0.585356,0.550961,0.457982,0.460331,0.511221,0.517169,0.721295,0.751677,0.268968,0.160926,0.140843,0.277690,0.390875,0.739941,0.554003,0.513327,0.430879,0.389415,0.440061,1.467102,0.704191,0.529359,0.458926,0.417675,0.372324
batch 1689,0.772002,0.604739,0.620423,0.632917,0.679376,0.565350,0.577730,0.470681,0.477637,0.519180,0.508769,0.699967,0.757633,0.252661,0.169847,0.129137,0.261747,0.373332,0.733035,0.540373,0.499637,0.405042,0.377942,0.495889,1.458404,0.679072,0.518347,0.464975,0.392670,0.382072
batch 1690,0.749541,0.630467,0.623218,0.647273,0.726081,0.622222,0.573165,0.473299,0.461902,0.525306,0.528297,0.742525,0.714593,0.240817,0.175189,0.138537,0.285105,0.405163,0.718556,0.516025,0.460830,0.433587,0.405955,0.472699,1.455759,0.704941,0.536418,0.481203,0.423935,0.383674
batch 1691,0.774549,0.662323,0.627270,0.627446,0.691300,0.593981,0.543768,0.469492,0.467511,0.528988,0.510587,0.719846,0.733242,0.265599,0.191322,0.141093,0.310322,0.381681,0.725305,0.532198,0.472901,0.443755,0.406904,0.506166,1.456074,0.721566,0.544910,0.485989,0.423783,0.384181
batch 1692,0.804343,0.627748,0.593458,0.589317,0.651700,0.558543,0.574607,0.461180,0.464231,0.530708,0.513771,0.723878,0.744501,0.260824,0.173048,0.152272,0.259743,0.378730,0.708228,0.530135,0.495296,0.446782,0.393514,0.484768,1.501237,0.702881,0.531524,0.441030,0.398694,0.362671
batch 1693,0.704998,0.597441,0.567652,0.594356,0.684460,0.571578,0.539621,0.453808,0.465322,0.512285,0.499765,0.771388,0.659026,0.258347,0.182762,0.150005,0.271063,0.422568,0.698175,0.523344,0.467625,0.476848,0.406662,0.431651,1.491744,0.738988,0.564169,0.447974,0.417711,0.375345
batch 1694,0.732295,0.610679,0.605309,0.604510,0.651023,0.576873,0.535164,0.464065,0.474117,0.524763,0.504971,0.752674,0.677156,0.235982,0.164748,0.135825,0.261696,0.406216,0.717959,0.531387,0.479352,0.449110,0.415080,0.466504,1.628265,0.747162,0.523030,0.453866,0.416671,0.371573
batch 1695,0.841406,0.669180,0.623581,0.619317,0.668845,0.586933,0.615793,0.488497,0.480763,0.521085,0.527296,0.720278,0.819741,0.251130,0.171973,0.137287,0.280103,0.391283,0.773408,0.572677,0.489912,0.452612,0.388675,0.468421,1.531312,0.760457,0.549004,0.488399,0.379489,0.366247
batch 1696,0.834137,0.642953,0.614452,0.626047,0.666988,0.588666,0.589058,0.476785,0.456914,0.527500,0.527842,0.705820,0.791475,0.235773,0.154009,0.127248,0.274690,0.372365,0.754740,0.578638,0.497645,0.430014,0.399594,0.523283,1.505714,0.684267,0.519751,0.432226,0.402442,0.361548
batch 1697,0.719668,0.602477,0.583014,0.590889,0.662467,0.596981,0.521030,0.449890,0.460442,0.511351,0.520729,0.721481,0.642444,0.261101,0.187252,0.151078,0.266147,0.389799,0.695879,0.547844,0.459838,0.416759,0.370895,0.462391,1.448112,0.736821,0.540296,0.442673,0.399337,0.356574
batch 1698,0.799794,0.618593,0.612996,0.607516,0.673668,0.570488,0.605853,0.480331,0.474321,0.535115,0.537452,0.736802,0.760087,0.237048,0.173821,0.143301,0.275725,0.386600,0.706312,0.528842,0.482378,0.457357,0.398359,0.496151,1.519513,0.709769,0.521863,0.459615,0.432771,0.377290
batch 1699,0.772499,0.622630,0.623465,0.607776,0.661197,0.581492,0.554509,0.458264,0.447259,0.508417,0.511666,0.733967,0.724547,0.271394,0.185621,0.140209,0.266995,0.393558,0.686683,0.523217,0.470606,0.429921,0.386681,0.462749,1.414436,0.707730,0.537057,0.443406,0.431350,0.379460
batch 1700,0.787653,0.651315,0.613403,0.629954,0.695395,0.585997,0.575185,0.471462,0.476693,0.518100,0.518539,0.713839,0.747195,0.249555,0.176303,0.141548,0.270154,0.381564,0.740526,0.568226,0.489459,0.445501,0.404259,0.453058,1.557391,0.754950,0.552882,0.472241,0.416327,0.360455
batch 1701,0.761098,0.606730,0.590885,0.612118,0.687982,0.596828,0.562129,0.469902,0.478362,0.514514,0.506821,0.773050,0.695601,0.282583,0.172705,0.139221,0.272260,0.424995,0.708773,0.531221,0.478599,0.460056,0.422334,0.470235,1.510783,0.735064,0.537429,0.452963,0.434828,0.373995
batch 1702,0.710903,0.613673,0.607114,0.627119,0.726954,0.612261,0.498633,0.456393,0.458531,0.521132,0.507384,0.748124,0.618102,0.243381,0.168504,0.141554,0.288753,0.401905,0.740716,0.549517,0.486801,0.424998,0.406332,0.471267,1.500228,0.749640,0.563665,0.470550,0.413470,0.376960
batch 1703,0.736343,0.634625,0.615705,0.618466,0.705372,0.594221,0.523473,0.456056,0.448828,0.513331,0.506037,0.725908,0.673176,0.250203,0.169222,0.136407,0.265968,0.382291,0.674018,0.524873,0.450282,0.430588,0.397128,0.449265,1.427094,0.710857,0.529104,0.456661,0.415797,0.364645
batch 1704,0.845228,0.656705,0.613016,0.612253,0.705575,0.604211,0.602774,0.483152,0.490482,0.546927,0.529821,0.782465,0.826333,0.239891,0.164183,0.132637,0.290748,0.428555,0.730377,0.554949,0.504541,0.431434,0.370411,0.490100,1.716839,0.786936,0.583945,0.488418,0.423727,0.400495
batch 1705,0.785886,0.657481,0.622786,0.632534,0.695129,0.576671,0.547309,0.461685,0.465662,0.520872,0.526262,0.711755,0.720608,0.269241,0.159043,0.129739,0.278726,0.375301,0.715362,0.557273,0.505868,0.411049,0.415414,0.473006,1.447020,0.667178,0.506618,0.441479,0.406061,0.353723
batch 1706,0.737270,0.608141,0.600198,0.613416,0.682790,0.588202,0.559424,0.454282,0.460669,0.526379,0.512119,0.756810,0.695889,0.262218,0.166084,0.130413,0.271259,0.409638,0.725379,0.529730,0.465935,0.467984,0.376064,0.441909,1.445188,0.740878,0.538572,0.451815,0.403366,0.376015
batch 1707,0.852972,0.682548,0.628514,0.606724,0.673922,0.602364,0.576463,0.451948,0.457068,0.515016,0.521551,0.760073,0.772986,0.233326,0.182172,0.130670,0.267114,0.404111,0.779922,0.562193,0.564858,0.435890,0.403754,0.443462,1.499409,0.729192,0.524150,0.439028,0.394620,0.326270
batch 1708,0.809565,0.660802,0.589224,0.612398,0.719849,0.596535,0.556268,0.458414,0.464198,0.526244,0.529783,0.748491,0.792102,0.242645,0.158960,0.140140,0.289634,0.401203,0.779870,0.645696,0.515255,0.437668,0.424342,0.412662,1.510748,0.749113,0.517596,0.412409,0.362768,0.311903
batch 1709,0.882642,0.689026,0.649013,0.599110,0.694405,0.594691,0.624931,0.474941,0.468859,0.513048,0.511386,0.746417,0.830104,0.226023,0.151463,0.129682,0.274237,0.403778,0.814312,0.620808,0.534932,0.415227,0.402178,0.462369,1.569018,0.725584,0.518538,0.417634,0.379784,0.330668
batch 1710,0.757075,0.626984,0.613122,0.612687,0.678137,0.562398,0.515956,0.445209,0.443377,0.509674,0.511666,0.738121,0.663663,0.229868,0.168522,0.139950,0.267852,0.393571,0.722718,0.572533,0.477276,0.413655,0.379933,0.465823,1.523242,0.753817,0.548985,0.440433,0.430693,0.398085
batch 1711,0.754823,0.610325,0.603111,0.580527,0.642369,0.548022,0.567376,0.466084,0.460010,0.513839,0.510216,0.728726,0.725475,0.254588,0.171706,0.153023,0.251897,0.380475,0.691415,0.509054,0.461317,0.425761,0.409190,0.463314,1.428396,0.685400,0.525848,0.478805,0.417199,0.371686
batch 1712,0.775457,0.640119,0.605707,0.620036,0.714157,0.598966,0.572259,0.476890,0.475415,0.526532,0.519421,0.773217,0.716884,0.247033,0.177657,0.146137,0.279929,0.408400,0.727294,0.547827,0.501454,0.458257,0.390284,0.463796,1.604259,0.770969,0.563659,0.470428,0.432502,0.380620
batch 1713,0.806292,0.649716,0.639506,0.644653,0.755805,0.613132,0.581288,0.485758,0.480391,0.546091,0.527642,0.749970,0.765830,0.258343,0.161338,0.129696,0.281794,0.410317,0.711676,0.534718,0.487199,0.450848,0.409866,0.496157,1.525451,0.718940,0.554339,0.466772,0.437903,0.386426
batch 1714,0.847231,0.682000,0.625550,0.631995,0.730542,0.620972,0.578424,0.471407,0.477564,0.536731,0.513383,0.751444,0.852961,0.248860,0.172043,0.136807,0.297359,0.411774,0.782467,0.598830,0.518474,0.415157,0.391559,0.432231,1.618541,0.743697,0.552143,0.455555,0.375539,0.334783
batch 1715,0.799233,0.668559,0.614542,0.614771,0.649639,0.596644,0.559822,0.464526,0.475401,0.530860,0.531537,0.750341,0.788083,0.249422,0.169092,0.129682,0.272764,0.398109,0.746214,0.589708,0.516715,0.444706,0.378777,0.461585,1.734892,0.735108,0.579022,0.474998,0.378359,0.369055
batch 1716,0.932032,0.697576,0.643239,0.638957,0.692030,0.605476,0.627199,0.485017,0.477434,0.546595,0.525896,0.778718,0.881060,0.216922,0.181687,0.139331,0.273466,0.408721,0.863981,0.658074,0.558471,0.443907,0.397425,0.421454,1.622709,0.745075,0.506950,0.385589,0.333706,0.303207
batch 1717,0.762370,0.616773,0.612085,0.604996,0.686509,0.603762,0.548487,0.455851,0.458366,0.515705,0.524713,0.752617,0.663190,0.257222,0.166897,0.139214,0.274934,0.406488,0.678476,0.515126,0.437999,0.440156,0.370475,0.449611,1.360505,0.710913,0.528619,0.447160,0.409006,0.360588
batch 1718,0.798508,0.642776,0.600763,0.610667,0.676821,0.588204,0.561087,0.463555,0.453685,0.518300,0.530580,0.745388,0.715857,0.239584,0.164209,0.135244,0.285005,0.397869,0.705970,0.569859,0.501516,0.412673,0.370001,0.448644,1.526709,0.758047,0.566792,0.460642,0.440120,0.390404
batch 1719,0.808602,0.646924,0.610779,0.643167,0.744012,0.627585,0.523484,0.468458,0.477979,0.526581,0.520036,0.752694,0.750809,0.233919,0.160707,0.130546,0.288430,0.411690,0.743760,0.561847,0.496706,0.436756,0.423800,0.496132,1.620042,0.717081,0.510697,0.488864,0.392357,0.350483
batch 1720,0.765246,0.618510,0.578683,0.598544,0.657513,0.572237,0.572245,0.454851,0.454943,0.524643,0.532152,0.767683,0.772682,0.250006,0.165270,0.139043,0.257117,0.409301,0.689057,0.516535,0.521886,0.456507,0.415353,0.473139,1.493588,0.716404,0.488311,0.433987,0.421570,0.368447
batch 1721,0.829140,0.636611,0.622994,0.615951,0.684563,0.565766,0.577810,0.463194,0.468891,0.536915,0.516074,0.742294,0.769673,0.226712,0.166421,0.138359,0.284119,0.377102,0.756003,0.588918,0.501248,0.436235,0.385728,0.471783,1.468360,0.748091,0.528137,0.438188,0.379291,0.334893
batch 1722,0.800613,0.659295,0.629006,0.629998,0.703162,0.604811,0.558734,0.472873,0.469489,0.522361,0.506683,0.723704,0.733195,0.245945,0.184511,0.139892,0.272433,0.391302,0.670557,0.521215,0.459486,0.413940,0.372719,0.470503,1.408514,0.686744,0.522774,0.434153,0.433641,0.404796
batch 1723,0.791046,0.627322,0.629704,0.608056,0.698911,0.601885,0.568579,0.475213,0.476660,0.537037,0.528338,0.749113,0.718917,0.238903,0.172519,0.137034,0.278753,0.410458,0.771802,0.563076,0.494785,0.440542,0.401330,0.479329,1.505901,0.724708,0.533210,0.457557,0.414500,0.360947
batch 1724,0.812712,0.664544,0.622407,0.622514,0.666287,0.607743,0.586787,0.454132,0.477567,0.531113,0.544206,0.758637,0.785785,0.235500,0.159265,0.129122,0.273718,0.413636,0.714404,0.551131,0.512351,0.446292,0.432008,0.460846,1.480356,0.700467,0.504376,0.436937,0.369055,0.339672
batch 1725,0.780713,0.626701,0.620404,0.631936,0.691534,0.603697,0.577720,0.464205,0.468214,0.523500,0.531197,0.748110,0.723506,0.249535,0.167363,0.141975,0.269978,0.407597,0.729300,0.544066,0.482559,0.437251,0.379228,0.469076,1.505296,0.725472,0.520251,0.460904,0.410547,0.385382
batch 1726,0.900607,0.677281,0.634394,0.625240,0.733503,0.609517,0.600450,0.470340,0.465597,0.543990,0.538553,0.783980,0.809665,0.213272,0.164159,0.133916,0.285517,0.420431,0.681641,0.523625,0.466914,0.420371,0.428779,0.461795,1.439816,0.661833,0.481946,0.402431,0.411006,0.351465
batch 1727,0.860944,0.673883,0.644098,0.645592,0.727420,0.597674,0.623317,0.485794,0.500470,0.558592,0.541028,0.746238,0.888008,0.225333,0.166569,0.137292,0.278310,0.394832,0.742540,0.587116,0.525938,0.429669,0.428148,0.452676,1.520366,0.753974,0.504405,0.427702,0.373719,0.333184
batch 1728,0.758979,0.635607,0.598750,0.611712,0.720058,0.601711,0.555655,0.463810,0.467260,0.517917,0.507240,0.769460,0.691270,0.272853,0.174214,0.159009,0.273184,0.410660,0.705686,0.543446,0.483458,0.449324,0.415638,0.455520,1.536582,0.739529,0.537274,0.443520,0.429409,0.385440
batch 1729,0.725493,0.610692,0.611234,0.616875,0.672132,0.585690,0.538124,0.457860,0.453529,0.528917,0.526911,0.746387,0.653334,0.236859,0.167823,0.142567,0.264216,0.393791,0.703158,0.521262,0.462364,0.441221,0.396185,0.460920,1.462861,0.723580,0.532294,0.470564,0.415335,0.379014
batch 1730,0.747317,0.648152,0.599084,0.624659,0.694810,0.600862,0.537271,0.461498,0.462518,0.515255,0.504011,0.757040,0.694470,0.241562,0.182532,0.135629,0.276573,0.421496,0.730762,0.512818,0.455771,0.451029,0.391290,0.447989,1.481763,0.728729,0.551314,0.471430,0.417936,0.365906
batch 1731,0.709388,0.598893,0.605674,0.645746,0.734977,0.595885,0.518176,0.459462,0.473776,0.546714,0.525532,0.747428,0.697732,0.226098,0.159449,0.148089,0.281320,0.406149,0.704165,0.536161,0.467825,0.440500,0.368178,0.500093,1.488155,0.735691,0.530480,0.485207,0.405481,0.398680
batch 1732,0.851128,0.668044,0.638265,0.623094,0.694656,0.598671,0.592569,0.470866,0.482605,0.552575,0.556470,0.763833,0.804952,0.221505,0.155653,0.121673,0.284209,0.414724,0.820838,0.624241,0.494836,0.451460,0.426384,0.433719,1.676923,0.756569,0.532028,0.442320,0.372339,0.339713
batch 1733,0.801507,0.642862,0.616642,0.604847,0.689204,0.594523,0.601659,0.483358,0.474229,0.540904,0.528608,0.747194,0.813054,0.251211,0.163781,0.133955,0.262915,0.403209,0.728417,0.549675,0.485464,0.465827,0.414286,0.457967,1.533195,0.702823,0.503846,0.434335,0.397425,0.353109
batch 1734,0.852279,0.696525,0.636571,0.650902,0.731106,0.638688,0.621939,0.496912,0.495355,0.532270,0.533663,0.754120,0.845545,0.245381,0.173330,0.129104,0.293629,0.414019,0.768279,0.554288,0.487403,0.426904,0.364187,0.476641,1.565922,0.724678,0.539659,0.466681,0.377212,0.332570
batch 1735,0.786793,0.626770,0.603543,0.613665,0.636166,0.528515,0.611641,0.454718,0.464427,0.509317,0.520008,0.719641,0.770897,0.217762,0.171966,0.129528,0.247665,0.365289,0.758666,0.568216,0.517756,0.427607,0.406472,0.466282,1.626796,0.725449,0.556770,0.464144,0.409914,0.365121
batch 1736,0.759821,0.626277,0.613836,0.646347,0.700881,0.593841,0.549239,0.457805,0.466530,0.544832,0.514617,0.785433,0.699449,0.260557,0.159709,0.138275,0.271358,0.428481,0.707871,0.536955,0.451344,0.421011,0.363487,0.471028,1.425971,0.731850,0.530893,0.448282,0.413787,0.390534
batch 1737,0.736034,0.619731,0.604161,0.634332,0.705022,0.597919,0.524911,0.462068,0.463530,0.512098,0.504649,0.759268,0.664255,0.253170,0.171620,0.149491,0.268875,0.424029,0.702698,0.521406,0.447640,0.442211,0.387509,0.462218,1.448811,0.721320,0.516868,0.460203,0.422386,0.382075
batch 1738,0.747425,0.644936,0.605513,0.611263,0.688369,0.598560,0.544113,0.456140,0.462190,0.525987,0.511201,0.741149,0.736692,0.263693,0.170928,0.135403,0.276616,0.406870,0.697599,0.559479,0.488258,0.433981,0.373400,0.467649,1.452908,0.728163,0.539612,0.448024,0.420159,0.381611
batch 1739,0.822866,0.669759,0.631846,0.652282,0.747156,0.593562,0.559423,0.466295,0.466833,0.517970,0.514426,0.729468,0.792635,0.223824,0.157778,0.126459,0.270216,0.384264,0.823341,0.573395,0.556303,0.444725,0.399298,0.450636,1.476737,0.717762,0.480113,0.411176,0.370651,0.319511
batch 1740,0.734376,0.641249,0.622109,0.619069,0.714253,0.611318,0.521292,0.457398,0.447573,0.509818,0.502227,0.766044,0.694163,0.255052,0.180029,0.148177,0.292914,0.417028,0.687403,0.517935,0.461317,0.439717,0.376234,0.463006,1.487598,0.749964,0.563965,0.483729,0.429377,0.398985
batch 1741,0.739266,0.623327,0.588483,0.604334,0.659812,0.578681,0.562552,0.452332,0.453678,0.525494,0.511911,0.737026,0.711518,0.233002,0.171846,0.134540,0.264619,0.393299,0.713643,0.554665,0.497272,0.450592,0.403329,0.452898,1.472085,0.749122,0.561951,0.460256,0.393680,0.357021
batch 1742,0.762498,0.643393,0.639986,0.644226,0.737771,0.631489,0.566813,0.476810,0.479088,0.539356,0.534920,0.768375,0.707639,0.240934,0.170374,0.142460,0.298929,0.422479,0.721699,0.537929,0.477419,0.449089,0.382562,0.496291,1.487821,0.729648,0.559431,0.479494,0.415066,0.398470
batch 1743,0.821125,0.641354,0.589389,0.608102,0.640314,0.586098,0.597785,0.475036,0.458107,0.534763,0.525484,0.727568,0.860573,0.250044,0.150861,0.124221,0.273874,0.398571,0.731083,0.590398,0.502621,0.414878,0.389312,0.474051,1.409072,0.670719,0.510387,0.405731,0.384731,0.352826
batch 1744,0.771484,0.615711,0.611029,0.602359,0.705049,0.582235,0.553933,0.465415,0.462407,0.519602,0.502438,0.738986,0.692163,0.246906,0.180339,0.139895,0.265066,0.405128,0.660607,0.495658,0.449342,0.423167,0.382921,0.476181,1.388998,0.687927,0.533588,0.450867,0.416182,0.392142
batch 1745,0.871905,0.672441,0.650108,0.629110,0.679076,0.616893,0.582423,0.479229,0.483516,0.537910,0.545524,0.761146,0.846797,0.222806,0.156996,0.141945,0.279055,0.405751,0.768692,0.586797,0.528044,0.473742,0.434474,0.458204,1.591093,0.741756,0.500668,0.433311,0.393482,0.345565
batch 1746,0.760137,0.633127,0.600616,0.614942,0.658061,0.593970,0.566304,0.463202,0.456776,0.520574,0.513458,0.768868,0.680743,0.244895,0.169577,0.137432,0.273018,0.410346,0.696355,0.526340,0.443529,0.437990,0.406047,0.447686,1.412966,0.735298,0.548928,0.447363,0.432927,0.383896
batch 1747,0.740893,0.600571,0.562080,0.571481,0.688414,0.610232,0.580863,0.469654,0.476142,0.522432,0.499400,0.783061,0.689579,0.281566,0.172634,0.153826,0.272046,0.444841,0.705397,0.519920,0.482807,0.460947,0.402250,0.464225,1.488223,0.730488,0.544194,0.447797,0.421356,0.375739
batch 1748,0.872623,0.660111,0.582221,0.563001,0.602333,0.548974,0.634684,0.466261,0.461647,0.510246,0.510102,0.739169,0.827819,0.223945,0.152817,0.117054,0.247026,0.384578,0.793529,0.628570,0.539666,0.449937,0.479644,0.402289,1.633087,0.767018,0.539303,0.415636,0.338713,0.293373
batch 1749,0.798502,0.650593,0.599878,0.610863,0.706737,0.589312,0.576548,0.475278,0.474803,0.527741,0.500523,0.730535,0.733429,0.253536,0.174091,0.146508,0.273957,0.402557,0.739194,0.563961,0.485848,0.453070,0.399722,0.434818,1.479989,0.724974,0.521635,0.455497,0.414071,0.355103
batch 1750,0.813011,0.666040,0.631537,0.676818,0.668883,0.609550,0.559445,0.466331,0.474483,0.523651,0.516745,0.748740,0.787966,0.240422,0.168495,0.133524,0.269278,0.402170,0.760897,0.617304,0.519607,0.413028,0.404651,0.421336,1.628730,0.744650,0.539059,0.447373,0.369324,0.329533
batch 1751,0.751613,0.647312,0.596949,0.611769,0.730242,0.584107,0.532839,0.447832,0.449599,0.514555,0.507475,0.773410,0.649632,0.248211,0.171788,0.138763,0.277454,0.406085,0.672774,0.531603,0.470423,0.471237,0.417151,0.432259,1.528859,0.755923,0.567667,0.466453,0.439427,0.379854
batch 1752,0.751589,0.630410,0.617323,0.632408,0.729983,0.594695,0.548281,0.458592,0.470548,0.530672,0.524321,0.746775,0.769159,0.233512,0.159484,0.138801,0.288204,0.396107,0.726110,0.556116,0.503209,0.427437,0.360146,0.522693,1.542153,0.707766,0.508546,0.452569,0.393213,0.353363
batch 1753,0.790420,0.661168,0.640329,0.641920,0.678223,0.604178,0.591618,0.497837,0.483649,0.534468,0.514725,0.744986,0.787749,0.260350,0.191621,0.136888,0.271037,0.413657,0.770240,0.599924,0.495404,0.425023,0.373462,0.454110,1.540999,0.730277,0.532984,0.437712,0.412905,0.369418
batch 1754,0.751759,0.612275,0.578056,0.582469,0.680269,0.554375,0.544455,0.458875,0.444564,0.519150,0.503546,0.710129,0.686629,0.240333,0.171574,0.142638,0.263957,0.374814,0.670658,0.534262,0.474960,0.444570,0.382737,0.486935,1.426748,0.716410,0.520894,0.468325,0.409187,0.379660
batch 1755,0.763765,0.625027,0.594620,0.614354,0.712555,0.620716,0.547627,0.465761,0.465831,0.527194,0.519857,0.739358,0.684220,0.260885,0.180754,0.149304,0.276822,0.409147,0.729187,0.533735,0.493097,0.452389,0.400218,0.439729,1.499703,0.718774,0.521870,0.441280,0.403242,0.353608
batch 1756,0.789178,0.629900,0.613611,0.639921,0.710344,0.580099,0.564104,0.474478,0.480909,0.541243,0.513461,0.730924,0.780061,0.227988,0.167323,0.140216,0.261537,0.382278,0.694294,0.561211,0.500720,0.422785,0.354856,0.496509,1.500861,0.689733,0.502894,0.462928,0.381362,0.368012
batch 1757,0.934488,0.674992,0.636275,0.596374,0.649811,0.621621,0.656192,0.479078,0.472468,0.515285,0.550838,0.775515,0.883562,0.219664,0.176871,0.146053,0.272652,0.415764,0.850644,0.677575,0.527913,0.441729,0.402012,0.394635,1.609293,0.755143,0.508906,0.384981,0.372748,0.316115
batch 1758,0.788225,0.689021,0.622681,0.648448,0.659062,0.580329,0.555814,0.480173,0.457473,0.507014,0.507048,0.735800,0.857914,0.243832,0.168736,0.130652,0.269734,0.400996,0.737660,0.558636,0.510994,0.433367,0.401543,0.498789,1.567354,0.691415,0.530104,0.455024,0.424566,0.376796
batch 1759,0.843798,0.644090,0.625736,0.618260,0.680891,0.601738,0.621537,0.504405,0.478359,0.542662,0.524827,0.742572,0.822832,0.240716,0.162572,0.132753,0.266653,0.405002,0.725516,0.549911,0.476157,0.443932,0.386935,0.492778,1.462366,0.672180,0.518949,0.452538,0.385879,0.350278
batch 1760,0.843030,0.659085,0.601966,0.607485,0.647928,0.587114,0.592270,0.462808,0.477332,0.540552,0.531787,0.765481,0.829776,0.221234,0.169666,0.136170,0.269013,0.399975,0.801056,0.606390,0.518018,0.430096,0.372001,0.422650,1.591100,0.724802,0.519878,0.418736,0.365493,0.325801
batch 1761,0.779001,0.613335,0.627883,0.610177,0.666322,0.559443,0.561562,0.465656,0.465395,0.515009,0.507047,0.720732,0.729932,0.259341,0.178773,0.133453,0.261614,0.375345,0.684482,0.538215,0.464320,0.421851,0.380948,0.475371,1.433934,0.691070,0.516258,0.437885,0.414021,0.372531
batch 1762,0.743964,0.630048,0.610635,0.641368,0.722973,0.635993,0.556169,0.470296,0.469911,0.539810,0.535309,0.807986,0.707837,0.232674,0.163665,0.143581,0.298164,0.437389,0.708207,0.505425,0.427307,0.460189,0.388248,0.468125,1.427723,0.705870,0.521342,0.445313,0.414034,0.372269
batch 1763,0.753006,0.632402,0.604911,0.644715,0.706156,0.579061,0.571233,0.466805,0.465997,0.523324,0.539578,0.739195,0.727413,0.264494,0.175011,0.139454,0.279859,0.388987,0.735649,0.574826,0.492692,0.441156,0.423313,0.448786,1.499720,0.721871,0.530312,0.469116,0.403176,0.372159
batch 1764,0.796536,0.655136,0.631217,0.627836,0.673867,0.575880,0.623683,0.496677,0.505041,0.535217,0.510952,0.714394,0.892175,0.245789,0.160543,0.152707,0.262008,0.385731,0.820341,0.625103,0.557418,0.444674,0.387181,0.488444,1.675239,0.678825,0.495369,0.407971,0.379671,0.343867
batch 1765,0.815809,0.676291,0.621720,0.664226,0.696823,0.638959,0.547897,0.466457,0.468391,0.519759,0.517821,0.723835,0.801574,0.238839,0.151160,0.125294,0.282579,0.404803,0.758660,0.567978,0.534764,0.453833,0.399337,0.435912,1.518495,0.743393,0.569726,0.449461,0.416996,0.357539
batch 1766,0.827680,0.672283,0.629495,0.678196,0.695867,0.630293,0.548017,0.472502,0.479015,0.536566,0.529807,0.746235,0.816551,0.226139,0.174990,0.144495,0.287217,0.399622,0.751964,0.582486,0.495897,0.454588,0.421557,0.412912,1.417518,0.712245,0.503561,0.401952,0.376673,0.319030
batch 1767,0.705388,0.608954,0.599656,0.644648,0.750539,0.598504,0.515011,0.462467,0.461207,0.524094,0.504039,0.762649,0.654572,0.252542,0.167839,0.142573,0.281138,0.409726,0.694036,0.524699,0.468644,0.459376,0.381899,0.460653,1.507401,0.703662,0.528266,0.445721,0.410610,0.372737
batch 1768,0.832504,0.648849,0.601418,0.574482,0.634478,0.551242,0.566582,0.465751,0.478672,0.519032,0.524575,0.750858,0.898994,0.232825,0.158302,0.151261,0.271768,0.404083,0.802537,0.658739,0.567440,0.421468,0.421099,0.386326,1.657669,0.759933,0.523742,0.402215,0.348506,0.307910
batch 1769,0.787015,0.645216,0.639635,0.619691,0.701389,0.593351,0.575240,0.472313,0.472854,0.522973,0.521561,0.725343,0.754264,0.249774,0.171268,0.137614,0.274367,0.379519,0.723249,0.552628,0.518795,0.427937,0.376668,0.485851,1.516867,0.713769,0.518326,0.477876,0.442059,0.362149
batch 1770,0.705989,0.609165,0.576603,0.598519,0.694177,0.601107,0.518452,0.443133,0.453402,0.512701,0.509730,0.739161,0.644738,0.254954,0.166348,0.133811,0.264967,0.404353,0.710969,0.515463,0.461554,0.429402,0.388742,0.460674,1.449894,0.712119,0.543923,0.450800,0.416914,0.370916
batch 1771,0.719807,0.627895,0.580062,0.600297,0.702351,0.594684,0.526047,0.457739,0.454044,0.521793,0.512260,0.740918,0.708418,0.269080,0.182286,0.150473,0.289214,0.411570,0.724170,0.546557,0.456330,0.449240,0.393905,0.460601,1.567020,0.736207,0.551963,0.464685,0.438225,0.404951
batch 1772,0.770160,0.619462,0.596561,0.593430,0.646812,0.578200,0.574949,0.465362,0.457452,0.527932,0.523111,0.744762,0.748564,0.249449,0.170743,0.127782,0.286173,0.404059,0.734684,0.525437,0.470419,0.433125,0.434630,0.467529,1.567547,0.735675,0.549726,0.453659,0.418019,0.381341
batch 1773,0.873349,0.697437,0.653401,0.627907,0.764519,0.637235,0.583430,0.473238,0.488592,0.538363,0.510867,0.767285,0.952391,0.244277,0.148040,0.118114,0.292652,0.428835,0.774164,0.603379,0.506004,0.416172,0.387545,0.419693,1.381895,0.660395,0.458119,0.386011,0.368611,0.311437
batch 1774,0.744876,0.625570,0.596976,0.584696,0.636695,0.550592,0.589148,0.469205,0.461896,0.511982,0.522172,0.718751,0.706008,0.255465,0.177828,0.144587,0.252904,0.375554,0.691019,0.526940,0.486219,0.456338,0.383440,0.482940,1.447172,0.698710,0.533709,0.445876,0.414906,0.378226
batch 1775,0.890026,0.672888,0.632671,0.600113,0.725351,0.607162,0.561010,0.467714,0.455101,0.515836,0.511916,0.742052,0.763165,0.225512,0.161889,0.135729,0.294603,0.402164,0.718638,0.608439,0.501467,0.421542,0.407408,0.450735,1.470341,0.732693,0.499849,0.401420,0.413194,0.348499
batch 1776,0.855533,0.630514,0.632585,0.608304,0.670830,0.568845,0.609120,0.487717,0.490634,0.542514,0.514907,0.702290,0.824357,0.218455,0.158545,0.131984,0.257149,0.362664,0.683901,0.572678,0.484112,0.414909,0.371859,0.492899,1.472638,0.692412,0.476886,0.432915,0.381098,0.361051
batch 1777,0.775995,0.644022,0.602898,0.611771,0.710575,0.585514,0.566929,0.461946,0.464356,0.521947,0.509577,0.755611,0.701423,0.256382,0.178689,0.139066,0.287377,0.409638,0.693994,0.516189,0.454187,0.449116,0.397009,0.461579,1.420052,0.693810,0.525370,0.450435,0.416657,0.375366
batch 1778,0.740087,0.629426,0.610045,0.622829,0.688383,0.591709,0.558986,0.451936,0.461100,0.512308,0.505438,0.744991,0.696301,0.228269,0.158201,0.128951,0.272523,0.399389,0.764772,0.566297,0.505459,0.427294,0.384016,0.451916,1.524184,0.762640,0.569395,0.463691,0.405653,0.367924
batch 1779,0.835675,0.652989,0.625981,0.633438,0.672518,0.583563,0.554113,0.457661,0.458021,0.518320,0.541689,0.764834,0.757814,0.223761,0.157410,0.130832,0.275235,0.404232,0.777311,0.596525,0.512574,0.421668,0.433024,0.413203,1.546160,0.715112,0.514039,0.395625,0.383418,0.338316
batch 1780,0.797123,0.619457,0.633079,0.644502,0.743115,0.617395,0.590572,0.484785,0.496158,0.535091,0.507468,0.772891,0.788443,0.228866,0.191819,0.163315,0.282779,0.418642,0.659071,0.518791,0.482810,0.456119,0.388859,0.483456,1.363662,0.673886,0.509899,0.433674,0.415410,0.375383
batch 1781,0.767954,0.613779,0.608147,0.599475,0.665363,0.566860,0.644728,0.479883,0.464145,0.518539,0.518954,0.704771,0.757651,0.241546,0.172240,0.136202,0.252814,0.362303,0.695982,0.548738,0.505590,0.432971,0.419173,0.489879,1.531548,0.696775,0.512691,0.459621,0.425907,0.367809
batch 1782,0.765358,0.616495,0.596150,0.588664,0.661828,0.570782,0.593080,0.465167,0.480135,0.526988,0.530113,0.755533,0.718930,0.254045,0.168928,0.135304,0.271302,0.403213,0.772459,0.559736,0.492081,0.454819,0.409229,0.499806,1.529255,0.706962,0.557137,0.449053,0.434303,0.361322
batch 1783,0.790580,0.634998,0.612764,0.614295,0.663256,0.590449,0.562887,0.477103,0.474747,0.524819,0.521579,0.724613,0.728476,0.261922,0.172208,0.130247,0.275150,0.389411,0.741424,0.572442,0.479505,0.444924,0.399397,0.443538,1.508053,0.740319,0.559611,0.470733,0.402989,0.359186
batch 1784,0.881457,0.725595,0.658429,0.662341,0.790520,0.637114,0.599969,0.479152,0.484123,0.548210,0.527273,0.776636,0.897377,0.227468,0.172667,0.126567,0.301984,0.427421,0.800207,0.604310,0.500539,0.442876,0.404986,0.425519,1.554035,0.703035,0.496319,0.418678,0.364337,0.325937
batch 1785,0.826492,0.661237,0.604476,0.598490,0.663856,0.578102,0.589734,0.466588,0.463664,0.522098,0.537217,0.715044,0.805988,0.240432,0.186284,0.140277,0.263360,0.370911,0.738664,0.561286,0.574396,0.459733,0.360827,0.442423,1.520575,0.706886,0.543589,0.425831,0.385758,0.330469
batch 1786,0.767232,0.670855,0.631954,0.664258,0.761840,0.634259,0.552957,0.480679,0.492078,0.543987,0.534035,0.762788,0.759781,0.223880,0.168879,0.134926,0.295347,0.421528,0.795295,0.596261,0.513581,0.423284,0.364477,0.476254,1.657689,0.743572,0.530493,0.458835,0.381424,0.337781
batch 1787,0.782485,0.626575,0.638988,0.637940,0.696416,0.596603,0.556125,0.464561,0.463816,0.527830,0.526115,0.751593,0.713415,0.256481,0.171099,0.145336,0.286981,0.403967,0.705837,0.517400,0.484847,0.437592,0.401868,0.479184,1.464796,0.707914,0.529956,0.451115,0.421102,0.381674
batch 1788,0.781147,0.656140,0.634708,0.654054,0.730989,0.639656,0.561600,0.471441,0.464255,0.536469,0.521557,0.821981,0.742592,0.233246,0.171414,0.139327,0.297040,0.453745,0.749379,0.519675,0.430831,0.479395,0.421438,0.468509,1.500587,0.689229,0.500572,0.440748,0.386118,0.358656
batch 1789,0.886418,0.658751,0.582143,0.549293,0.621056,0.513768,0.619052,0.471227,0.484134,0.519392,0.532784,0.715893,0.827243,0.239658,0.157589,0.127177,0.256891,0.377541,0.732431,0.568242,0.510119,0.440273,0.420356,0.455794,1.584373,0.674325,0.515345,0.402938,0.377292,0.338573
batch 1790,0.736125,0.625829,0.603665,0.639822,0.692436,0.589992,0.563827,0.470521,0.464600,0.523798,0.524130,0.710218,0.684840,0.255411,0.184605,0.140024,0.292456,0.377737,0.757679,0.539724,0.470317,0.430267,0.396876,0.473040,1.544510,0.732411,0.552210,0.484510,0.415661,0.374971
batch 1791,0.850527,0.638714,0.632570,0.620211,0.706362,0.614830,0.583366,0.475730,0.480401,0.543558,0.540511,0.789603,0.757780,0.235287,0.162718,0.135325,0.295966,0.431959,0.737521,0.549812,0.487226,0.440166,0.385372,0.474565,1.446073,0.709854,0.528426,0.469291,0.389974,0.369212
batch 1792,0.742306,0.640464,0.588653,0.611790,0.691694,0.577152,0.544639,0.462076,0.462377,0.520854,0.506786,0.739604,0.695113,0.266909,0.176186,0.140592,0.270435,0.396151,0.718583,0.527191,0.453389,0.449173,0.413478,0.464883,1.480440,0.724718,0.539488,0.463562,0.426444,0.388449
batch 1793,0.754185,0.626843,0.616173,0.644716,0.663504,0.566716,0.563494,0.465550,0.478980,0.534116,0.523303,0.721123,0.714779,0.249918,0.175434,0.137581,0.265279,0.376299,0.773085,0.568126,0.506593,0.417593,0.392843,0.459013,1.533017,0.720318,0.530332,0.454467,0.414179,0.359485
batch 1794,0.779699,0.621710,0.587671,0.573938,0.626486,0.549090,0.593182,0.454341,0.456121,0.522281,0.525853,0.722537,0.708667,0.248960,0.169701,0.149831,0.251466,0.387472,0.739534,0.546586,0.497352,0.439861,0.412916,0.480588,1.510092,0.727989,0.507665,0.446837,0.409524,0.357181
batch 1795,0.830077,0.692511,0.624614,0.628296,0.658660,0.555706,0.566366,0.461613,0.463428,0.509392,0.506865,0.751952,0.896664,0.239410,0.147958,0.132467,0.265950,0.399867,0.758282,0.618623,0.544354,0.441695,0.414871,0.417863,1.616694,0.748810,0.520751,0.425240,0.402339,0.337549
batch 1796,0.871501,0.662976,0.658594,0.624708,0.716072,0.639672,0.599792,0.483634,0.472875,0.552455,0.559767,0.779601,0.848521,0.221186,0.164743,0.128007,0.287965,0.415922,0.789508,0.598767,0.515010,0.418731,0.359789,0.428069,1.548818,0.675720,0.509425,0.415176,0.402951,0.310597
batch 1797,0.750344,0.619785,0.589607,0.606930,0.666329,0.589396,0.555657,0.468123,0.460261,0.523641,0.513567,0.747138,0.755090,0.256892,0.182350,0.143772,0.266620,0.399049,0.719062,0.553012,0.489232,0.428189,0.358962,0.473632,1.500565,0.710563,0.543435,0.443121,0.408847,0.380796
batch 1798,0.790762,0.632165,0.621028,0.600481,0.674718,0.583761,0.572490,0.459749,0.460798,0.523758,0.516499,0.734354,0.727830,0.243419,0.167761,0.147101,0.278195,0.400775,0.692100,0.531911,0.465868,0.443511,0.361455,0.462271,1.525051,0.725028,0.559951,0.469726,0.420956,0.384695
batch 1799,0.760900,0.657271,0.602541,0.629535,0.651551,0.588232,0.525057,0.447089,0.449484,0.502214,0.518512,0.707149,0.655802,0.258291,0.174288,0.136479,0.298303,0.373882,0.745335,0.560697,0.517207,0.430729,0.404371,0.443465,1.497289,0.748789,0.559236,0.448187,0.410788,0.358736
batch 1800,0.725515,0.620023,0.602442,0.608447,0.695915,0.607150,0.566611,0.461544,0.456503,0.536549,0.533282,0.781200,0.679138,0.243923,0.167469,0.140014,0.281382,0.424301,0.762333,0.535826,0.460564,0.483153,0.439220,0.466690,1.536016,0.756387,0.550155,0.458652,0.434465,0.382972
batch 1801,0.822193,0.670712,0.653243,0.661187,0.720068,0.586548,0.573835,0.478045,0.483407,0.544870,0.536528,0.748717,0.787475,0.248818,0.167793,0.136871,0.286421,0.392433,0.792562,0.618500,0.524102,0.436919,0.403584,0.434432,1.546428,0.738792,0.523687,0.422045,0.362139,0.327255
batch 1802,0.784126,0.628588,0.623725,0.643233,0.708531,0.585889,0.552802,0.475730,0.482758,0.535171,0.515174,0.732087,0.714646,0.241947,0.165152,0.137711,0.268214,0.391185,0.715049,0.535678,0.470148,0.442856,0.391305,0.478632,1.579352,0.746948,0.553288,0.457294,0.421348,0.375629
batch 1803,0.812646,0.670495,0.628088,0.624558,0.708445,0.609077,0.575102,0.477214,0.471069,0.527963,0.525555,0.745954,0.748351,0.262626,0.179434,0.148023,0.284992,0.408274,0.722462,0.543688,0.492078,0.437866,0.390132,0.472735,1.492182,0.739491,0.551434,0.475212,0.422816,0.380965
batch 1804,0.755392,0.615873,0.611249,0.597719,0.667011,0.589110,0.573018,0.462011,0.477345,0.524154,0.522973,0.707059,0.693852,0.246234,0.165782,0.139138,0.267916,0.382249,0.720193,0.535622,0.484478,0.436284,0.380574,0.491010,1.507872,0.727536,0.543089,0.459077,0.419299,0.384312
batch 1805,0.744329,0.594196,0.580855,0.586357,0.684519,0.572520,0.551677,0.460144,0.462057,0.529606,0.510638,0.710497,0.708043,0.244449,0.160023,0.139238,0.261528,0.384021,0.717380,0.582134,0.489188,0.423128,0.378863,0.458205,1.477336,0.707546,0.505559,0.444189,0.394250,0.352600
batch 1806,0.778481,0.610199,0.631007,0.622776,0.709206,0.596498,0.558005,0.462061,0.463070,0.529012,0.501052,0.696885,0.751209,0.256985,0.161264,0.134967,0.270412,0.377662,0.702210,0.546040,0.503153,0.427262,0.353356,0.475963,1.441424,0.696145,0.512008,0.465069,0.399703,0.364929
batch 1807,0.783002,0.665929,0.604822,0.605074,0.692844,0.587746,0.556445,0.473139,0.475693,0.549361,0.528727,0.750417,0.743490,0.238689,0.178166,0.159445,0.287930,0.397779,0.781770,0.597592,0.496476,0.409527,0.383832,0.461168,1.587480,0.756848,0.515897,0.417621,0.402595,0.347839
batch 1808,0.879796,0.681850,0.635139,0.630040,0.716475,0.609156,0.654013,0.498087,0.477793,0.539677,0.543500,0.745995,0.907752,0.218167,0.167220,0.127169,0.278506,0.392237,0.828893,0.580640,0.486430,0.427202,0.379762,0.498102,1.549414,0.657291,0.506681,0.408022,0.369958,0.337281
batch 1809,0.841658,0.660780,0.614591,0.613648,0.684132,0.604215,0.594631,0.485025,0.482402,0.536492,0.538229,0.752186,0.779789,0.249414,0.175873,0.145191,0.283331,0.402558,0.719938,0.531695,0.478284,0.476317,0.401305,0.486337,1.513103,0.770084,0.548327,0.482688,0.393842,0.372069
batch 1810,0.863407,0.670182,0.637496,0.633829,0.699578,0.592428,0.595039,0.479986,0.472369,0.546024,0.536719,0.769911,0.851063,0.236731,0.155072,0.131040,0.275373,0.420319,0.724182,0.548636,0.476455,0.428346,0.381961,0.516099,1.477948,0.681793,0.525862,0.485113,0.408005,0.377997
batch 1811,0.734854,0.636090,0.605256,0.603791,0.701797,0.578336,0.534758,0.457687,0.450264,0.504401,0.512277,0.757276,0.650868,0.235583,0.194484,0.150892,0.280927,0.411760,0.740290,0.569047,0.490451,0.453383,0.406645,0.444820,1.488536,0.756097,0.523526,0.472128,0.395625,0.349938
batch 1812,0.804078,0.660889,0.618175,0.643007,0.749929,0.614873,0.592683,0.471429,0.477988,0.551261,0.542146,0.716611,0.771623,0.241509,0.174260,0.138804,0.286914,0.393024,0.706689,0.567038,0.506242,0.430549,0.390034,0.462152,1.462403,0.718295,0.541071,0.442899,0.391783,0.350119
batch 1813,0.812417,0.661862,0.625515,0.613682,0.671661,0.555562,0.575716,0.456286,0.466590,0.520778,0.514733,0.720331,0.720250,0.225225,0.154690,0.140275,0.265159,0.374033,0.774909,0.590322,0.549448,0.447896,0.427678,0.460994,1.532097,0.764475,0.528152,0.445525,0.407955,0.345673
batch 1814,0.741232,0.624118,0.593776,0.624795,0.678285,0.592557,0.532071,0.453651,0.456091,0.523485,0.508487,0.739870,0.707661,0.243656,0.168785,0.134676,0.274899,0.402864,0.713677,0.558307,0.467616,0.406411,0.394875,0.456065,1.398413,0.729592,0.530375,0.452469,0.409812,0.365056
batch 1815,0.830820,0.656309,0.600916,0.601165,0.715611,0.598723,0.586329,0.471893,0.460651,0.519093,0.503314,0.711747,0.757846,0.253883,0.200041,0.156227,0.276199,0.393869,0.763809,0.560443,0.524611,0.422268,0.411443,0.460045,1.447105,0.710585,0.527171,0.454439,0.397272,0.343420
batch 1816,0.724178,0.622466,0.576889,0.606393,0.678610,0.573528,0.506439,0.439417,0.445183,0.510200,0.523003,0.749828,0.660649,0.219715,0.167206,0.131043,0.274110,0.405407,0.747558,0.591237,0.501556,0.443722,0.440342,0.414456,1.497151,0.757543,0.533357,0.456301,0.388965,0.338662
batch 1817,0.770320,0.631307,0.615257,0.613892,0.703610,0.601346,0.553233,0.465318,0.464961,0.526104,0.522194,0.732937,0.684717,0.251214,0.166645,0.138958,0.265456,0.393823,0.690324,0.519739,0.490293,0.432804,0.376427,0.488129,1.378861,0.683676,0.526809,0.461520,0.422669,0.367850
batch 1818,0.788034,0.649599,0.594334,0.598375,0.650522,0.559530,0.587917,0.457298,0.460045,0.520844,0.513371,0.727865,0.742132,0.235258,0.157807,0.137135,0.262508,0.381575,0.752662,0.568855,0.516721,0.464291,0.438523,0.432143,1.425064,0.717101,0.503852,0.425952,0.384255,0.321258
batch 1819,0.851349,0.686680,0.636936,0.653342,0.701828,0.617790,0.583803,0.481030,0.491448,0.546822,0.532878,0.761183,0.873589,0.238925,0.187321,0.152594,0.282892,0.412394,0.771383,0.596645,0.497089,0.435154,0.431250,0.496569,1.595155,0.694722,0.528334,0.483488,0.407028,0.380534
batch 1820,0.746060,0.607138,0.563711,0.610672,0.685409,0.589864,0.572478,0.461698,0.468176,0.505511,0.509756,0.703944,0.720433,0.286397,0.201419,0.156204,0.260960,0.370455,0.683292,0.518657,0.471368,0.444876,0.424624,0.505443,1.386917,0.649335,0.505747,0.461316,0.416189,0.367947
batch 1821,0.760563,0.633281,0.601616,0.605745,0.671607,0.577653,0.560842,0.464445,0.462248,0.515632,0.513229,0.727305,0.723693,0.266603,0.167496,0.145158,0.275624,0.392034,0.773407,0.575214,0.487792,0.438355,0.402915,0.474156,1.571473,0.728176,0.571365,0.473405,0.415647,0.371848
batch 1822,0.766799,0.625836,0.612670,0.610951,0.675044,0.557389,0.566700,0.457662,0.452588,0.526529,0.520363,0.721534,0.715807,0.254156,0.161944,0.133468,0.258084,0.380068,0.702259,0.534805,0.484355,0.428580,0.389175,0.474835,1.501673,0.714574,0.527831,0.464156,0.430863,0.382852
batch 1823,0.770131,0.642202,0.607947,0.611817,0.676547,0.590080,0.587214,0.473340,0.462467,0.532052,0.533279,0.781100,0.694650,0.258646,0.174505,0.142536,0.286969,0.414817,0.722133,0.532346,0.443097,0.491158,0.400328,0.449688,1.503321,0.763932,0.551355,0.446236,0.419645,0.378312
batch 1824,0.759775,0.618316,0.589156,0.584958,0.653870,0.552148,0.593177,0.463304,0.467675,0.533326,0.521236,0.712202,0.735522,0.272998,0.176633,0.146605,0.281526,0.366382,0.709623,0.541192,0.479412,0.470649,0.369052,0.457990,1.471978,0.727131,0.524252,0.473249,0.406316,0.390265
batch 1825,0.787143,0.631307,0.616781,0.618051,0.716972,0.624481,0.519607,0.456348,0.460574,0.505053,0.506505,0.735590,0.751859,0.216772,0.162379,0.145197,0.274553,0.388943,0.793914,0.631850,0.520848,0.467841,0.457252,0.413162,1.560487,0.758177,0.513995,0.423375,0.361278,0.306856
batch 1826,0.904829,0.692640,0.629709,0.623427,0.667041,0.582706,0.625818,0.501907,0.490638,0.531356,0.524749,0.756054,0.864959,0.223007,0.183306,0.141059,0.273538,0.397872,0.806277,0.640706,0.550831,0.423164,0.397154,0.458448,1.505759,0.709688,0.519406,0.431896,0.383275,0.330564
batch 1827,0.768776,0.624628,0.618959,0.616826,0.691220,0.596504,0.553805,0.467609,0.456926,0.520534,0.523116,0.749889,0.708814,0.264231,0.176396,0.151828,0.280805,0.404194,0.689242,0.492261,0.443951,0.427297,0.378108,0.471389,1.360763,0.686225,0.529835,0.468588,0.424140,0.385078
batch 1828,0.838964,0.675833,0.638690,0.684704,0.756717,0.634506,0.594832,0.483823,0.491748,0.528004,0.515711,0.760234,0.808086,0.235911,0.187938,0.141003,0.289101,0.407174,0.721105,0.546939,0.499605,0.461734,0.431220,0.471575,1.453097,0.681521,0.535153,0.471943,0.403493,0.367819
batch 1829,0.842578,0.639309,0.650653,0.652501,0.736996,0.589897,0.598679,0.473712,0.474586,0.526668,0.524756,0.725793,0.793247,0.260006,0.163193,0.141716,0.283344,0.376597,0.730544,0.524497,0.440804,0.460233,0.393355,0.473124,1.465696,0.670916,0.507605,0.456251,0.391468,0.360905
batch 1830,0.754588,0.625205,0.624255,0.625401,0.700219,0.572398,0.553589,0.463762,0.472427,0.527731,0.502391,0.744511,0.729538,0.262077,0.171741,0.142696,0.275053,0.394184,0.666811,0.507441,0.448572,0.433631,0.370690,0.466730,1.389826,0.705411,0.541725,0.455106,0.414469,0.384346
batch 1831,0.862276,0.688509,0.642451,0.629219,0.735541,0.619479,0.596636,0.459372,0.471028,0.537545,0.526648,0.745198,0.859500,0.232009,0.175874,0.142658,0.295775,0.403233,0.757226,0.583487,0.530735,0.436204,0.417430,0.447045,1.550111,0.679505,0.541292,0.423195,0.372631,0.325406
batch 1832,0.786939,0.649198,0.607910,0.615852,0.711075,0.600913,0.552892,0.454419,0.463078,0.515356,0.514503,0.750412,0.700962,0.266329,0.165401,0.137888,0.279119,0.407669,0.715999,0.546306,0.473884,0.436938,0.391442,0.466543,1.463182,0.768471,0.552395,0.471559,0.427770,0.387621
batch 1833,0.713146,0.593448,0.589133,0.605029,0.693860,0.630073,0.582668,0.472227,0.481385,0.540316,0.532255,0.829530,0.705310,0.270264,0.178198,0.141391,0.289986,0.471600,0.731308,0.539202,0.446111,0.495188,0.437729,0.463316,1.489191,0.732508,0.526200,0.431715,0.413776,0.361439
batch 1834,0.736437,0.629543,0.597323,0.620541,0.691671,0.560821,0.541604,0.458015,0.460687,0.530518,0.528282,0.767349,0.681046,0.235634,0.167338,0.136807,0.276139,0.411897,0.674090,0.505151,0.426106,0.462444,0.393354,0.442892,1.435034,0.709644,0.540148,0.441100,0.422934,0.395137
batch 1835,0.735522,0.633189,0.609095,0.609562,0.634159,0.582547,0.555735,0.457478,0.474717,0.515970,0.529651,0.717221,0.675617,0.256138,0.178689,0.146832,0.266322,0.382816,0.738310,0.583743,0.493026,0.423428,0.399915,0.460409,1.551180,0.728581,0.538200,0.456526,0.430011,0.364408
batch 1836,0.740663,0.631186,0.592033,0.620833,0.652547,0.574429,0.557393,0.459031,0.456706,0.521229,0.530277,0.762181,0.684303,0.251021,0.163573,0.127273,0.291610,0.407709,0.729256,0.512486,0.456346,0.475297,0.415561,0.476196,1.501486,0.754675,0.564374,0.463859,0.431330,0.389876
batch 1837,0.700823,0.622191,0.596130,0.607396,0.679910,0.589423,0.511682,0.447296,0.447299,0.515785,0.521593,0.730577,0.699390,0.265932,0.172451,0.142267,0.287130,0.399888,0.726837,0.559606,0.467588,0.451710,0.396104,0.466843,1.476925,0.711882,0.535961,0.461370,0.415709,0.375671
batch 1838,0.715419,0.625652,0.606219,0.657864,0.737815,0.605281,0.509365,0.462655,0.456984,0.525758,0.508150,0.754680,0.699640,0.241574,0.159435,0.139548,0.285886,0.397483,0.709734,0.540823,0.495009,0.430684,0.398745,0.484665,1.498917,0.718227,0.566891,0.487718,0.425291,0.404302
batch 1839,0.755045,0.615200,0.595292,0.619533,0.713002,0.607188,0.574600,0.468520,0.483030,0.531202,0.522461,0.752165,0.692598,0.270317,0.182832,0.137179,0.280991,0.413272,0.666767,0.506820,0.458005,0.444496,0.399189,0.470511,1.404989,0.694393,0.534216,0.436541,0.427568,0.371774
batch 1840,0.720382,0.594058,0.583075,0.600977,0.700194,0.632570,0.583395,0.471924,0.483766,0.540728,0.524548,0.819309,0.711168,0.278806,0.168785,0.142028,0.295256,0.473186,0.722158,0.530561,0.448977,0.481581,0.403376,0.460105,1.490050,0.739645,0.536783,0.433438,0.410363,0.370225
batch 1841,0.796889,0.623406,0.603455,0.613780,0.659239,0.590493,0.607465,0.481612,0.472320,0.549162,0.535570,0.783773,0.771057,0.247848,0.181957,0.151676,0.277495,0.415553,0.710987,0.536758,0.471440,0.471146,0.422499,0.466214,1.579968,0.766337,0.546560,0.449199,0.424631,0.374269
batch 1842,0.748578,0.627093,0.602892,0.617627,0.673684,0.586531,0.539253,0.459202,0.454568,0.510332,0.496517,0.746681,0.650692,0.257349,0.169545,0.138009,0.269843,0.405408,0.706667,0.531223,0.474897,0.451534,0.398559,0.447754,1.444909,0.746241,0.553649,0.473942,0.426177,0.381698
batch 1843,0.816030,0.666735,0.633428,0.638562,0.659593,0.595388,0.591354,0.476198,0.478588,0.531754,0.525185,0.741194,0.758828,0.245777,0.173209,0.140153,0.275138,0.396685,0.816641,0.609093,0.541317,0.445419,0.406866,0.475698,1.678014,0.774917,0.565673,0.455811,0.417095,0.372189
batch 1844,0.751792,0.622494,0.599061,0.611591,0.654983,0.560458,0.565187,0.451809,0.450582,0.519943,0.529191,0.774167,0.687343,0.247046,0.170795,0.141293,0.288870,0.421353,0.719769,0.512890,0.467966,0.450034,0.474636,0.438960,1.522107,0.730280,0.538039,0.448522,0.425247,0.381205
batch 1845,0.768473,0.629061,0.594788,0.590584,0.705205,0.583580,0.562522,0.466856,0.469961,0.524320,0.516572,0.723149,0.695787,0.249906,0.170474,0.143129,0.285373,0.384181,0.712154,0.532797,0.469084,0.435393,0.379898,0.468183,1.442227,0.723085,0.540504,0.461997,0.426937,0.378289
batch 1846,0.749685,0.626587,0.603525,0.610834,0.664579,0.587962,0.540309,0.455036,0.451408,0.524376,0.509222,0.750371,0.676793,0.242221,0.171209,0.135413,0.268659,0.403966,0.702654,0.511504,0.465043,0.439150,0.373722,0.464969,1.491742,0.735606,0.558584,0.473985,0.436894,0.404033
batch 1847,0.832185,0.685866,0.666361,0.671673,0.750129,0.630682,0.572271,0.489144,0.486551,0.557516,0.524051,0.767674,0.857959,0.255284,0.163831,0.139214,0.292302,0.419375,0.720115,0.566486,0.476574,0.415204,0.350185,0.464213,1.445554,0.695302,0.513916,0.445892,0.383419,0.371346
batch 1848,0.836420,0.675597,0.623602,0.619004,0.680065,0.641424,0.587820,0.469334,0.463300,0.529071,0.542560,0.742162,0.826889,0.228633,0.158889,0.133797,0.279650,0.415836,0.731197,0.610172,0.547314,0.463945,0.404241,0.447652,1.611881,0.774843,0.528525,0.413330,0.387316,0.331863
batch 1849,0.791774,0.668185,0.628064,0.647359,0.679439,0.593872,0.593687,0.475763,0.483146,0.541411,0.531894,0.756315,0.760758,0.241657,0.164504,0.142162,0.289817,0.406724,0.744517,0.550061,0.494835,0.456352,0.428758,0.476214,1.608630,0.751241,0.559416,0.483898,0.413116,0.368658
batch 1850,0.901912,0.694967,0.664669,0.609916,0.660216,0.597776,0.599765,0.483165,0.474036,0.527076,0.539299,0.766607,0.841356,0.224983,0.154056,0.118010,0.269747,0.406633,0.751145,0.612803,0.538656,0.479992,0.431713,0.410850,1.524049,0.744197,0.529726,0.405922,0.378898,0.330203
batch 1851,0.787008,0.655194,0.620802,0.640725,0.709665,0.627604,0.568910,0.473895,0.479172,0.544258,0.531391,0.767924,0.734581,0.250094,0.190455,0.152135,0.287126,0.415902,0.728432,0.542162,0.472579,0.453026,0.402259,0.474715,1.580315,0.742227,0.550540,0.466165,0.412283,0.374548
batch 1852,0.888707,0.678106,0.572473,0.571280,0.666689,0.600634,0.612219,0.472007,0.450339,0.532221,0.527665,0.763473,0.832008,0.224193,0.196064,0.137675,0.271205,0.405766,0.793773,0.624824,0.549274,0.421320,0.445242,0.441482,1.471147,0.703339,0.488309,0.397155,0.356474,0.315472
batch 1853,0.861933,0.698215,0.611431,0.591531,0.647069,0.582621,0.597528,0.465059,0.475086,0.503765,0.534278,0.724389,0.872476,0.241104,0.161865,0.126459,0.256398,0.387944,0.775412,0.628366,0.529568,0.423896,0.414490,0.441642,1.477640,0.727527,0.496960,0.379500,0.344095,0.304777
batch 1854,0.786100,0.629726,0.604392,0.608462,0.663571,0.572896,0.574243,0.467259,0.455341,0.526009,0.520451,0.744122,0.729461,0.256540,0.172483,0.143412,0.262100,0.384572,0.724940,0.549710,0.504729,0.480277,0.406736,0.442776,1.590720,0.750615,0.546049,0.467986,0.444341,0.396880
batch 1855,0.806771,0.681334,0.663052,0.683163,0.769067,0.619869,0.565034,0.473206,0.477768,0.534091,0.517215,0.737579,0.769018,0.218896,0.153978,0.130577,0.291300,0.401129,0.770270,0.582073,0.513268,0.477479,0.407476,0.445136,1.414335,0.664827,0.509140,0.436892,0.370708,0.338162
batch 1856,0.823517,0.662638,0.606914,0.640932,0.690775,0.564631,0.586698,0.468666,0.483357,0.559273,0.541272,0.737767,0.848879,0.227036,0.157083,0.130940,0.263452,0.395206,0.762828,0.577744,0.503405,0.448886,0.396937,0.446786,1.435864,0.753031,0.536205,0.479195,0.390362,0.334177
batch 1857,0.733802,0.638702,0.601137,0.621504,0.668025,0.606420,0.558726,0.454521,0.455148,0.517966,0.533828,0.735763,0.678187,0.242473,0.169022,0.149270,0.279802,0.389694,0.758744,0.562299,0.486061,0.442575,0.416422,0.462912,1.585322,0.761947,0.566397,0.474724,0.439494,0.404365
batch 1858,0.716835,0.614434,0.593426,0.602752,0.689240,0.609267,0.519383,0.462047,0.457682,0.523531,0.502111,0.738284,0.655897,0.246801,0.188212,0.146871,0.282384,0.398868,0.703701,0.521366,0.474975,0.460077,0.369586,0.454139,1.481628,0.697790,0.535841,0.435122,0.429174,0.385969
batch 1859,0.750461,0.632029,0.609400,0.620111,0.704015,0.594936,0.554189,0.455953,0.452067,0.518220,0.507203,0.764368,0.726501,0.263071,0.171648,0.143572,0.276821,0.417260,0.704201,0.530576,0.459362,0.454821,0.398747,0.434227,1.480030,0.731560,0.554082,0.443951,0.423137,0.377718
batch 1860,0.708804,0.601331,0.592911,0.620997,0.671213,0.561483,0.541863,0.453698,0.458142,0.518673,0.509010,0.723643,0.659313,0.256029,0.169589,0.143187,0.260698,0.378253,0.687149,0.524684,0.477158,0.447170,0.357183,0.471229,1.470527,0.699607,0.523483,0.451916,0.407721,0.378626
batch 1861,0.877887,0.685005,0.651357,0.623313,0.706310,0.618508,0.614278,0.479217,0.474124,0.536244,0.547963,0.772612,0.853687,0.224517,0.160196,0.135370,0.288979,0.421428,0.748583,0.582580,0.518773,0.417923,0.404074,0.463815,1.420544,0.726561,0.555803,0.424795,0.398880,0.329689
batch 1862,0.775819,0.645914,0.611080,0.608796,0.693391,0.601547,0.559281,0.455610,0.457304,0.520337,0.513919,0.741789,0.718863,0.250428,0.175992,0.135593,0.265940,0.413799,0.713994,0.548000,0.489521,0.451419,0.398956,0.451208,1.498953,0.707913,0.535883,0.457168,0.426506,0.376314
batch 1863,0.773661,0.631109,0.604462,0.624057,0.710462,0.605247,0.562767,0.474907,0.486210,0.533413,0.509735,0.776314,0.712007,0.248383,0.185114,0.134490,0.278542,0.408150,0.709225,0.513192,0.468348,0.475502,0.431868,0.478092,1.522005,0.750769,0.569328,0.496103,0.442416,0.392537
batch 1864,0.860072,0.686575,0.650646,0.646127,0.725380,0.644110,0.588470,0.483239,0.469151,0.532064,0.519825,0.775926,0.814486,0.264789,0.183375,0.147259,0.325418,0.433453,0.701639,0.506215,0.452784,0.443857,0.433539,0.455509,1.453152,0.749409,0.541418,0.456541,0.433583,0.368365
batch 1865,0.810905,0.646100,0.618416,0.639508,0.657032,0.559595,0.598922,0.476991,0.471695,0.531125,0.534716,0.743021,0.780810,0.236777,0.165994,0.130735,0.263838,0.403244,0.734138,0.569986,0.480238,0.431250,0.392974,0.469982,1.637346,0.762478,0.547203,0.455550,0.432508,0.401498
batch 1866,0.750132,0.603808,0.588447,0.603816,0.671883,0.566020,0.552458,0.456063,0.471518,0.530230,0.517425,0.744331,0.672042,0.249596,0.175252,0.138273,0.253166,0.406100,0.711575,0.533281,0.474298,0.441797,0.369003,0.467669,1.436966,0.710367,0.548590,0.427289,0.422977,0.382533
batch 1867,0.861388,0.658549,0.629050,0.608248,0.681171,0.631090,0.567694,0.469756,0.471532,0.537826,0.535336,0.738731,0.792360,0.213276,0.158915,0.143414,0.295726,0.402373,0.760073,0.645879,0.524301,0.424985,0.403141,0.437849,1.526876,0.723847,0.512014,0.388540,0.361837,0.307389
batch 1868,0.813520,0.654886,0.609079,0.626618,0.654277,0.618196,0.596631,0.472160,0.466140,0.541337,0.536777,0.766932,0.846800,0.228600,0.160727,0.135635,0.276318,0.417650,0.780786,0.627957,0.527723,0.451054,0.424543,0.452591,1.634591,0.759340,0.530533,0.408696,0.367648,0.330143
batch 1869,0.770350,0.631298,0.605775,0.601962,0.681080,0.580214,0.571337,0.466913,0.471119,0.526368,0.513244,0.749313,0.759902,0.260061,0.171603,0.133076,0.261133,0.412067,0.701823,0.546411,0.463571,0.446600,0.385680,0.460386,1.517087,0.736843,0.540739,0.443926,0.424918,0.372272
batch 1870,0.698421,0.608247,0.570684,0.587921,0.680680,0.581630,0.516103,0.450747,0.473748,0.526405,0.494894,0.764110,0.623337,0.240844,0.165527,0.137052,0.261819,0.414233,0.669718,0.498384,0.452807,0.545657,0.389142,0.473958,1.422688,0.700061,0.535321,0.434517,0.412622,0.384785
batch 1871,0.725052,0.597849,0.591116,0.609005,0.715320,0.617643,0.529857,0.465435,0.467428,0.520940,0.513800,0.773811,0.664026,0.249987,0.179773,0.135268,0.273926,0.422934,0.750730,0.563717,0.494201,0.448983,0.409243,0.456445,1.525028,0.717799,0.541586,0.445299,0.423876,0.369039
batch 1872,0.865774,0.689127,0.611129,0.636201,0.673934,0.577433,0.549025,0.465017,0.472026,0.515025,0.492982,0.733707,0.807079,0.230580,0.157882,0.125416,0.264757,0.396649,0.760353,0.603859,0.525644,0.453846,0.431580,0.447913,1.487467,0.702583,0.510047,0.410608,0.369500,0.312233
batch 1873,0.769453,0.600614,0.599149,0.603536,0.659682,0.575631,0.565032,0.474269,0.470652,0.524874,0.495993,0.742783,0.712908,0.250964,0.178058,0.132792,0.251631,0.397815,0.703782,0.528664,0.465632,0.490227,0.382420,0.489380,1.474265,0.692417,0.511231,0.447900,0.409513,0.376060
batch 1874,0.786740,0.657424,0.604965,0.622862,0.707034,0.591854,0.561502,0.470501,0.469902,0.532962,0.523370,0.756682,0.715376,0.283388,0.185472,0.147820,0.277173,0.406154,0.751120,0.583688,0.514081,0.441515,0.397714,0.452407,1.501902,0.730305,0.547180,0.481336,0.398279,0.353850
batch 1875,0.751483,0.627024,0.605846,0.605685,0.720057,0.622309,0.543855,0.457595,0.464022,0.520585,0.523770,0.765443,0.703962,0.259233,0.172023,0.148256,0.294425,0.427991,0.697210,0.511925,0.462163,0.457628,0.427019,0.483669,1.423454,0.697888,0.529943,0.462027,0.442411,0.385749
batch 1876,0.912945,0.673465,0.636985,0.633812,0.695082,0.620222,0.648229,0.489150,0.479215,0.547089,0.562530,0.749946,0.932586,0.244491,0.162346,0.145476,0.283735,0.406548,0.810708,0.623069,0.527680,0.419186,0.383820,0.474633,1.581025,0.679892,0.455282,0.375359,0.356570,0.320609
batch 1877,0.792875,0.654702,0.619416,0.656237,0.683808,0.598013,0.568747,0.460587,0.465750,0.529858,0.543038,0.781279,0.742375,0.237222,0.163077,0.136514,0.289429,0.420018,0.729011,0.521895,0.464582,0.482496,0.428614,0.453292,1.505153,0.705817,0.561531,0.437684,0.407373,0.360441
batch 1878,0.708649,0.627634,0.581135,0.617955,0.693449,0.612781,0.556570,0.459837,0.457147,0.513100,0.515137,0.730358,0.699597,0.262672,0.180021,0.143279,0.263336,0.408503,0.689865,0.542915,0.474039,0.445666,0.403985,0.477046,1.464162,0.736520,0.542827,0.446999,0.427546,0.369787
batch 1879,0.846436,0.672321,0.602734,0.614081,0.675348,0.540372,0.611610,0.482137,0.464416,0.522597,0.524102,0.726079,0.847358,0.224146,0.163345,0.122351,0.259499,0.380881,0.768504,0.573396,0.512410,0.439154,0.367909,0.475467,1.449823,0.676668,0.499427,0.390709,0.364410,0.328762
batch 1880,0.893049,0.667228,0.616751,0.589880,0.674668,0.612328,0.629731,0.482058,0.468195,0.535123,0.534000,0.786733,0.840680,0.223206,0.190078,0.124542,0.275018,0.424921,0.810890,0.625771,0.485040,0.433538,0.430932,0.424651,1.593072,0.694944,0.492132,0.405116,0.377726,0.324230
batch 1881,0.844639,0.679629,0.644140,0.614209,0.697230,0.622451,0.585245,0.467451,0.474232,0.537419,0.533698,0.778952,0.815363,0.224523,0.164117,0.133557,0.290373,0.413679,0.784110,0.630550,0.510576,0.431953,0.414434,0.456438,1.484534,0.739504,0.519493,0.448117,0.370296,0.324313
batch 1882,0.743110,0.621826,0.589168,0.597938,0.710635,0.589884,0.537475,0.462393,0.461958,0.514984,0.510404,0.758158,0.625770,0.255688,0.179927,0.151503,0.279386,0.419296,0.689647,0.511481,0.469735,0.463243,0.423463,0.449535,1.472298,0.730197,0.526731,0.450549,0.429663,0.374826
batch 1883,0.790448,0.642172,0.589437,0.613155,0.732163,0.606498,0.561150,0.472606,0.486376,0.528591,0.509037,0.751066,0.717511,0.246788,0.177567,0.155578,0.277661,0.415437,0.691942,0.545129,0.493012,0.495016,0.384654,0.455157,1.593802,0.756754,0.549393,0.469550,0.425964,0.376750
batch 1884,0.817877,0.641209,0.598799,0.588859,0.650406,0.594385,0.575450,0.460983,0.460881,0.520262,0.512615,0.734121,0.744605,0.253867,0.178115,0.141462,0.256838,0.395515,0.707159,0.543366,0.467963,0.454024,0.398225,0.459620,1.542111,0.709605,0.538896,0.461282,0.410930,0.384508
batch 1885,0.729319,0.605545,0.589574,0.586496,0.688677,0.606903,0.539024,0.466527,0.461798,0.514496,0.511088,0.778453,0.676051,0.257722,0.176587,0.133219,0.282176,0.428382,0.704060,0.496803,0.442187,0.427582,0.373138,0.463720,1.382815,0.705780,0.534791,0.450757,0.402829,0.371577
batch 1886,0.771945,0.633496,0.583418,0.581324,0.695090,0.597288,0.560042,0.456246,0.461548,0.515279,0.506444,0.772741,0.685302,0.269703,0.178345,0.144337,0.284953,0.447690,0.698597,0.520430,0.445109,0.443073,0.397878,0.449463,1.423717,0.753559,0.562970,0.453661,0.436262,0.382536
batch 1887,0.701307,0.592196,0.559263,0.569015,0.654147,0.568460,0.536436,0.469008,0.467666,0.513507,0.497124,0.739669,0.689090,0.293900,0.173123,0.143485,0.276353,0.404515,0.713025,0.522375,0.449668,0.446967,0.396598,0.458575,1.516068,0.736175,0.555910,0.476079,0.418788,0.379888
batch 1888,0.725359,0.634415,0.592709,0.614630,0.715945,0.581778,0.545630,0.461290,0.460268,0.515893,0.501740,0.733016,0.658514,0.253599,0.172940,0.138843,0.269191,0.397216,0.691925,0.519610,0.478351,0.446732,0.396964,0.465126,1.524739,0.755915,0.553373,0.444560,0.449448,0.397072
batch 1889,0.725209,0.599619,0.620717,0.618567,0.671128,0.566264,0.552997,0.463669,0.463902,0.527594,0.517465,0.745011,0.689393,0.249626,0.166848,0.133236,0.267703,0.393162,0.699657,0.525630,0.463205,0.451743,0.396827,0.486086,1.457339,0.729373,0.527971,0.469179,0.414225,0.384744
batch 1890,0.788530,0.622354,0.598338,0.616107,0.688597,0.554712,0.601109,0.470169,0.475034,0.551023,0.535600,0.744844,0.803104,0.231619,0.173829,0.127670,0.262347,0.395618,0.711145,0.521694,0.484221,0.494637,0.399868,0.489821,1.533254,0.713438,0.533689,0.472899,0.411617,0.394686
batch 1891,0.790168,0.659713,0.598688,0.621696,0.694764,0.601113,0.550255,0.446629,0.454842,0.512407,0.523700,0.741608,0.699001,0.219491,0.167257,0.135582,0.272465,0.399442,0.778131,0.605909,0.545982,0.430013,0.412430,0.442976,1.571842,0.758893,0.555138,0.491094,0.401922,0.348996
batch 1892,0.756343,0.634886,0.589310,0.608825,0.672025,0.574214,0.550075,0.462089,0.468883,0.529818,0.518996,0.729106,0.723249,0.257072,0.172807,0.142154,0.271577,0.393634,0.711538,0.556838,0.467398,0.450347,0.430331,0.440343,1.549041,0.758777,0.562126,0.456334,0.427404,0.372799
batch 1893,0.812032,0.655023,0.623569,0.633893,0.700372,0.598831,0.588377,0.488871,0.491992,0.545968,0.523551,0.771713,0.819491,0.238416,0.183118,0.146065,0.275049,0.421118,0.718254,0.501928,0.472990,0.455615,0.445688,0.483365,1.449396,0.630876,0.516955,0.451859,0.413602,0.353651
batch 1894,0.707453,0.632328,0.587928,0.600327,0.669827,0.566384,0.527321,0.448661,0.459781,0.514865,0.498695,0.751809,0.672755,0.248007,0.163551,0.135197,0.253757,0.397479,0.707637,0.533603,0.476259,0.473147,0.396564,0.466091,1.527030,0.746420,0.569223,0.450539,0.429305,0.385064
batch 1895,0.774027,0.623949,0.593788,0.626411,0.679127,0.581353,0.576582,0.464664,0.461586,0.531880,0.530799,0.733648,0.707090,0.244672,0.168740,0.141067,0.274317,0.397565,0.682296,0.507317,0.437994,0.426072,0.397479,0.471273,1.450894,0.719172,0.552908,0.453805,0.423649,0.389930
batch 1896,0.790244,0.637695,0.605131,0.619080,0.669684,0.594717,0.584860,0.468306,0.467372,0.533041,0.522197,0.755195,0.760312,0.240618,0.165153,0.138767,0.267768,0.400684,0.708487,0.505819,0.452995,0.435085,0.393667,0.464936,1.504558,0.717442,0.532956,0.458557,0.410279,0.371816
batch 1897,0.802840,0.624631,0.607321,0.603471,0.676414,0.573444,0.557554,0.454030,0.449532,0.510469,0.510805,0.753633,0.789055,0.231847,0.166072,0.131746,0.255697,0.405319,0.759806,0.526557,0.481351,0.496899,0.378881,0.484105,1.467385,0.678636,0.505206,0.461112,0.393333,0.357856
batch 1898,0.715216,0.617519,0.586418,0.617336,0.670694,0.587397,0.535804,0.458729,0.457069,0.520021,0.515523,0.765881,0.666826,0.244454,0.176469,0.138038,0.277382,0.415640,0.684882,0.513030,0.443115,0.429637,0.400971,0.463889,1.425891,0.723969,0.537039,0.448814,0.422863,0.373688
batch 1899,0.767106,0.612268,0.628120,0.635220,0.708501,0.593224,0.570205,0.466325,0.476042,0.536931,0.500211,0.726834,0.728344,0.247276,0.167862,0.142706,0.275715,0.394377,0.701204,0.520657,0.458436,0.465194,0.383288,0.485259,1.501966,0.719517,0.537281,0.472304,0.415303,0.354655
batch 1900,0.790454,0.642462,0.606866,0.614225,0.673958,0.580453,0.549988,0.471195,0.472334,0.525740,0.516345,0.768514,0.701394,0.237223,0.168208,0.136805,0.272369,0.409155,0.701807,0.522461,0.470116,0.474369,0.406325,0.458298,1.530072,0.718904,0.536334,0.459857,0.398139,0.367648
batch 1901,0.791336,0.624136,0.605061,0.597712,0.680615,0.565150,0.593735,0.474826,0.488145,0.523088,0.512561,0.762733,0.731778,0.233916,0.171188,0.141729,0.269446,0.413936,0.720599,0.550918,0.517781,0.446516,0.435634,0.476129,1.569383,0.730751,0.542276,0.458164,0.397992,0.367715
batch 1902,0.753296,0.620295,0.604286,0.627389,0.674745,0.571286,0.550623,0.453745,0.458470,0.514687,0.523525,0.745972,0.686002,0.235559,0.177994,0.132248,0.275934,0.393044,0.766201,0.554843,0.486492,0.444522,0.386814,0.436273,1.541254,0.752830,0.562311,0.485918,0.411188,0.353273
batch 1903,0.723374,0.622172,0.605278,0.607479,0.701275,0.581794,0.536494,0.463206,0.464380,0.516913,0.497232,0.713811,0.742062,0.271411,0.166218,0.141736,0.270751,0.381360,0.733456,0.549491,0.488241,0.423353,0.381444,0.488160,1.434122,0.670724,0.505626,0.461357,0.406204,0.364598
batch 1904,0.825532,0.684338,0.644525,0.629800,0.694197,0.617869,0.578383,0.471539,0.478743,0.521726,0.516782,0.766894,0.792395,0.247335,0.176874,0.141238,0.293276,0.414168,0.752189,0.563632,0.492113,0.453522,0.413544,0.473256,1.584457,0.751127,0.563038,0.473264,0.401373,0.349340
batch 1905,0.871968,0.653261,0.628737,0.638629,0.752188,0.631084,0.613824,0.467575,0.466006,0.545003,0.544192,0.746536,0.793861,0.219608,0.161123,0.129904,0.288059,0.397602,0.732488,0.567456,0.468974,0.426390,0.410932,0.482379,1.429721,0.656360,0.488811,0.407853,0.401182,0.362311
batch 1906,0.877530,0.664961,0.656827,0.636915,0.731339,0.616352,0.591616,0.482164,0.474555,0.530126,0.522047,0.724536,0.797324,0.243132,0.181250,0.147146,0.282218,0.387414,0.743625,0.563755,0.496585,0.409581,0.383657,0.482531,1.461052,0.692870,0.527949,0.441242,0.404371,0.348130
batch 1907,0.716677,0.618986,0.578865,0.601863,0.661153,0.582459,0.515313,0.447380,0.447132,0.504793,0.496809,0.743941,0.640835,0.257944,0.172889,0.131549,0.257984,0.408021,0.679765,0.511907,0.451350,0.440340,0.401268,0.454360,1.453870,0.755324,0.546426,0.453628,0.421513,0.384834
batch 1908,0.791506,0.674953,0.605539,0.632835,0.692743,0.608550,0.532308,0.458322,0.463061,0.516151,0.504649,0.741450,0.746920,0.232615,0.185861,0.138445,0.273450,0.394104,0.780528,0.571667,0.536480,0.437490,0.393292,0.421573,1.515941,0.756883,0.566778,0.439103,0.396954,0.348833
batch 1909,0.757180,0.625878,0.609650,0.618655,0.701237,0.619363,0.566213,0.466271,0.468954,0.548832,0.525192,0.822172,0.680404,0.264796,0.174247,0.149052,0.282128,0.444768,0.676914,0.520411,0.448617,0.484762,0.435311,0.460205,1.520063,0.749888,0.542678,0.451204,0.431573,0.394083
batch 1910,0.747483,0.637394,0.610404,0.648730,0.696615,0.618827,0.538230,0.462102,0.465028,0.524735,0.521952,0.771547,0.721068,0.251389,0.175952,0.145078,0.279283,0.427216,0.721997,0.521425,0.471939,0.453841,0.399420,0.453529,1.489974,0.730993,0.541005,0.475465,0.401450,0.375062
batch 1911,0.827254,0.660959,0.633905,0.618937,0.716333,0.637944,0.577353,0.473136,0.474278,0.526671,0.522827,0.773003,0.750852,0.243316,0.179391,0.144609,0.292363,0.426535,0.760154,0.569778,0.499376,0.430157,0.397882,0.460844,1.503564,0.758767,0.532895,0.460825,0.410231,0.368162
batch 1912,0.734119,0.629708,0.586718,0.623838,0.717284,0.576131,0.551443,0.449879,0.456217,0.526090,0.528985,0.783729,0.704455,0.247277,0.171650,0.144915,0.292259,0.414357,0.724806,0.528863,0.456097,0.454979,0.424857,0.467976,1.483268,0.749869,0.577653,0.460745,0.436867,0.380265
batch 1913,0.784456,0.659452,0.616458,0.621886,0.716556,0.616922,0.564674,0.473411,0.477980,0.527811,0.513503,0.754784,0.717277,0.258404,0.172642,0.139353,0.281004,0.406203,0.703754,0.529912,0.480004,0.454166,0.372449,0.462518,1.492969,0.728424,0.569133,0.469958,0.449433,0.382944
batch 1914,0.857170,0.645624,0.642053,0.652771,0.744765,0.620988,0.585238,0.486700,0.491715,0.553971,0.523589,0.794758,0.796226,0.222806,0.165649,0.127181,0.281476,0.443243,0.743586,0.549856,0.507774,0.454101,0.362838,0.483219,1.571349,0.668560,0.515949,0.446643,0.383242,0.343989
batch 1915,0.817741,0.678463,0.627523,0.633321,0.715843,0.621731,0.585458,0.484328,0.472064,0.534584,0.524623,0.738501,0.796248,0.252294,0.187932,0.138621,0.295043,0.400358,0.745641,0.577375,0.510559,0.457605,0.389127,0.479502,1.673267,0.779908,0.583462,0.501674,0.421183,0.380180
batch 1916,0.850872,0.653154,0.586719,0.598709,0.645512,0.569916,0.601629,0.471370,0.464150,0.532890,0.506281,0.741434,0.819881,0.270434,0.169447,0.139027,0.260670,0.400522,0.732560,0.557303,0.490421,0.499401,0.398939,0.474142,1.530349,0.746029,0.544519,0.476576,0.388681,0.371719
batch 1917,0.737683,0.639011,0.607331,0.664593,0.732461,0.593366,0.552249,0.463976,0.464477,0.532241,0.507508,0.721823,0.713866,0.254683,0.178008,0.144539,0.272082,0.382767,0.693136,0.525882,0.469960,0.451572,0.382994,0.457377,1.478992,0.690464,0.539658,0.462112,0.421801,0.389838
batch 1918,0.765739,0.603102,0.586103,0.598918,0.677533,0.562364,0.576229,0.442458,0.447244,0.519470,0.507465,0.757898,0.712881,0.286097,0.171519,0.143511,0.269384,0.412722,0.696135,0.515368,0.432266,0.462946,0.443489,0.465410,1.399112,0.712007,0.546095,0.451245,0.438567,0.382074
batch 1919,0.751959,0.616338,0.595259,0.611516,0.652902,0.574748,0.577654,0.460386,0.463102,0.520600,0.515948,0.735676,0.718806,0.272248,0.185609,0.141357,0.251819,0.398812,0.728830,0.538518,0.482133,0.487066,0.393571,0.449312,1.524777,0.737630,0.546994,0.460471,0.423484,0.378568
batch 1920,0.755856,0.634208,0.584496,0.606005,0.673429,0.564647,0.549033,0.456968,0.455693,0.525652,0.505009,0.732934,0.752362,0.259406,0.172474,0.131639,0.253263,0.389193,0.728820,0.535388,0.487519,0.472852,0.405392,0.461427,1.642626,0.744658,0.563607,0.443739,0.428269,0.394301
batch 1921,0.767005,0.637126,0.577367,0.613644,0.701248,0.611969,0.574337,0.484824,0.490207,0.517568,0.499326,0.697105,0.723619,0.300785,0.203684,0.155270,0.264331,0.377625,0.796613,0.576647,0.550806,0.426899,0.406731,0.477238,1.732023,0.724556,0.540725,0.448240,0.419495,0.370203
batch 1922,0.760212,0.626598,0.607939,0.623185,0.719568,0.632400,0.538561,0.459714,0.466866,0.541595,0.515773,0.773674,0.754012,0.243218,0.164724,0.137725,0.289525,0.430315,0.702384,0.562180,0.511851,0.431022,0.418733,0.468591,1.522459,0.708427,0.508514,0.452898,0.427870,0.375241
batch 1923,0.813946,0.653064,0.619879,0.636372,0.719602,0.608208,0.578811,0.478192,0.477595,0.535049,0.521155,0.778067,0.734226,0.245063,0.172245,0.138785,0.279898,0.427044,0.730515,0.546084,0.506919,0.445981,0.385040,0.439005,1.454893,0.699202,0.513152,0.439199,0.397882,0.352316
batch 1924,0.745141,0.627945,0.606900,0.626062,0.690823,0.576450,0.531377,0.464611,0.469770,0.534451,0.519628,0.740755,0.676639,0.239366,0.181379,0.137025,0.264620,0.389268,0.755002,0.580787,0.492950,0.442641,0.376993,0.456221,1.568570,0.742279,0.544863,0.463249,0.420863,0.370250
batch 1925,0.813300,0.663195,0.621466,0.624243,0.716159,0.582757,0.566638,0.463837,0.472640,0.542093,0.527443,0.755532,0.777107,0.228450,0.160742,0.126380,0.275453,0.403133,0.802918,0.608532,0.523882,0.418712,0.452351,0.449704,1.529547,0.710672,0.503644,0.417941,0.388798,0.313781
batch 1926,0.819314,0.670839,0.629648,0.642318,0.709863,0.650501,0.574462,0.470827,0.477578,0.550541,0.527230,0.768007,0.808085,0.218097,0.162847,0.131951,0.286051,0.427339,0.791461,0.599131,0.549658,0.460658,0.432048,0.449302,1.475918,0.764489,0.524914,0.412573,0.352620,0.323646
batch 1927,0.754032,0.618946,0.577229,0.594548,0.691455,0.591309,0.580332,0.476374,0.473966,0.507722,0.485203,0.759965,0.719816,0.268697,0.177332,0.147652,0.260861,0.420342,0.716813,0.542768,0.477194,0.465757,0.408964,0.441631,1.482503,0.730705,0.516936,0.434079,0.432436,0.378912
batch 1928,0.699515,0.597046,0.574121,0.581644,0.644953,0.589855,0.530455,0.454904,0.459419,0.511645,0.507126,0.711674,0.690288,0.243752,0.174924,0.144036,0.263898,0.378209,0.760841,0.584139,0.516622,0.437058,0.394422,0.472033,1.519854,0.740563,0.538624,0.454347,0.407465,0.361489
batch 1929,0.752655,0.613713,0.569265,0.583922,0.646820,0.568708,0.573107,0.449062,0.456807,0.520805,0.499217,0.717017,0.703165,0.248608,0.168325,0.137160,0.265588,0.386636,0.736134,0.575238,0.514102,0.427297,0.394363,0.442574,1.501296,0.746945,0.531158,0.438352,0.407766,0.344332
batch 1930,0.843644,0.683391,0.626891,0.643043,0.658490,0.614863,0.578301,0.465064,0.469859,0.528459,0.540618,0.747661,0.818687,0.253722,0.165246,0.137150,0.279803,0.404303,0.816560,0.610300,0.546473,0.457547,0.433184,0.421064,1.609524,0.779507,0.550116,0.473145,0.388403,0.319106
batch 1931,0.756412,0.631823,0.614784,0.624390,0.705895,0.588368,0.553008,0.465454,0.460630,0.529349,0.517883,0.753407,0.713301,0.254451,0.169603,0.128616,0.276868,0.396435,0.694078,0.533989,0.459188,0.421122,0.382059,0.472497,1.529944,0.744655,0.536050,0.464089,0.418071,0.388594
batch 1932,0.762903,0.633339,0.591402,0.607353,0.688397,0.602985,0.550741,0.447274,0.460786,0.522927,0.521059,0.748690,0.730901,0.235415,0.166288,0.137807,0.276795,0.401595,0.764781,0.561929,0.515972,0.435293,0.431247,0.467216,1.580106,0.746483,0.540752,0.461086,0.382406,0.335601
batch 1933,0.744651,0.637008,0.585916,0.607755,0.684706,0.575156,0.578168,0.461974,0.470058,0.530440,0.515783,0.740066,0.709734,0.284540,0.184681,0.145827,0.265575,0.393490,0.686497,0.501149,0.461564,0.449902,0.420854,0.484487,1.467869,0.702420,0.538868,0.457221,0.414116,0.402442
batch 1934,0.732370,0.628430,0.584368,0.611618,0.693435,0.613996,0.519484,0.450665,0.453018,0.516475,0.522902,0.765669,0.677311,0.255393,0.170183,0.145025,0.287841,0.419911,0.752490,0.562205,0.494813,0.449655,0.381632,0.456340,1.618769,0.768709,0.569889,0.461766,0.418864,0.377393
batch 1935,0.765985,0.638482,0.611666,0.605217,0.686559,0.602155,0.543000,0.460143,0.461026,0.513647,0.511001,0.721877,0.693879,0.263127,0.181030,0.157787,0.267094,0.399733,0.683343,0.504437,0.452828,0.412646,0.362501,0.478607,1.382416,0.683299,0.505317,0.438619,0.418806,0.392257
batch 1936,0.769061,0.646220,0.622574,0.657994,0.689113,0.584086,0.538530,0.472130,0.470682,0.528610,0.510437,0.735225,0.742560,0.223997,0.173085,0.138005,0.267800,0.405288,0.745463,0.579102,0.518422,0.428031,0.375833,0.474104,1.600901,0.730191,0.543351,0.448410,0.398708,0.374452
batch 1937,0.710008,0.600621,0.579061,0.595939,0.668445,0.599189,0.541353,0.464992,0.470621,0.526895,0.510814,0.784650,0.672581,0.260335,0.186913,0.150269,0.272800,0.447150,0.684653,0.511509,0.429659,0.453529,0.382830,0.451584,1.360469,0.706964,0.527348,0.451704,0.408301,0.371215
batch 1938,0.748865,0.617159,0.596688,0.617185,0.689145,0.604717,0.550404,0.460097,0.453251,0.506403,0.497661,0.750040,0.668042,0.242347,0.169544,0.130884,0.268409,0.404404,0.703309,0.530393,0.483675,0.430402,0.404912,0.460482,1.552607,0.731088,0.548677,0.461839,0.407906,0.380264
batch 1939,0.756756,0.631295,0.620383,0.631487,0.699999,0.629352,0.548489,0.470007,0.467157,0.544765,0.533141,0.798078,0.733129,0.230825,0.169047,0.135424,0.290723,0.433930,0.713020,0.549028,0.473790,0.439877,0.419178,0.454804,1.607619,0.729381,0.545379,0.463710,0.394901,0.402956
batch 1940,0.835709,0.645689,0.616080,0.578073,0.644087,0.572851,0.636612,0.478205,0.471367,0.537395,0.532017,0.720331,0.769179,0.246396,0.181542,0.161692,0.275579,0.389258,0.779411,0.609100,0.540951,0.446799,0.410455,0.430197,1.498518,0.757575,0.532683,0.427780,0.383949,0.337420
batch 1941,0.847933,0.674754,0.645593,0.649286,0.693144,0.595880,0.595021,0.472458,0.470092,0.542041,0.531179,0.771829,0.806844,0.245863,0.162364,0.136139,0.278164,0.420751,0.743408,0.603232,0.540473,0.452575,0.406113,0.436349,1.574321,0.756045,0.537784,0.437377,0.371201,0.351019
batch 1942,0.831820,0.611222,0.575082,0.562119,0.659198,0.576979,0.568443,0.454549,0.458160,0.520260,0.529588,0.690518,0.789721,0.249344,0.170300,0.134610,0.260692,0.354845,0.689470,0.563135,0.511926,0.438369,0.356400,0.492259,1.510556,0.664163,0.487062,0.423268,0.412058,0.341969
batch 1943,0.768435,0.621681,0.610242,0.605299,0.658620,0.567863,0.550867,0.460557,0.470714,0.532204,0.523443,0.744163,0.743035,0.253380,0.173661,0.129975,0.270165,0.388945,0.723574,0.562746,0.514758,0.428884,0.360311,0.466716,1.595896,0.732275,0.539822,0.444436,0.411140,0.367400
batch 1944,0.834120,0.656089,0.634452,0.655772,0.747292,0.578159,0.573222,0.468256,0.478140,0.525142,0.525556,0.715663,0.776127,0.241096,0.163057,0.139867,0.288651,0.374476,0.747806,0.524344,0.479351,0.439209,0.357951,0.529048,1.432898,0.650301,0.498172,0.423366,0.393997,0.363010
batch 1945,0.754332,0.632491,0.598217,0.608198,0.678434,0.592540,0.539732,0.452781,0.445763,0.509752,0.526426,0.747138,0.666354,0.253401,0.182822,0.151624,0.282421,0.403492,0.703971,0.544467,0.448533,0.442336,0.402772,0.436336,1.430916,0.746238,0.543450,0.475278,0.415493,0.367394
batch 1946,0.771768,0.614668,0.601885,0.591160,0.642579,0.581145,0.580759,0.462097,0.467306,0.517692,0.519530,0.753261,0.750007,0.283738,0.188258,0.138148,0.253872,0.418483,0.681460,0.554745,0.492607,0.452395,0.366612,0.466541,1.505550,0.698015,0.510068,0.429832,0.421238,0.386536
batch 1947,0.852774,0.708843,0.644524,0.642363,0.714295,0.656188,0.582394,0.469372,0.466618,0.534537,0.532885,0.776129,0.873100,0.240484,0.151965,0.118230,0.284543,0.435445,0.799724,0.584362,0.525158,0.459322,0.411772,0.468122,1.528857,0.757532,0.546291,0.443246,0.389105,0.324000
batch 1948,0.767358,0.627615,0.602267,0.596978,0.663018,0.584121,0.550530,0.455839,0.458695,0.517583,0.512743,0.749467,0.695188,0.242605,0.172434,0.135616,0.264761,0.416196,0.712354,0.554707,0.503020,0.432226,0.371108,0.465150,1.418923,0.694604,0.542853,0.440049,0.435296,0.374667
batch 1949,0.760898,0.633187,0.618690,0.636534,0.673547,0.597642,0.564710,0.473359,0.470364,0.522423,0.515116,0.756092,0.708306,0.265972,0.187673,0.143271,0.274757,0.410970,0.705954,0.521575,0.455992,0.443128,0.387745,0.471840,1.494779,0.751000,0.559959,0.481550,0.431942,0.387502
batch 1950,0.723664,0.635551,0.608489,0.636443,0.701902,0.581241,0.532332,0.462249,0.458756,0.525400,0.518112,0.760757,0.666331,0.246019,0.159271,0.137888,0.275778,0.406112,0.729141,0.528005,0.466047,0.438342,0.399377,0.472633,1.481166,0.727254,0.536382,0.476570,0.404878,0.371065
batch 1951,0.724978,0.636186,0.596562,0.604888,0.666862,0.544181,0.569575,0.458662,0.472317,0.520196,0.530884,0.729169,0.716289,0.231352,0.172706,0.134554,0.264374,0.380237,0.744273,0.544415,0.483702,0.465652,0.424866,0.492927,1.595086,0.723657,0.547184,0.457924,0.439576,0.395333
batch 1952,0.707640,0.626134,0.586543,0.626681,0.723278,0.619186,0.517759,0.460274,0.463570,0.524012,0.517090,0.764405,0.639534,0.239142,0.176500,0.148195,0.288308,0.413328,0.706239,0.514100,0.486549,0.478953,0.453389,0.462563,1.567860,0.735103,0.555579,0.481818,0.447662,0.370671
batch 1953,0.848063,0.684559,0.669104,0.649760,0.716122,0.653185,0.559763,0.475960,0.469247,0.526160,0.524239,0.747468,0.771186,0.216018,0.167674,0.130254,0.285984,0.398760,0.778523,0.587622,0.483256,0.422299,0.390234,0.480338,1.566895,0.701589,0.544618,0.431547,0.408444,0.362134
batch 1954,0.697781,0.615694,0.583975,0.618513,0.682030,0.565667,0.521365,0.449368,0.455871,0.515418,0.506353,0.723084,0.671433,0.268480,0.174818,0.141158,0.268009,0.381936,0.699283,0.513185,0.460043,0.459496,0.386226,0.458308,1.394593,0.708085,0.546709,0.448413,0.407837,0.360349
batch 1955,0.747984,0.622653,0.611841,0.626037,0.692122,0.594798,0.544743,0.458024,0.465078,0.521939,0.520330,0.729766,0.685019,0.251068,0.186836,0.144855,0.270322,0.398803,0.700978,0.523768,0.469843,0.435191,0.392657,0.455259,1.490848,0.735507,0.543773,0.483676,0.427359,0.396009
batch 1956,0.822869,0.673434,0.614140,0.643354,0.684758,0.614088,0.595061,0.468691,0.463545,0.519874,0.537097,0.738496,0.764707,0.244181,0.166017,0.146201,0.278636,0.400266,0.729526,0.566913,0.524494,0.447268,0.393821,0.435867,1.498927,0.744688,0.531947,0.439658,0.402267,0.362839
batch 1957,0.824556,0.675908,0.634393,0.623180,0.640672,0.590794,0.564443,0.460960,0.463302,0.527979,0.516740,0.759461,0.797848,0.229216,0.163627,0.128190,0.268498,0.401474,0.786112,0.664825,0.540158,0.434316,0.377860,0.441703,1.507262,0.710401,0.504072,0.394106,0.360293,0.312523
batch 1958,0.879700,0.709515,0.640054,0.642580,0.691196,0.618166,0.600916,0.492858,0.488775,0.541720,0.536401,0.756957,0.834079,0.240032,0.163975,0.154205,0.285569,0.412392,0.823717,0.636111,0.526322,0.435279,0.423074,0.409464,1.511663,0.751419,0.515244,0.434435,0.365765,0.316747
batch 1959,0.838235,0.664052,0.632995,0.651783,0.744270,0.621983,0.581012,0.480237,0.483048,0.542665,0.513492,0.741013,0.919370,0.246883,0.189393,0.137986,0.283510,0.419078,0.703201,0.554493,0.484720,0.420320,0.361071,0.449073,1.342974,0.641265,0.478993,0.448999,0.400204,0.340180
batch 1960,0.842785,0.660187,0.638973,0.619528,0.717939,0.612548,0.628034,0.503809,0.495439,0.537898,0.515504,0.756639,0.871494,0.266027,0.177784,0.147343,0.287253,0.420940,0.658027,0.536491,0.473898,0.444568,0.372461,0.493097,1.411898,0.670704,0.520341,0.456186,0.440788,0.377680
batch 1961,0.808624,0.646428,0.631401,0.645381,0.686305,0.592961,0.564268,0.464148,0.468352,0.515953,0.520490,0.751832,0.779349,0.234655,0.158996,0.131495,0.266951,0.399824,0.739748,0.547852,0.495060,0.407577,0.367243,0.493821,1.626390,0.672113,0.527719,0.463591,0.397008,0.370258
batch 1962,0.705377,0.613121,0.594610,0.592758,0.666021,0.578123,0.520095,0.448319,0.447907,0.518263,0.513725,0.730859,0.668133,0.251203,0.165258,0.148125,0.261619,0.404348,0.742085,0.550658,0.479939,0.453527,0.383152,0.469815,1.527822,0.737497,0.540562,0.463115,0.402056,0.381029
batch 1963,0.758759,0.619421,0.586042,0.611589,0.684174,0.583419,0.571069,0.464069,0.456875,0.528282,0.518542,0.758687,0.723068,0.261089,0.178574,0.142911,0.291239,0.410660,0.708237,0.527833,0.430468,0.442806,0.401830,0.479067,1.478126,0.721386,0.546114,0.431319,0.410805,0.393536
batch 1964,0.776996,0.620028,0.634249,0.633510,0.712474,0.619282,0.586309,0.473803,0.468338,0.539112,0.517352,0.733291,0.755216,0.262231,0.170525,0.127110,0.267326,0.399452,0.762677,0.540612,0.508921,0.446748,0.390254,0.485538,1.523690,0.711930,0.542663,0.484907,0.405163,0.367848
batch 1965,0.800870,0.671551,0.638839,0.664589,0.693451,0.613554,0.556822,0.466506,0.476354,0.541190,0.518493,0.739622,0.782380,0.232257,0.160240,0.128254,0.281570,0.403772,0.730963,0.539418,0.489316,0.404556,0.383590,0.510686,1.416257,0.702463,0.507857,0.437398,0.415697,0.370570
batch 1966,0.763518,0.643358,0.622661,0.655416,0.697925,0.608929,0.562683,0.467487,0.466575,0.532793,0.521013,0.795330,0.674510,0.235945,0.161699,0.140030,0.290683,0.426396,0.782374,0.531826,0.467311,0.468263,0.441854,0.453021,1.566602,0.763899,0.542250,0.461528,0.413758,0.377603
batch 1967,0.748304,0.622687,0.621442,0.620104,0.689255,0.603003,0.561322,0.467011,0.467426,0.529319,0.514415,0.754464,0.760655,0.268030,0.187086,0.151372,0.293430,0.422586,0.697969,0.519660,0.458817,0.444653,0.363406,0.489196,1.466773,0.735642,0.539947,0.475986,0.436998,0.393012
batch 1968,0.764579,0.629950,0.594711,0.607493,0.688668,0.579209,0.564486,0.464774,0.462916,0.520711,0.502344,0.726534,0.736024,0.261226,0.164039,0.136782,0.275680,0.392713,0.723482,0.551864,0.490622,0.426057,0.391626,0.486441,1.519747,0.709220,0.535215,0.442968,0.417912,0.386998
batch 1969,0.800432,0.659875,0.628051,0.657002,0.722631,0.617160,0.533970,0.459377,0.465859,0.523935,0.510123,0.756831,0.765847,0.233050,0.168456,0.139423,0.276377,0.422173,0.730488,0.579026,0.489716,0.458765,0.437155,0.469315,1.535881,0.743787,0.532871,0.476109,0.399471,0.374503
batch 1970,0.718295,0.613044,0.587541,0.615668,0.710603,0.593375,0.536413,0.456839,0.469841,0.515693,0.491830,0.718954,0.687432,0.241727,0.182491,0.148776,0.270857,0.388224,0.747674,0.558385,0.481838,0.430132,0.386707,0.460681,1.494431,0.716265,0.520674,0.466566,0.402338,0.348630
batch 1971,0.787110,0.663158,0.622619,0.611204,0.678972,0.581427,0.569557,0.467691,0.465925,0.525532,0.512700,0.727730,0.763508,0.239790,0.166140,0.132668,0.270870,0.379616,0.708216,0.544302,0.494149,0.427040,0.385898,0.483127,1.513155,0.707979,0.535809,0.472580,0.414244,0.373013
batch 1972,0.923757,0.685615,0.670532,0.633217,0.718975,0.652148,0.620889,0.492275,0.482550,0.544284,0.536244,0.792755,0.892583,0.213858,0.177518,0.120840,0.283335,0.438590,0.744359,0.569534,0.508170,0.456829,0.377497,0.489224,1.461841,0.690412,0.498687,0.400928,0.380496,0.343492
batch 1973,0.754352,0.649219,0.616293,0.634247,0.695138,0.616823,0.527422,0.459873,0.452935,0.517981,0.518357,0.774853,0.667754,0.257150,0.189078,0.150958,0.272548,0.427483,0.744091,0.559189,0.478403,0.443617,0.380504,0.440437,1.463644,0.741265,0.529599,0.445297,0.419358,0.378507
batch 1974,0.890602,0.661921,0.657329,0.642130,0.734176,0.626290,0.580341,0.488115,0.465855,0.540456,0.522477,0.788368,0.842695,0.221017,0.169263,0.126654,0.281289,0.426044,0.827172,0.632822,0.534124,0.420501,0.391097,0.465153,1.607276,0.729837,0.504674,0.412956,0.377733,0.350707
batch 1975,0.746703,0.620822,0.571305,0.582052,0.676192,0.605283,0.562230,0.457938,0.458601,0.533288,0.524977,0.768097,0.720446,0.247388,0.173351,0.135137,0.263360,0.422659,0.677557,0.531725,0.453621,0.457021,0.404436,0.456156,1.558682,0.707661,0.524505,0.454119,0.427375,0.374176
batch 1976,0.789461,0.644530,0.609459,0.620670,0.692414,0.614520,0.567173,0.472126,0.473458,0.540127,0.525299,0.749199,0.767411,0.256391,0.160571,0.136563,0.273535,0.402210,0.700313,0.530551,0.480913,0.470642,0.400904,0.493589,1.545180,0.747573,0.545369,0.469804,0.437988,0.384321
batch 1977,0.804203,0.690457,0.629022,0.650106,0.726687,0.607745,0.588592,0.496064,0.487915,0.540221,0.531731,0.775527,0.769952,0.247390,0.196199,0.164780,0.284961,0.419306,0.734765,0.530930,0.481274,0.439123,0.378273,0.472347,1.457467,0.687505,0.550245,0.451828,0.418919,0.377828
batch 1978,0.756144,0.605634,0.577123,0.576765,0.629992,0.567161,0.570213,0.456134,0.462697,0.521618,0.516510,0.712409,0.715001,0.263852,0.177162,0.138129,0.277830,0.372937,0.755147,0.559011,0.491099,0.430961,0.368407,0.499703,1.502168,0.737688,0.537226,0.461716,0.392537,0.364600
batch 1979,0.856559,0.651478,0.605179,0.607815,0.670495,0.588867,0.580797,0.455973,0.466202,0.519158,0.520833,0.709426,0.852285,0.251731,0.165448,0.145301,0.275596,0.387718,0.796425,0.598207,0.527966,0.443805,0.414522,0.427009,1.584313,0.729809,0.537342,0.436551,0.382287,0.319077
batch 1980,0.712485,0.617053,0.592794,0.619664,0.702619,0.590918,0.527514,0.456473,0.458152,0.518820,0.506034,0.750070,0.645258,0.242889,0.167253,0.135711,0.272268,0.407770,0.705559,0.549654,0.456798,0.446010,0.392723,0.466504,1.465908,0.738439,0.536289,0.468997,0.438262,0.397069
batch 1981,0.705110,0.591989,0.579770,0.603398,0.691903,0.595953,0.539566,0.459274,0.455009,0.524794,0.525804,0.764177,0.691479,0.265777,0.174448,0.143549,0.272261,0.419737,0.703232,0.530332,0.455497,0.419320,0.381390,0.446206,1.414236,0.701517,0.535846,0.461926,0.393264,0.356080
batch 1982,0.746619,0.643609,0.601089,0.630127,0.691637,0.608864,0.541526,0.461300,0.461542,0.524566,0.517322,0.787578,0.679087,0.254083,0.170614,0.148512,0.287182,0.419885,0.694945,0.513327,0.432018,0.459029,0.407019,0.458475,1.430559,0.729585,0.555813,0.443829,0.420083,0.374454
batch 1983,0.928547,0.681546,0.651253,0.624604,0.702628,0.627191,0.578388,0.481972,0.480282,0.530559,0.530023,0.749583,0.872936,0.218834,0.166558,0.141873,0.280406,0.402639,0.835171,0.624420,0.551823,0.430862,0.422044,0.458624,1.597047,0.695630,0.496951,0.419958,0.397889,0.321157
batch 1984,0.750378,0.636527,0.585614,0.616641,0.676133,0.558994,0.558870,0.466699,0.479925,0.533868,0.513381,0.739013,0.699678,0.252982,0.174106,0.150450,0.262622,0.392989,0.706743,0.534443,0.458918,0.449277,0.401022,0.472546,1.462176,0.756207,0.542705,0.465889,0.425161,0.385247
batch 1985,0.721587,0.595310,0.572670,0.577372,0.662839,0.546476,0.551458,0.457861,0.455545,0.507637,0.488694,0.739313,0.677496,0.250949,0.176628,0.136786,0.254978,0.394036,0.713193,0.535403,0.494618,0.432450,0.408173,0.478464,1.517141,0.692645,0.506915,0.450508,0.410132,0.374683
batch 1986,0.806605,0.634734,0.610201,0.587831,0.656469,0.597008,0.548444,0.461114,0.451841,0.518823,0.526321,0.736946,0.764744,0.233479,0.153365,0.132114,0.272297,0.405797,0.776641,0.599591,0.523560,0.456670,0.416535,0.470541,1.638713,0.770147,0.587856,0.467052,0.430550,0.348020
batch 1987,0.765552,0.652747,0.625425,0.635065,0.692974,0.629656,0.553787,0.470065,0.469739,0.532756,0.515957,0.765561,0.720038,0.250513,0.171554,0.144211,0.282169,0.419454,0.752211,0.558590,0.475107,0.450753,0.425187,0.453859,1.561491,0.778521,0.552936,0.498534,0.415369,0.381241
batch 1988,0.838072,0.645712,0.633566,0.608917,0.680371,0.607688,0.625543,0.476388,0.476836,0.528016,0.539521,0.769761,0.806071,0.251474,0.165806,0.137498,0.304463,0.414221,0.777069,0.534485,0.462064,0.456383,0.432779,0.484919,1.558218,0.729315,0.541702,0.466241,0.384238,0.348806
batch 1989,0.911466,0.669268,0.613722,0.618907,0.695326,0.598323,0.637257,0.482561,0.502460,0.540137,0.529240,0.763420,0.874753,0.237838,0.153918,0.139599,0.284297,0.407061,0.723610,0.553491,0.471528,0.481632,0.444452,0.460678,1.527708,0.739353,0.537592,0.487165,0.380475,0.345545
batch 1990,0.769337,0.613932,0.572241,0.587432,0.670858,0.557288,0.561539,0.454489,0.456646,0.519179,0.518608,0.716944,0.676045,0.263542,0.184382,0.150954,0.306193,0.384220,0.729636,0.551664,0.470069,0.440810,0.427277,0.463430,1.502460,0.746950,0.558252,0.472994,0.413509,0.356827
batch 1991,0.761195,0.632231,0.606606,0.602784,0.656570,0.562677,0.571524,0.474879,0.467445,0.531603,0.520610,0.731887,0.738583,0.275876,0.164932,0.137176,0.271332,0.384761,0.725871,0.544386,0.467528,0.429468,0.419486,0.442247,1.551240,0.754280,0.558042,0.479667,0.426586,0.370297
batch 1992,0.792032,0.631523,0.605624,0.616258,0.693774,0.603477,0.556537,0.462166,0.459139,0.526659,0.524974,0.794282,0.689409,0.255365,0.181657,0.158110,0.277876,0.430370,0.660437,0.516505,0.466798,0.474264,0.395008,0.432426,1.453253,0.705312,0.537949,0.444694,0.403787,0.367840
batch 1993,0.760713,0.638981,0.610218,0.608678,0.688152,0.596198,0.570997,0.457871,0.463499,0.529864,0.530232,0.755701,0.718725,0.239762,0.163498,0.130354,0.269924,0.389038,0.722978,0.570234,0.501521,0.447631,0.404599,0.451577,1.535839,0.719151,0.542007,0.468693,0.405172,0.355784
batch 1994,0.745298,0.614521,0.594163,0.613881,0.670377,0.589577,0.570693,0.463962,0.460129,0.522648,0.542073,0.765955,0.689521,0.252724,0.167670,0.134925,0.282124,0.422046,0.730238,0.521118,0.463090,0.495475,0.425415,0.454389,1.521811,0.729316,0.561040,0.446077,0.429071,0.375196
batch 1995,0.877989,0.674386,0.636842,0.613635,0.746715,0.622007,0.598289,0.474892,0.473146,0.532102,0.521054,0.793476,0.798656,0.274004,0.169914,0.132202,0.297484,0.430027,0.703769,0.568233,0.499851,0.455045,0.423048,0.470074,1.540644,0.775130,0.586468,0.482287,0.424449,0.386419
batch 1996,0.913671,0.670812,0.643354,0.635791,0.710761,0.605786,0.610136,0.471782,0.484814,0.541242,0.545152,0.774542,0.850029,0.242774,0.155492,0.130106,0.294486,0.414352,0.758167,0.574190,0.501264,0.463635,0.423879,0.457818,1.550539,0.719720,0.547714,0.453334,0.382899,0.348775
batch 1997,0.826236,0.697622,0.662762,0.646318,0.645333,0.599750,0.582465,0.480642,0.475360,0.525326,0.527051,0.783800,0.764381,0.228907,0.171696,0.143468,0.276162,0.418290,0.783914,0.610753,0.522443,0.452147,0.418955,0.452077,1.573691,0.810180,0.552872,0.457468,0.385467,0.346555
batch 1998,0.819354,0.708462,0.664161,0.658210,0.727022,0.632827,0.566129,0.489741,0.484724,0.547245,0.531498,0.790210,0.797603,0.242551,0.171344,0.142640,0.300485,0.427833,0.772435,0.542543,0.503257,0.447956,0.455998,0.460172,1.651874,0.745610,0.566077,0.486754,0.411259,0.352157
batch 1999,0.739732,0.632889,0.624410,0.648979,0.693274,0.638983,0.514026,0.460705,0.462948,0.522899,0.512457,0.761758,0.680051,0.239111,0.175634,0.146032,0.271289,0.423454,0.758746,0.571509,0.494705,0.436081,0.386230,0.467783,1.549138,0.757961,0.541879,0.454637,0.403627,0.361372
batch 2000,0.814398,0.639135,0.622487,0.619873,0.657330,0.576446,0.606272,0.474536,0.463374,0.523908,0.525299,0.755958,0.751019,0.248120,0.170408,0.139870,0.267113,0.404796,0.688747,0.536691,0.479437,0.445299,0.405874,0.461426,1.476203,0.741856,0.551319,0.460376,0.415198,0.371345
batch 2001,0.720141,0.592264,0.601586,0.591499,0.651079,0.581500,0.546317,0.460119,0.454828,0.526937,0.489177,0.696257,0.671319,0.273754,0.170348,0.134655,0.255826,0.372591,0.659275,0.515554,0.458682,0.437101,0.385984,0.494443,1.411795,0.664542,0.507306,0.435082,0.417423,0.387661
batch 2002,0.797413,0.661737,0.615783,0.633311,0.682952,0.587589,0.551784,0.475126,0.460402,0.525668,0.524580,0.774822,0.723258,0.239201,0.173150,0.146556,0.277520,0.404687,0.749404,0.583794,0.480933,0.431294,0.366064,0.451389,1.431934,0.729439,0.530095,0.456378,0.396880,0.362679
batch 2003,0.813931,0.648348,0.616408,0.640708,0.735402,0.591845,0.592410,0.480932,0.477263,0.534126,0.515765,0.759380,0.783158,0.225841,0.164375,0.134793,0.271720,0.404681,0.748325,0.541247,0.488107,0.422201,0.413465,0.482169,1.522108,0.702753,0.516091,0.434972,0.389552,0.365645
batch 2004,0.719206,0.628943,0.598316,0.603687,0.689961,0.594118,0.571207,0.467032,0.470549,0.537881,0.532243,0.790947,0.711059,0.259675,0.173494,0.138325,0.287693,0.433122,0.722268,0.515439,0.445087,0.482042,0.419575,0.473876,1.503420,0.731722,0.546641,0.454664,0.418484,0.377646
batch 2005,0.795132,0.615591,0.590406,0.576281,0.650159,0.552294,0.579566,0.460760,0.465590,0.523308,0.536331,0.719016,0.708085,0.252855,0.177761,0.146581,0.261791,0.368822,0.689307,0.565887,0.511834,0.437001,0.382470,0.488125,1.518562,0.713662,0.514764,0.432438,0.406712,0.350747
batch 2006,0.884288,0.665193,0.654872,0.666136,0.724475,0.676944,0.587840,0.467800,0.472382,0.525730,0.513810,0.733838,0.833142,0.226512,0.169329,0.135583,0.291614,0.411417,0.750701,0.551368,0.495135,0.424768,0.398176,0.475326,1.598393,0.717429,0.516156,0.424676,0.397723,0.387455
batch 2007,0.815495,0.656515,0.616862,0.609934,0.703151,0.591767,0.616461,0.482037,0.469085,0.542139,0.543141,0.755431,0.842802,0.235059,0.170231,0.144551,0.287299,0.401891,0.786517,0.602754,0.540112,0.444238,0.377726,0.446819,1.608600,0.761084,0.538371,0.458055,0.376351,0.357211
batch 2008,0.796112,0.645564,0.619120,0.620053,0.658786,0.588222,0.602258,0.478315,0.492489,0.535848,0.525001,0.700681,0.785246,0.232923,0.171248,0.130940,0.262918,0.371641,0.765227,0.586220,0.524915,0.457272,0.384003,0.498233,1.635497,0.766056,0.562820,0.477141,0.416787,0.362490
batch 2009,0.845319,0.706276,0.634845,0.638225,0.686561,0.613153,0.584006,0.472717,0.484379,0.551098,0.544509,0.775042,0.844302,0.242051,0.156241,0.136341,0.285160,0.422942,0.770410,0.577380,0.525592,0.423073,0.360455,0.448235,1.525365,0.722960,0.544199,0.439026,0.391653,0.331029
batch 2010,0.774095,0.652729,0.612647,0.618859,0.703968,0.602245,0.558377,0.459642,0.463744,0.524460,0.512277,0.739197,0.732171,0.256883,0.168366,0.143343,0.278505,0.408921,0.722596,0.557647,0.463094,0.448384,0.403559,0.464705,1.526716,0.740954,0.559944,0.469514,0.422862,0.385270
batch 2011,0.783694,0.664066,0.630513,0.663894,0.736863,0.602416,0.545427,0.469474,0.474308,0.539308,0.530450,0.763097,0.716479,0.243351,0.175484,0.147337,0.289490,0.410034,0.778006,0.565026,0.480659,0.455316,0.442897,0.432660,1.608784,0.767847,0.560719,0.497465,0.437860,0.381141
batch 2012,0.775141,0.619830,0.592674,0.583655,0.652059,0.574325,0.556642,0.460603,0.454708,0.506735,0.508206,0.730955,0.718717,0.265253,0.166133,0.144235,0.291242,0.380492,0.660745,0.532996,0.443766,0.451102,0.384807,0.463330,1.412952,0.734800,0.511611,0.459429,0.412709,0.393277
batch 2013,0.715144,0.601107,0.575243,0.606020,0.646907,0.584449,0.541412,0.457439,0.464438,0.519826,0.523941,0.765782,0.714075,0.267735,0.177897,0.143053,0.265640,0.422189,0.719004,0.535953,0.467424,0.449333,0.392503,0.442196,1.494419,0.770810,0.542179,0.455814,0.403410,0.380091
batch 2014,0.866485,0.684297,0.628967,0.617147,0.724364,0.579571,0.657503,0.480673,0.490783,0.554238,0.566141,0.740603,0.846860,0.248927,0.162229,0.133165,0.290692,0.372579,0.803524,0.604032,0.532826,0.411263,0.367083,0.467499,1.486813,0.699501,0.518213,0.426164,0.364414,0.337591
batch 2015,0.750994,0.628057,0.590660,0.606289,0.673470,0.609372,0.576938,0.461325,0.469068,0.538128,0.516423,0.804562,0.720056,0.273466,0.185056,0.147528,0.282389,0.446399,0.717742,0.529375,0.437015,0.490904,0.424563,0.458513,1.493102,0.725903,0.534277,0.442535,0.414823,0.388298
batch 2016,0.801052,0.631560,0.588882,0.574047,0.666559,0.559953,0.581388,0.467725,0.458935,0.519119,0.519598,0.747912,0.756514,0.267257,0.182121,0.142160,0.299379,0.389347,0.716548,0.526905,0.476145,0.448734,0.412197,0.467274,1.476789,0.735999,0.556378,0.473301,0.421353,0.359530
batch 2017,0.718139,0.620710,0.599072,0.624253,0.695729,0.566586,0.524004,0.449969,0.453841,0.506084,0.503673,0.707489,0.666376,0.226870,0.177315,0.144885,0.260055,0.375025,0.694123,0.520124,0.467330,0.417097,0.384950,0.492544,1.392890,0.656127,0.487435,0.448855,0.402674,0.381491
batch 2018,0.770290,0.643130,0.603441,0.616293,0.718874,0.628858,0.535729,0.460950,0.468968,0.523449,0.513262,0.742141,0.676048,0.261300,0.195389,0.153598,0.276327,0.398859,0.693646,0.514111,0.448710,0.437645,0.378800,0.475350,1.459879,0.719276,0.521829,0.456080,0.425036,0.383044
batch 2019,0.817534,0.682283,0.620744,0.671962,0.740878,0.625772,0.611734,0.480425,0.477108,0.541323,0.516272,0.764045,0.803221,0.252190,0.176653,0.139042,0.293719,0.413393,0.742502,0.536865,0.473220,0.481913,0.488709,0.449040,1.557397,0.737361,0.555873,0.453626,0.429449,0.378712
batch 2020,0.772639,0.601692,0.646233,0.643281,0.715793,0.625661,0.564625,0.471296,0.471197,0.533733,0.515866,0.741601,0.759166,0.225985,0.153798,0.121603,0.271629,0.397475,0.735493,0.519807,0.503061,0.417848,0.388423,0.510279,1.467399,0.590061,0.503926,0.431946,0.392509,0.359737
batch 2021,0.820502,0.654314,0.627680,0.632037,0.684174,0.585213,0.583055,0.460548,0.470882,0.521513,0.528282,0.736167,0.749576,0.235362,0.156088,0.136187,0.285736,0.389741,0.718180,0.570714,0.511500,0.422691,0.435862,0.475532,1.531334,0.691960,0.511700,0.442036,0.415667,0.351509
batch 2022,0.767842,0.626793,0.605842,0.626339,0.726309,0.582549,0.579177,0.478448,0.472305,0.526632,0.513904,0.774873,0.695179,0.242946,0.173321,0.137248,0.273596,0.412322,0.706849,0.526350,0.472911,0.460483,0.416460,0.465457,1.469414,0.698739,0.528634,0.441127,0.421438,0.362769
batch 2023,0.740952,0.631054,0.596967,0.610421,0.661432,0.601764,0.567362,0.473626,0.461703,0.528876,0.518605,0.781326,0.702301,0.272993,0.190422,0.151849,0.285735,0.419919,0.689500,0.514522,0.449538,0.459432,0.409926,0.455303,1.441613,0.732726,0.551201,0.437329,0.431968,0.390826
batch 2024,0.832430,0.695878,0.646415,0.632736,0.690046,0.620659,0.567431,0.475935,0.481607,0.536246,0.520065,0.768097,0.843355,0.242214,0.173609,0.143008,0.291514,0.421035,0.800184,0.622396,0.516692,0.419462,0.394989,0.460125,1.611017,0.717605,0.535265,0.424341,0.398674,0.373456
batch 2025,0.755586,0.644470,0.616559,0.614661,0.653004,0.575481,0.539476,0.474675,0.488300,0.519077,0.507086,0.748805,0.704645,0.254850,0.176750,0.153376,0.254740,0.395381,0.729865,0.572524,0.473778,0.424435,0.403482,0.439777,1.481193,0.743073,0.552544,0.457683,0.425467,0.378488
batch 2026,0.749863,0.615574,0.598563,0.605855,0.712755,0.606856,0.551575,0.479518,0.469051,0.524404,0.515726,0.763378,0.689070,0.263552,0.182098,0.139372,0.273931,0.417053,0.706359,0.528795,0.463671,0.440704,0.400556,0.462586,1.447850,0.723982,0.554674,0.449984,0.415363,0.381028
batch 2027,0.751328,0.628824,0.607339,0.648998,0.731978,0.606517,0.544693,0.466862,0.465481,0.536770,0.521556,0.759161,0.710433,0.249877,0.178099,0.145663,0.278279,0.418582,0.685424,0.517800,0.446853,0.450752,0.406861,0.473657,1.333948,0.693628,0.526084,0.474019,0.410185,0.365157
batch 2028,0.748573,0.624071,0.577715,0.594849,0.645873,0.583863,0.538306,0.454140,0.456391,0.514377,0.508592,0.741824,0.672414,0.253221,0.180878,0.150906,0.271666,0.400661,0.743292,0.563957,0.475175,0.428425,0.383847,0.445492,1.526142,0.739316,0.507047,0.450145,0.411448,0.362611
batch 2029,0.760214,0.615348,0.608705,0.618378,0.692405,0.584322,0.536644,0.453711,0.453550,0.516814,0.489422,0.744306,0.699043,0.242349,0.164501,0.129276,0.265346,0.407757,0.748920,0.567982,0.501026,0.470491,0.392292,0.443319,1.518526,0.734386,0.550136,0.450673,0.390469,0.387369
batch 2030,0.881798,0.737028,0.688540,0.678927,0.732565,0.608011,0.606998,0.505481,0.488292,0.541828,0.524995,0.743376,0.894653,0.257750,0.190409,0.144975,0.280510,0.399617,0.799785,0.676833,0.555437,0.458213,0.390799,0.431675,1.582122,0.772088,0.523387,0.420530,0.362911,0.329435
batch 2031,0.758316,0.653637,0.617224,0.647021,0.722736,0.621848,0.549421,0.468612,0.470168,0.531998,0.512814,0.743398,0.723109,0.260543,0.176311,0.142298,0.281907,0.405676,0.746214,0.562353,0.481333,0.447672,0.389978,0.469505,1.503412,0.746190,0.531439,0.459634,0.409630,0.363133
batch 2032,0.757593,0.634163,0.662433,0.644921,0.734433,0.595868,0.557227,0.476003,0.471690,0.537289,0.503674,0.757317,0.746461,0.247937,0.165834,0.137635,0.284670,0.412641,0.720220,0.520091,0.459394,0.408352,0.363052,0.504068,1.440084,0.697978,0.521596,0.454977,0.407935,0.385758
batch 2033,0.747011,0.619148,0.603957,0.590676,0.669008,0.555763,0.560963,0.455431,0.465510,0.516648,0.497758,0.730687,0.694772,0.243143,0.167310,0.139017,0.267245,0.387305,0.715568,0.565168,0.499111,0.443347,0.425110,0.439560,1.561548,0.762821,0.545279,0.458429,0.414203,0.372259
batch 2034,0.810481,0.664112,0.638606,0.653918,0.763349,0.605829,0.585275,0.478105,0.483699,0.529122,0.523753,0.728425,0.772058,0.220545,0.172544,0.134015,0.284144,0.382541,0.733551,0.565070,0.503512,0.434872,0.376053,0.486657,1.553597,0.721212,0.534554,0.457506,0.429899,0.356323
batch 2035,0.742581,0.607775,0.572650,0.585568,0.667681,0.577882,0.566447,0.469186,0.472361,0.529437,0.509886,0.747295,0.700258,0.271359,0.165636,0.139328,0.291353,0.395624,0.710856,0.548335,0.482545,0.448496,0.388237,0.466419,1.523424,0.698911,0.549932,0.446509,0.422099,0.378617
batch 2036,0.729007,0.609319,0.582597,0.612104,0.705315,0.583934,0.518062,0.460921,0.465346,0.520955,0.503290,0.767226,0.673977,0.246151,0.174425,0.139006,0.277551,0.410450,0.711234,0.518796,0.474475,0.453471,0.401987,0.459317,1.511483,0.717660,0.538438,0.459374,0.416831,0.388177
batch 2037,0.865057,0.652442,0.629857,0.603909,0.698593,0.617510,0.634921,0.482324,0.469686,0.530980,0.506834,0.740649,0.845714,0.256000,0.172361,0.128294,0.289243,0.409560,0.698480,0.532693,0.471791,0.404919,0.396912,0.479000,1.415047,0.681551,0.514465,0.423949,0.402188,0.366719
batch 2038,0.754535,0.601458,0.594552,0.607802,0.685898,0.580601,0.543137,0.459906,0.458351,0.515737,0.513045,0.749648,0.727104,0.263019,0.170155,0.137247,0.259835,0.416128,0.680625,0.505387,0.468238,0.437346,0.388831,0.465637,1.387661,0.682976,0.531177,0.438527,0.405150,0.355474
batch 2039,0.780318,0.641776,0.586748,0.595703,0.698756,0.612408,0.549584,0.463501,0.460975,0.523160,0.524215,0.754158,0.693156,0.242670,0.179218,0.137278,0.273358,0.406041,0.701627,0.536182,0.494219,0.458263,0.403651,0.433127,1.464279,0.692479,0.510931,0.443156,0.409653,0.355672
batch 2040,0.686896,0.587995,0.578183,0.603584,0.700558,0.581436,0.511812,0.453597,0.463908,0.519835,0.496944,0.757341,0.663908,0.248031,0.169317,0.137823,0.269356,0.411479,0.664699,0.514355,0.451163,0.429402,0.384527,0.477000,1.364231,0.716025,0.538298,0.461548,0.395796,0.385918
batch 2041,0.789682,0.664395,0.592898,0.610901,0.679303,0.575884,0.586587,0.458673,0.454224,0.521543,0.509314,0.751069,0.697219,0.245530,0.187521,0.146814,0.308795,0.409131,0.718351,0.535500,0.460066,0.427107,0.408649,0.475579,1.382624,0.706569,0.534463,0.461397,0.408836,0.367363
batch 2042,0.879320,0.646513,0.632323,0.621127,0.720652,0.616218,0.613037,0.471945,0.478398,0.544877,0.533683,0.759816,0.801902,0.208693,0.154328,0.133030,0.294589,0.408714,0.697078,0.541398,0.451839,0.394147,0.391615,0.499734,1.452890,0.633510,0.445257,0.392513,0.401392,0.385430
batch 2043,0.791121,0.622417,0.597266,0.575199,0.654707,0.572550,0.562069,0.464615,0.459197,0.525447,0.515541,0.722241,0.713252,0.233105,0.169370,0.139969,0.272325,0.382251,0.774290,0.611339,0.536177,0.450014,0.401924,0.461433,1.660691,0.753466,0.549569,0.467144,0.402994,0.361928
batch 2044,0.750962,0.641521,0.623214,0.636007,0.713010,0.590349,0.530676,0.460699,0.465563,0.516442,0.501416,0.742450,0.663537,0.246931,0.174035,0.137774,0.287619,0.400954,0.676911,0.516503,0.457916,0.461061,0.416614,0.478490,1.435141,0.718734,0.545236,0.463558,0.426954,0.382587
batch 2045,0.757716,0.634242,0.624201,0.653127,0.726904,0.619821,0.543638,0.462058,0.463386,0.522996,0.502378,0.728633,0.717247,0.246828,0.172879,0.135306,0.286196,0.403514,0.709560,0.530307,0.453168,0.433562,0.385151,0.512749,1.558552,0.717523,0.528679,0.464403,0.438300,0.382924
batch 2046,0.786794,0.616000,0.581240,0.575661,0.639562,0.575726,0.603592,0.456298,0.448656,0.510216,0.516686,0.731068,0.767203,0.253049,0.171841,0.136842,0.271189,0.380687,0.758372,0.567058,0.515553,0.466050,0.417160,0.457212,1.566117,0.775991,0.570058,0.508768,0.416540,0.354246
batch 2047,0.788231,0.614510,0.579913,0.576837,0.657905,0.563403,0.574580,0.458172,0.466583,0.522573,0.513895,0.725212,0.782472,0.252170,0.172712,0.148452,0.286063,0.376252,0.738322,0.565109,0.529142,0.462187,0.373692,0.494050,1.575493,0.764571,0.524028,0.457211,0.406656,0.370060
batch 2048,0.806542,0.631363,0.641939,0.648040,0.730426,0.624800,0.565820,0.459718,0.471703,0.539241,0.544359,0.741556,0.756263,0.237623,0.155337,0.132683,0.292544,0.406014,0.762803,0.560362,0.500293,0.415390,0.422114,0.466915,1.546218,0.730153,0.550395,0.483049,0.413045,0.362643
batch 2049,0.782132,0.652319,0.628048,0.636389,0.689267,0.612041,0.551687,0.468826,0.469413,0.528412,0.517505,0.780303,0.730119,0.266274,0.172089,0.137506,0.293713,0.439151,0.705892,0.525183,0.460775,0.437515,0.384046,0.450629,1.449595,0.709204,0.507639,0.462655,0.396343,0.367240
batch 2050,0.797254,0.639865,0.605832,0.619791,0.687962,0.585586,0.577794,0.482064,0.476103,0.530142,0.517617,0.771078,0.743077,0.254326,0.173017,0.132017,0.273806,0.414730,0.712413,0.523057,0.461948,0.458988,0.418074,0.476545,1.529903,0.696456,0.560204,0.464938,0.419108,0.374437
batch 2051,0.741021,0.635306,0.609251,0.650237,0.690597,0.576031,0.536352,0.465242,0.479411,0.530290,0.504227,0.749232,0.763083,0.233630,0.160069,0.137322,0.264479,0.396129,0.787381,0.599198,0.494714,0.444256,0.385281,0.498101,1.658845,0.737210,0.519992,0.453136,0.406702,0.391106
batch 2052,0.734876,0.598215,0.606699,0.596221,0.662981,0.579359,0.544112,0.458508,0.462269,0.510628,0.497858,0.731008,0.720931,0.243701,0.174502,0.139166,0.255764,0.387703,0.721697,0.530180,0.504905,0.453386,0.416926,0.452911,1.532767,0.720586,0.553976,0.457093,0.395608,0.365552
batch 2053,0.754908,0.608732,0.599839,0.602334,0.702467,0.585483,0.567563,0.468563,0.473336,0.532911,0.509487,0.746419,0.715665,0.253753,0.171360,0.128947,0.270751,0.404914,0.730851,0.516852,0.466239,0.468875,0.410226,0.483829,1.528318,0.732311,0.552455,0.468868,0.420920,0.392233
batch 2054,0.823024,0.641853,0.611606,0.640636,0.702011,0.575231,0.593719,0.468188,0.470330,0.526059,0.536001,0.719961,0.842693,0.240888,0.168765,0.135839,0.268207,0.383070,0.709915,0.571278,0.510802,0.496352,0.348632,0.431484,1.607257,0.717127,0.511133,0.455484,0.404965,0.356047
batch 2055,0.945136,0.714399,0.661410,0.606778,0.710042,0.637753,0.637544,0.485714,0.495148,0.542937,0.538815,0.796344,0.857041,0.241797,0.172452,0.137189,0.296120,0.434449,0.825598,0.638214,0.510852,0.410763,0.390014,0.446283,1.501047,0.715739,0.504250,0.406028,0.361476,0.331812
batch 2056,0.750128,0.622577,0.590510,0.620556,0.648269,0.566355,0.583094,0.461503,0.461724,0.523377,0.540569,0.739458,0.707287,0.242355,0.173558,0.149041,0.260721,0.394677,0.701284,0.523777,0.457556,0.463130,0.394608,0.453723,1.458329,0.744992,0.564061,0.479595,0.427433,0.386773
batch 2057,0.774384,0.647811,0.601144,0.603042,0.653967,0.570706,0.560196,0.461669,0.460459,0.529401,0.520021,0.731650,0.712502,0.239610,0.171346,0.132143,0.266409,0.391593,0.751003,0.560416,0.501910,0.421454,0.408808,0.446930,1.448972,0.741731,0.564703,0.457919,0.420913,0.377462
batch 2058,0.736977,0.598662,0.621080,0.614464,0.642098,0.564296,0.565117,0.474930,0.471112,0.515316,0.492760,0.724138,0.725698,0.257273,0.180854,0.136253,0.254174,0.379034,0.689170,0.525455,0.464217,0.447544,0.383479,0.490475,1.430420,0.715874,0.550839,0.451551,0.431270,0.390345
batch 2059,0.939055,0.690569,0.632403,0.629150,0.660368,0.634005,0.640515,0.480897,0.486320,0.541265,0.540231,0.790805,0.888654,0.248866,0.159029,0.127096,0.277990,0.433673,0.809987,0.634049,0.534703,0.439668,0.413955,0.430135,1.636204,0.810129,0.540511,0.441943,0.363304,0.322691
batch 2060,0.862581,0.687070,0.635174,0.649842,0.732602,0.647860,0.624033,0.474002,0.474328,0.544239,0.530805,0.760731,0.855621,0.217081,0.165053,0.126568,0.289617,0.419365,0.816313,0.596758,0.507218,0.424503,0.401545,0.478671,1.647336,0.726830,0.509528,0.418387,0.383221,0.354170
batch 2061,0.800425,0.641257,0.632395,0.634582,0.688903,0.601949,0.533780,0.451275,0.456413,0.498313,0.513009,0.699057,0.708024,0.230897,0.159811,0.133108,0.269523,0.370678,0.756594,0.600233,0.522306,0.469823,0.413334,0.456361,1.543944,0.740993,0.533001,0.469797,0.384284,0.332069
batch 2062,0.773438,0.621828,0.607358,0.598637,0.659956,0.553106,0.587701,0.463195,0.463613,0.520040,0.503934,0.730999,0.687815,0.249673,0.175641,0.137287,0.251669,0.383137,0.676103,0.518972,0.466155,0.426622,0.383442,0.470437,1.410864,0.707666,0.541877,0.447256,0.437934,0.392586
batch 2063,0.832987,0.647926,0.629970,0.613973,0.709428,0.599852,0.586811,0.476427,0.480012,0.529895,0.524876,0.754667,0.748073,0.246712,0.172325,0.132576,0.285906,0.414296,0.651385,0.522028,0.488863,0.452616,0.384348,0.490345,1.397037,0.715301,0.525663,0.464444,0.464706,0.378012
batch 2064,0.934363,0.713150,0.676853,0.635940,0.723678,0.634762,0.596479,0.482095,0.474336,0.544312,0.520303,0.787447,0.895278,0.220567,0.154619,0.134421,0.308063,0.426380,0.784910,0.632229,0.532121,0.433905,0.378248,0.459500,1.657148,0.753760,0.528859,0.399208,0.404299,0.366205
batch 2065,0.902690,0.699634,0.695763,0.685637,0.743710,0.670654,0.625457,0.491420,0.488940,0.545567,0.551811,0.778000,0.887550,0.228901,0.172342,0.135692,0.302896,0.433746,0.807649,0.597938,0.548275,0.474635,0.440405,0.417929,1.611167,0.749304,0.515620,0.445419,0.389495,0.335495
batch 2066,0.757417,0.635668,0.600800,0.629352,0.717633,0.598111,0.548658,0.475377,0.467632,0.536610,0.525204,0.743973,0.721900,0.261620,0.163935,0.135858,0.287122,0.408417,0.719717,0.529868,0.472098,0.440277,0.444447,0.449700,1.431982,0.723445,0.540626,0.465849,0.410945,0.360362
batch 2067,0.818989,0.675336,0.642636,0.641559,0.729950,0.624493,0.539071,0.466249,0.463117,0.522259,0.514467,0.748824,0.773552,0.229765,0.167441,0.136160,0.288650,0.410901,0.780203,0.593374,0.536956,0.425332,0.414762,0.455144,1.406973,0.711626,0.512424,0.426871,0.366366,0.316985
batch 2068,0.780768,0.633707,0.610724,0.607517,0.721473,0.603343,0.564628,0.472719,0.470310,0.529026,0.503039,0.741098,0.745456,0.253569,0.182992,0.139215,0.274615,0.421090,0.693971,0.521211,0.447623,0.461616,0.377214,0.479638,1.413213,0.664065,0.539632,0.441278,0.408124,0.386580
batch 2069,0.824896,0.648166,0.605935,0.584794,0.661221,0.589750,0.589015,0.468184,0.481524,0.528652,0.513693,0.744296,0.814436,0.238987,0.167316,0.129873,0.255977,0.399210,0.768339,0.565564,0.479497,0.457028,0.387699,0.474963,1.514680,0.715485,0.531598,0.466050,0.386480,0.363471
batch 2070,0.744015,0.634723,0.594043,0.617183,0.649926,0.569673,0.531485,0.453599,0.451705,0.510602,0.494886,0.756210,0.693600,0.246772,0.170892,0.139586,0.268286,0.409652,0.710143,0.526511,0.446882,0.429661,0.379933,0.467334,1.495721,0.742443,0.539783,0.451954,0.434429,0.392356
batch 2071,0.881261,0.665069,0.645208,0.633084,0.752239,0.630783,0.624065,0.486994,0.478729,0.554827,0.520958,0.788169,0.883419,0.220508,0.165645,0.138253,0.296275,0.427912,0.740466,0.589813,0.497608,0.384586,0.404908,0.451664,1.506542,0.710006,0.474357,0.379592,0.370120,0.323103
batch 2072,0.840424,0.621253,0.579738,0.577227,0.613221,0.535170,0.631702,0.460636,0.462259,0.519218,0.540144,0.711650,0.803067,0.253644,0.172633,0.136738,0.257061,0.371819,0.767665,0.626586,0.540897,0.459430,0.399381,0.454230,1.558239,0.758101,0.545532,0.437456,0.385407,0.335877
batch 2073,0.749939,0.601802,0.604387,0.614326,0.708805,0.606099,0.545129,0.472415,0.468632,0.535629,0.524918,0.783892,0.699697,0.245250,0.172134,0.131389,0.280277,0.440214,0.647826,0.514779,0.466756,0.426698,0.369953,0.483197,1.334359,0.707150,0.526277,0.446162,0.426447,0.388572
batch 2074,0.721178,0.628906,0.591184,0.602867,0.637572,0.531415,0.573071,0.467961,0.456884,0.526233,0.513521,0.728372,0.686768,0.260805,0.174137,0.142786,0.248664,0.381465,0.719777,0.538643,0.480122,0.428539,0.377510,0.438068,1.419642,0.734584,0.539092,0.461594,0.407596,0.373884
batch 2075,0.732983,0.627751,0.606366,0.634055,0.658645,0.579048,0.511409,0.447409,0.452480,0.507079,0.505867,0.741785,0.656511,0.257608,0.176806,0.144826,0.260102,0.399632,0.747437,0.555625,0.495274,0.463148,0.432511,0.445770,1.513294,0.737354,0.558102,0.471520,0.409022,0.366542
batch 2076,0.789764,0.658074,0.613898,0.630490,0.689304,0.620680,0.543218,0.463409,0.462540,0.528045,0.528707,0.785943,0.721171,0.243985,0.173161,0.146926,0.281274,0.418131,0.669482,0.521860,0.455996,0.431598,0.398479,0.474137,1.419847,0.725212,0.519071,0.485749,0.417294,0.378433
batch 2077,0.817568,0.656311,0.604827,0.624199,0.681798,0.569720,0.578012,0.481259,0.483551,0.539686,0.534141,0.744892,0.763811,0.221919,0.173950,0.139966,0.279378,0.391242,0.731516,0.579181,0.502159,0.433618,0.405435,0.453334,1.504309,0.735852,0.537599,0.450499,0.375880,0.344174
batch 2078,0.797889,0.643672,0.600050,0.591126,0.663385,0.545854,0.577962,0.456574,0.477159,0.517095,0.514253,0.735282,0.694347,0.261420,0.173002,0.129672,0.264763,0.398796,0.661262,0.519649,0.472958,0.434137,0.395067,0.459497,1.384570,0.709933,0.538890,0.455065,0.412966,0.385836
batch 2079,0.880557,0.668699,0.674062,0.681801,0.783219,0.640267,0.581447,0.492464,0.489436,0.545372,0.526600,0.757449,0.840754,0.247437,0.167112,0.139896,0.297466,0.418711,0.735006,0.562608,0.495415,0.447298,0.391420,0.474267,1.524188,0.705575,0.518059,0.437488,0.385421,0.355398
batch 2080,0.783585,0.635548,0.622995,0.632785,0.681135,0.613778,0.560886,0.468466,0.474653,0.540004,0.525204,0.766537,0.749988,0.231129,0.160150,0.127791,0.271817,0.415374,0.747296,0.601005,0.531696,0.437149,0.409422,0.440503,1.599298,0.736401,0.536759,0.439872,0.384086,0.356594
batch 2081,0.831754,0.704032,0.643077,0.628998,0.668169,0.602896,0.581224,0.478182,0.489071,0.529455,0.544703,0.758974,0.808826,0.230221,0.151676,0.126715,0.277475,0.394867,0.749442,0.607629,0.506251,0.435266,0.433243,0.446882,1.532444,0.737523,0.532975,0.429910,0.382566,0.326723
batch 2082,0.852580,0.668737,0.647251,0.633243,0.697118,0.627083,0.592808,0.471710,0.473739,0.550363,0.545202,0.788885,0.861540,0.242095,0.149794,0.131352,0.282667,0.423358,0.843336,0.614474,0.546258,0.486876,0.403161,0.426199,1.537111,0.752285,0.531874,0.434424,0.352663,0.321884
batch 2083,0.816786,0.652265,0.635967,0.640752,0.770688,0.610812,0.600392,0.477979,0.479449,0.544166,0.535308,0.797257,0.825267,0.208809,0.164097,0.128608,0.299266,0.422667,0.766123,0.569645,0.494153,0.417589,0.452871,0.461893,1.535568,0.720301,0.518511,0.444684,0.385277,0.357999
batch 2084,0.746653,0.636200,0.615171,0.636262,0.720806,0.624580,0.534291,0.463180,0.476787,0.519279,0.509090,0.760971,0.667064,0.232423,0.175958,0.139496,0.284331,0.408406,0.736232,0.556376,0.479787,0.452466,0.415206,0.452268,1.523792,0.749483,0.561838,0.484708,0.410121,0.372220
batch 2085,0.776956,0.620154,0.582137,0.558816,0.640029,0.556270,0.590967,0.477279,0.494461,0.517812,0.512864,0.752728,0.726655,0.270880,0.183479,0.138191,0.253711,0.404300,0.691765,0.532065,0.460034,0.450133,0.369698,0.470533,1.434422,0.733225,0.534857,0.442899,0.431398,0.372722
batch 2086,0.800380,0.659047,0.610585,0.653911,0.678777,0.576852,0.580187,0.458046,0.467433,0.519058,0.527336,0.732572,0.741271,0.229643,0.163653,0.132074,0.269331,0.389599,0.772240,0.589842,0.505413,0.436768,0.394746,0.459931,1.563454,0.785697,0.567294,0.464620,0.399325,0.360129
batch 2087,0.759752,0.630818,0.586788,0.623050,0.714695,0.590671,0.556847,0.461679,0.457594,0.528821,0.516019,0.744836,0.745963,0.230223,0.157604,0.140607,0.271923,0.394924,0.690359,0.586270,0.481475,0.403262,0.377206,0.488367,1.412777,0.706739,0.491100,0.465026,0.389631,0.367289
batch 2088,0.847156,0.690061,0.638330,0.658325,0.702226,0.599467,0.577583,0.479635,0.477262,0.534627,0.546509,0.750934,0.802321,0.241107,0.167748,0.140162,0.288868,0.400685,0.790303,0.600208,0.515775,0.437403,0.413170,0.457246,1.616007,0.775662,0.556022,0.449847,0.417040,0.366834
batch 2089,0.846754,0.686232,0.643187,0.643463,0.719957,0.672282,0.580549,0.484969,0.485550,0.556247,0.543402,0.774408,0.856237,0.240133,0.164804,0.134208,0.292891,0.433927,0.766414,0.613594,0.524497,0.425980,0.327855,0.441291,1.521611,0.721140,0.514675,0.427647,0.379815,0.358583
batch 2090,0.807890,0.652575,0.649318,0.637700,0.701397,0.579351,0.596289,0.476590,0.470220,0.537795,0.520357,0.744124,0.788770,0.254568,0.169956,0.141083,0.275536,0.397121,0.752163,0.570831,0.508029,0.418000,0.378380,0.491487,1.502146,0.704285,0.503305,0.450430,0.394334,0.358246
batch 2091,0.760274,0.667296,0.638352,0.661883,0.707919,0.610645,0.551837,0.469392,0.471463,0.535086,0.533329,0.799439,0.717382,0.233598,0.177416,0.134515,0.288132,0.416974,0.775793,0.558971,0.483248,0.454797,0.482981,0.443961,1.602096,0.748274,0.540864,0.470953,0.424346,0.379921
batch 2092,0.751490,0.617894,0.595149,0.596770,0.684991,0.590237,0.552049,0.454842,0.455186,0.519390,0.529636,0.772468,0.691109,0.244853,0.161798,0.137332,0.273129,0.420794,0.704136,0.543892,0.475557,0.457624,0.416233,0.441980,1.525257,0.752879,0.542006,0.451637,0.427244,0.384193
batch 2093,0.687437,0.586331,0.569072,0.583733,0.667400,0.580440,0.530542,0.458141,0.465669,0.517153,0.510740,0.761111,0.638770,0.261490,0.170608,0.137540,0.258202,0.405397,0.712610,0.523175,0.464811,0.476658,0.457996,0.456733,1.526770,0.715935,0.531529,0.451759,0.418929,0.357236
batch 2094,0.785200,0.622137,0.603020,0.600370,0.714940,0.606338,0.538792,0.463089,0.468459,0.518749,0.510292,0.789492,0.721986,0.259006,0.179701,0.144720,0.288233,0.437451,0.744787,0.532265,0.464066,0.449745,0.406163,0.452013,1.446906,0.707831,0.516926,0.471601,0.387121,0.350209
batch 2095,0.725723,0.619513,0.595575,0.609457,0.684909,0.596365,0.550519,0.462343,0.456897,0.528620,0.521324,0.750480,0.678886,0.250472,0.162302,0.132951,0.274179,0.408185,0.702347,0.511420,0.440502,0.452581,0.386746,0.467845,1.486452,0.730704,0.570889,0.463992,0.434990,0.400836
batch 2096,0.865711,0.650986,0.628788,0.619390,0.710142,0.622306,0.626422,0.478486,0.482656,0.539837,0.523571,0.757168,0.835933,0.245222,0.153312,0.132427,0.277930,0.409125,0.723364,0.543653,0.507699,0.453185,0.421335,0.482653,1.642474,0.757746,0.550457,0.484992,0.414107,0.397107
batch 2097,0.887442,0.662953,0.658001,0.652081,0.733632,0.618924,0.610562,0.479841,0.473835,0.536579,0.512295,0.745777,0.837424,0.225141,0.158698,0.131755,0.278076,0.397688,0.769842,0.616201,0.514167,0.478692,0.433533,0.432995,1.499811,0.729250,0.485522,0.424103,0.359441,0.313150
batch 2098,0.789208,0.627118,0.594099,0.591642,0.687952,0.614830,0.589025,0.471598,0.476788,0.528667,0.520483,0.785387,0.767182,0.280377,0.172546,0.144742,0.273359,0.437664,0.690134,0.518098,0.469512,0.439888,0.398074,0.460459,1.418615,0.679405,0.541399,0.441583,0.420940,0.363638
batch 2099,0.738583,0.602240,0.577940,0.587206,0.636394,0.560605,0.543237,0.444399,0.452894,0.516563,0.516440,0.746929,0.684206,0.244488,0.177827,0.142919,0.258683,0.400464,0.693298,0.543223,0.488130,0.423045,0.406337,0.450191,1.415612,0.717530,0.515366,0.445153,0.412904,0.361799
batch 2100,0.718142,0.632975,0.573438,0.596359,0.641358,0.577790,0.542759,0.441639,0.447919,0.512357,0.498126,0.781969,0.695766,0.260131,0.178782,0.147190,0.275841,0.437872,0.696070,0.526343,0.425804,0.448045,0.459283,0.452090,1.454545,0.720775,0.540340,0.439608,0.421933,0.377573
batch 2101,0.764549,0.616818,0.599106,0.585638,0.697882,0.592054,0.554018,0.455533,0.448330,0.508889,0.518990,0.760997,0.717520,0.258276,0.174881,0.150910,0.301064,0.409728,0.698862,0.556385,0.482729,0.446684,0.391111,0.473602,1.479264,0.733813,0.549969,0.465451,0.433907,0.380966
batch 2102,0.837448,0.637822,0.590328,0.614415,0.639847,0.559369,0.566606,0.447932,0.461952,0.523231,0.521308,0.688529,0.790397,0.248859,0.158592,0.145387,0.268892,0.359394,0.757908,0.626226,0.549973,0.440998,0.388629,0.422627,1.533262,0.719965,0.523273,0.397640,0.358983,0.329014
batch 2103,0.803129,0.675958,0.622092,0.631243,0.702781,0.607145,0.559302,0.459797,0.472999,0.525189,0.519780,0.774108,0.691498,0.247253,0.169796,0.133566,0.285756,0.417832,0.721118,0.528085,0.466166,0.457291,0.390498,0.454672,1.515646,0.780878,0.554447,0.475682,0.435706,0.390347
batch 2104,0.764930,0.638262,0.613285,0.647714,0.695569,0.600982,0.561726,0.471244,0.463699,0.530111,0.516290,0.731459,0.710750,0.233274,0.173938,0.136376,0.266961,0.390997,0.716254,0.549303,0.509492,0.456627,0.391364,0.464043,1.545912,0.709044,0.529448,0.460127,0.404570,0.358782
batch 2105,0.837126,0.694378,0.634664,0.666132,0.680100,0.603046,0.580990,0.485877,0.491360,0.548207,0.531266,0.762354,0.824332,0.239689,0.159165,0.125520,0.283004,0.406135,0.756266,0.622567,0.531360,0.476134,0.399280,0.483156,1.586632,0.778722,0.527501,0.455469,0.368024,0.334903
batch 2106,0.796682,0.618403,0.597124,0.612853,0.673272,0.550726,0.581045,0.459308,0.474668,0.512686,0.512240,0.725904,0.725495,0.260439,0.169692,0.124605,0.255393,0.381587,0.722817,0.529797,0.506142,0.449530,0.378348,0.460997,1.462583,0.708247,0.514179,0.456112,0.397153,0.357174
batch 2107,0.775774,0.616477,0.619118,0.611387,0.665732,0.596231,0.580853,0.466941,0.453574,0.526460,0.507194,0.755375,0.724817,0.254819,0.169412,0.134461,0.272044,0.418148,0.697976,0.533027,0.452024,0.426135,0.379204,0.464737,1.486319,0.713622,0.537048,0.436978,0.419384,0.378024
batch 2108,0.740071,0.615295,0.607607,0.658227,0.727902,0.603588,0.538318,0.461138,0.469934,0.528024,0.518351,0.755894,0.777771,0.249640,0.170402,0.144677,0.278115,0.427410,0.704753,0.527978,0.484189,0.441329,0.390871,0.496285,1.645214,0.737766,0.566163,0.479251,0.440243,0.386144
batch 2109,0.795404,0.644555,0.616999,0.622763,0.715094,0.577645,0.553943,0.468831,0.470940,0.526822,0.506061,0.741533,0.704198,0.246250,0.184228,0.136890,0.284556,0.399162,0.693310,0.514153,0.474478,0.454328,0.403148,0.481078,1.508410,0.736718,0.550687,0.465295,0.431327,0.386503
batch 2110,0.847312,0.645868,0.617396,0.619532,0.659116,0.591136,0.581022,0.458259,0.463416,0.522948,0.547923,0.758431,0.851544,0.217911,0.150502,0.122880,0.265390,0.413995,0.805542,0.598151,0.503454,0.446584,0.415362,0.437367,1.569400,0.669931,0.466318,0.391532,0.369479,0.322362
batch 2111,0.674216,0.611615,0.574277,0.598282,0.670784,0.591308,0.518556,0.438343,0.443490,0.515013,0.520114,0.793135,0.628205,0.258478,0.175892,0.153200,0.282684,0.435317,0.778969,0.564064,0.461884,0.491862,0.450850,0.438762,1.581482,0.758873,0.553268,0.453089,0.404853,0.354394
batch 2112,0.740767,0.621248,0.599086,0.609026,0.667270,0.595270,0.545062,0.460096,0.463509,0.528275,0.527828,0.739051,0.686041,0.234633,0.159310,0.131247,0.278798,0.397879,0.749490,0.562493,0.478486,0.427587,0.388025,0.481099,1.491121,0.715714,0.515700,0.454677,0.397673,0.356846
batch 2113,0.792422,0.647580,0.616273,0.613817,0.677720,0.581423,0.566899,0.462768,0.468518,0.519391,0.526417,0.750669,0.756789,0.261728,0.176111,0.139943,0.279719,0.414024,0.705878,0.522781,0.471088,0.450889,0.386498,0.483172,1.479163,0.699819,0.536357,0.461734,0.428133,0.381716
batch 2114,0.704580,0.615623,0.573358,0.584413,0.674068,0.568940,0.532109,0.452294,0.445650,0.510383,0.498075,0.719465,0.680160,0.249088,0.175198,0.134554,0.259888,0.398673,0.717079,0.542090,0.497384,0.431884,0.391697,0.463733,1.508611,0.719334,0.545176,0.450289,0.426042,0.385175
batch 2115,0.740804,0.631051,0.585972,0.598656,0.679358,0.586137,0.532176,0.447950,0.452914,0.509979,0.502899,0.757891,0.696483,0.253693,0.179451,0.140390,0.269003,0.418448,0.728372,0.573404,0.469372,0.437068,0.404081,0.437079,1.616202,0.739043,0.544912,0.455190,0.427570,0.388663
batch 2116,0.866250,0.706708,0.654877,0.662236,0.695319,0.650443,0.594497,0.489087,0.487148,0.535857,0.545698,0.743735,0.838818,0.235550,0.181776,0.143776,0.289258,0.413176,0.799906,0.630016,0.499762,0.399262,0.388488,0.451266,1.423493,0.732139,0.509527,0.443012,0.388379,0.341466
batch 2117,0.862471,0.662153,0.663926,0.655975,0.733500,0.647803,0.597867,0.471728,0.475112,0.540040,0.528968,0.731382,0.784821,0.219541,0.155378,0.131087,0.290847,0.397221,0.753546,0.603903,0.532630,0.442233,0.389654,0.451677,1.631575,0.751710,0.526651,0.464139,0.387727,0.343965
batch 2118,0.810306,0.647859,0.634631,0.631110,0.737678,0.608205,0.582647,0.474319,0.474820,0.529369,0.518349,0.747940,0.743704,0.249916,0.166920,0.139177,0.277338,0.419324,0.750870,0.548014,0.491244,0.420844,0.401151,0.472305,1.493988,0.717790,0.514729,0.463410,0.403437,0.364504
batch 2119,0.906068,0.702042,0.611894,0.617859,0.654719,0.584540,0.653407,0.477068,0.467726,0.525277,0.534402,0.737467,0.887957,0.252642,0.167933,0.130044,0.263654,0.394844,0.783366,0.625054,0.517539,0.406074,0.357870,0.445557,1.423028,0.664203,0.484348,0.387310,0.400316,0.340215
batch 2120,0.763184,0.640307,0.620576,0.645749,0.697522,0.594361,0.540231,0.469472,0.469822,0.532739,0.524414,0.712165,0.674556,0.256650,0.173163,0.136359,0.289452,0.390508,0.747979,0.547567,0.472708,0.448472,0.396228,0.447912,1.468587,0.713606,0.541819,0.456565,0.413504,0.371871
batch 2121,0.771999,0.630484,0.591425,0.603914,0.652448,0.566851,0.564813,0.475444,0.481357,0.526094,0.523663,0.734701,0.718577,0.261398,0.168043,0.144270,0.256056,0.382215,0.690134,0.532420,0.478583,0.444371,0.375299,0.442742,1.381527,0.695701,0.520600,0.426107,0.407453,0.367364
batch 2122,0.776225,0.646082,0.615461,0.605106,0.666650,0.602139,0.583067,0.473378,0.463601,0.528744,0.525721,0.749516,0.737286,0.274864,0.181425,0.152522,0.281393,0.410843,0.706669,0.543154,0.477654,0.428951,0.415248,0.453226,1.447611,0.739791,0.546745,0.444496,0.422618,0.367615
batch 2123,0.787798,0.649537,0.632283,0.646199,0.700069,0.616374,0.574628,0.463827,0.466846,0.529358,0.536880,0.756612,0.776549,0.223958,0.154845,0.129192,0.279761,0.414073,0.690400,0.525611,0.476352,0.435541,0.415708,0.470295,1.406155,0.674676,0.525081,0.440364,0.391777,0.338927
batch 2124,0.733909,0.639471,0.593680,0.601023,0.687226,0.588978,0.551265,0.460591,0.452325,0.503974,0.494313,0.716976,0.661471,0.256683,0.174078,0.149102,0.271574,0.390198,0.674037,0.527757,0.465981,0.430815,0.390108,0.463270,1.471352,0.722107,0.547600,0.442687,0.443825,0.405675
batch 2125,0.839674,0.670260,0.633855,0.644226,0.726705,0.631484,0.578022,0.469631,0.482404,0.549087,0.534038,0.756222,0.836502,0.244611,0.166297,0.141408,0.287078,0.413065,0.801250,0.584904,0.516943,0.452374,0.413850,0.451619,1.483487,0.734758,0.533369,0.469128,0.379263,0.335607
batch 2126,0.839735,0.687827,0.660034,0.668177,0.712427,0.644839,0.583351,0.484343,0.476264,0.537514,0.550095,0.769035,0.795816,0.236598,0.164114,0.134752,0.292627,0.415588,0.767468,0.595465,0.503442,0.446652,0.402063,0.463344,1.512802,0.722726,0.550946,0.447470,0.433292,0.362745
batch 2127,0.709158,0.615834,0.594922,0.610904,0.667749,0.589467,0.537982,0.456217,0.455132,0.513530,0.515916,0.754928,0.654309,0.243873,0.164192,0.131989,0.276309,0.410161,0.702407,0.532437,0.468274,0.429037,0.387169,0.460553,1.453256,0.735727,0.534900,0.449281,0.411502,0.371797
batch 2128,0.889640,0.681820,0.646029,0.652460,0.781276,0.681751,0.583268,0.483127,0.487618,0.552205,0.533755,0.778355,0.845399,0.235963,0.171377,0.130034,0.299476,0.431037,0.772885,0.598187,0.468289,0.439877,0.397934,0.502997,1.590722,0.711089,0.517571,0.433140,0.379502,0.342160
batch 2129,0.774692,0.622241,0.587789,0.591149,0.658325,0.597677,0.598113,0.479900,0.463338,0.536473,0.527151,0.763356,0.755831,0.256233,0.191213,0.168927,0.304230,0.412630,0.705765,0.551717,0.457345,0.431758,0.375890,0.462267,1.537301,0.756589,0.559921,0.454853,0.419505,0.387412
batch 2130,0.814822,0.651511,0.616849,0.631199,0.689379,0.606906,0.587656,0.470396,0.468596,0.522825,0.523371,0.767710,0.776021,0.261594,0.189693,0.154126,0.290875,0.413294,0.754938,0.616151,0.521828,0.438010,0.381830,0.448115,1.540165,0.757589,0.542605,0.446592,0.403277,0.367553
batch 2131,0.875118,0.680182,0.640311,0.645050,0.754267,0.648384,0.601539,0.489490,0.480598,0.554123,0.541010,0.797018,0.796060,0.225710,0.171371,0.143606,0.296901,0.429020,0.743359,0.542151,0.492482,0.427962,0.384771,0.485445,1.485697,0.715428,0.532661,0.463199,0.384074,0.357758
batch 2132,0.765439,0.638078,0.614094,0.634553,0.719736,0.612524,0.572454,0.468698,0.476104,0.555481,0.551386,0.800687,0.739668,0.232000,0.162849,0.137590,0.297362,0.430035,0.758394,0.543148,0.451832,0.509744,0.414174,0.464589,1.667933,0.763088,0.541082,0.455338,0.398936,0.374866
batch 2133,0.806019,0.672896,0.632755,0.664805,0.724883,0.629328,0.563996,0.480362,0.478662,0.540420,0.521213,0.776489,0.790177,0.230598,0.180743,0.140616,0.280629,0.413233,0.789696,0.587618,0.519128,0.438265,0.402454,0.476124,1.665724,0.781711,0.531602,0.490254,0.404791,0.360873
batch 2134,0.792263,0.634659,0.604965,0.590999,0.655249,0.587423,0.567033,0.470118,0.451368,0.516690,0.514287,0.734315,0.743984,0.244074,0.168551,0.142391,0.270376,0.399918,0.716543,0.554895,0.465018,0.406042,0.387169,0.464687,1.579410,0.725810,0.550571,0.450229,0.431062,0.401729
batch 2135,0.753373,0.639994,0.606022,0.618444,0.697531,0.586278,0.533215,0.453682,0.450052,0.525712,0.512385,0.764143,0.689939,0.238910,0.167300,0.131454,0.271508,0.421818,0.739034,0.565415,0.479369,0.454096,0.440113,0.464070,1.485419,0.727834,0.544621,0.474499,0.411243,0.358335
batch 2136,0.805333,0.630252,0.608076,0.611242,0.692943,0.616023,0.613763,0.481943,0.482335,0.558516,0.531075,0.815585,0.776809,0.261416,0.175843,0.140542,0.287291,0.449894,0.712825,0.526555,0.465155,0.463612,0.477717,0.458576,1.539851,0.735517,0.553139,0.464400,0.416467,0.358618
batch 2137,0.754006,0.636623,0.625763,0.644735,0.663163,0.579686,0.565788,0.474140,0.470319,0.536299,0.530904,0.747809,0.725646,0.228779,0.170139,0.131389,0.264646,0.386757,0.798954,0.578301,0.518883,0.444361,0.414290,0.471866,1.627842,0.766859,0.550121,0.476725,0.407907,0.366319
batch 2138,0.774201,0.621974,0.579412,0.609635,0.730242,0.584535,0.570160,0.464918,0.465499,0.525480,0.506547,0.763240,0.697824,0.264940,0.170404,0.144058,0.270181,0.407165,0.674922,0.503279,0.494922,0.443605,0.420589,0.476342,1.439813,0.700837,0.527898,0.450060,0.406822,0.378735
batch 2139,0.722305,0.610658,0.587573,0.618355,0.700446,0.598701,0.556334,0.458676,0.464478,0.517548,0.505392,0.764335,0.672706,0.259214,0.165253,0.142718,0.274021,0.416189,0.712922,0.536293,0.486696,0.472275,0.423852,0.462867,1.519507,0.718268,0.541434,0.464393,0.423069,0.382958
batch 2140,0.827610,0.657337,0.550868,0.555936,0.610249,0.535635,0.619743,0.462698,0.460706,0.514435,0.502498,0.728537,0.781381,0.250436,0.177525,0.144195,0.251556,0.390111,0.795998,0.605522,0.552518,0.437301,0.408209,0.437004,1.565929,0.755582,0.516326,0.437183,0.387265,0.331193
batch 2141,0.855884,0.696093,0.647864,0.654267,0.753969,0.647528,0.568519,0.488765,0.487443,0.536798,0.524040,0.774117,0.794560,0.229996,0.162798,0.132651,0.297554,0.417341,0.750423,0.574314,0.486215,0.425250,0.433865,0.457794,1.569378,0.758713,0.537151,0.446317,0.387143,0.340195
batch 2142,0.730811,0.627834,0.607223,0.636825,0.680716,0.631488,0.521215,0.455318,0.474763,0.526041,0.519887,0.754563,0.682359,0.248851,0.166470,0.139679,0.281103,0.423845,0.702181,0.532818,0.469107,0.449216,0.392618,0.451526,1.473347,0.712503,0.515524,0.450338,0.402575,0.346785
batch 2143,0.728352,0.612788,0.584464,0.594787,0.682213,0.591504,0.534011,0.458441,0.471023,0.510329,0.496306,0.758271,0.648960,0.275558,0.178811,0.151650,0.279431,0.407475,0.668941,0.508379,0.454288,0.439517,0.421303,0.446061,1.421982,0.718332,0.542761,0.471546,0.438759,0.377382
batch 2144,0.804014,0.663496,0.618792,0.621172,0.671540,0.596842,0.589497,0.462986,0.452582,0.520305,0.528768,0.784151,0.775327,0.281535,0.175280,0.144617,0.301617,0.430302,0.713191,0.536445,0.449724,0.442089,0.409944,0.460027,1.555334,0.776478,0.579120,0.459697,0.424091,0.387274
batch 2145,0.802807,0.648349,0.622293,0.652973,0.744578,0.641342,0.586448,0.484497,0.478556,0.558461,0.549468,0.798179,0.770568,0.238236,0.172724,0.142477,0.298438,0.430352,0.729719,0.520085,0.439109,0.484231,0.416249,0.457243,1.523401,0.700485,0.537788,0.450244,0.409747,0.355783
batch 2146,0.855265,0.649133,0.586823,0.559868,0.618578,0.602937,0.600962,0.480696,0.464216,0.511380,0.512599,0.755236,0.796345,0.300271,0.210409,0.151553,0.261713,0.412276,0.811817,0.642767,0.521746,0.441521,0.418016,0.454731,1.616249,0.786891,0.538304,0.448080,0.399365,0.355086
batch 2147,0.804802,0.648073,0.616567,0.629454,0.680664,0.610273,0.556894,0.457340,0.466954,0.519908,0.523969,0.737739,0.712963,0.230758,0.167344,0.131019,0.282360,0.405589,0.752404,0.579432,0.497893,0.446148,0.434173,0.425417,1.502562,0.724928,0.517609,0.421104,0.393077,0.346025
batch 2148,0.895744,0.662961,0.643859,0.672073,0.741929,0.599784,0.638004,0.471943,0.464090,0.510014,0.494596,0.711331,0.841491,0.216590,0.168887,0.142054,0.267430,0.376672,0.797110,0.585969,0.502775,0.447254,0.436002,0.456236,1.579397,0.680725,0.481317,0.416462,0.373294,0.323065
batch 2149,0.761433,0.615486,0.615515,0.625861,0.706252,0.609264,0.551633,0.472012,0.471398,0.532048,0.514051,0.745187,0.730105,0.247234,0.177137,0.145983,0.276241,0.407350,0.686751,0.537111,0.457344,0.443646,0.403259,0.486053,1.510735,0.733720,0.545578,0.460470,0.430169,0.375201
batch 2150,0.773898,0.642454,0.622092,0.640429,0.702152,0.615805,0.576415,0.477358,0.472828,0.549360,0.534526,0.800196,0.742369,0.254789,0.171020,0.146920,0.286297,0.424109,0.710970,0.524132,0.458075,0.461293,0.417983,0.460852,1.556211,0.754202,0.544692,0.444127,0.410021,0.367214
batch 2151,0.832250,0.641675,0.624548,0.621687,0.735260,0.584571,0.570772,0.469285,0.463546,0.563109,0.540926,0.769221,0.804394,0.211191,0.159748,0.143903,0.297883,0.401367,0.709605,0.537126,0.498149,0.420351,0.436217,0.481403,1.484404,0.656592,0.474826,0.434689,0.376936,0.335903
batch 2152,0.703844,0.607916,0.589930,0.602646,0.680825,0.568351,0.530020,0.457528,0.453598,0.514823,0.511731,0.731162,0.640274,0.244539,0.161189,0.135762,0.261724,0.381902,0.715618,0.545801,0.512391,0.434041,0.391127,0.440853,1.521483,0.743544,0.562325,0.450440,0.406071,0.378149
batch 2153,0.797991,0.679219,0.621821,0.637769,0.717222,0.589792,0.586859,0.457053,0.457119,0.533294,0.516082,0.741890,0.728177,0.250960,0.169081,0.140310,0.276464,0.387124,0.748435,0.567255,0.508204,0.443824,0.400519,0.444438,1.586273,0.753695,0.564512,0.464208,0.425270,0.374724
batch 2154,0.757004,0.644489,0.610374,0.623170,0.660829,0.567607,0.566484,0.467351,0.465124,0.522145,0.525405,0.734858,0.712713,0.263417,0.170882,0.151730,0.258182,0.389243,0.738093,0.555285,0.491109,0.443196,0.367736,0.447007,1.497365,0.741945,0.555331,0.456626,0.387725,0.358838
batch 2155,0.702399,0.593951,0.591440,0.595873,0.670290,0.596728,0.534193,0.454623,0.451574,0.514272,0.503146,0.734327,0.679426,0.252313,0.171451,0.136860,0.259361,0.403389,0.706626,0.536109,0.469615,0.435697,0.388645,0.476562,1.430984,0.687590,0.513680,0.439118,0.418471,0.379358
batch 2156,0.737727,0.623459,0.598203,0.604981,0.670315,0.584494,0.595091,0.467975,0.468110,0.523680,0.512668,0.750290,0.717379,0.269760,0.170732,0.146629,0.273326,0.412956,0.639123,0.503516,0.440206,0.434676,0.418195,0.458290,1.338607,0.700004,0.526243,0.449156,0.423297,0.388330
batch 2157,0.710506,0.612707,0.580160,0.614824,0.699932,0.571331,0.548552,0.466177,0.479381,0.531238,0.504119,0.754185,0.696389,0.253266,0.175097,0.145307,0.273955,0.401749,0.715924,0.534528,0.474324,0.467144,0.404367,0.487630,1.547075,0.745444,0.558528,0.457593,0.436457,0.376553
batch 2158,0.827019,0.667439,0.630250,0.625052,0.713864,0.613603,0.563077,0.472984,0.468343,0.534577,0.529616,0.774725,0.771718,0.228284,0.164105,0.137062,0.296355,0.418213,0.759828,0.568020,0.481973,0.457653,0.418931,0.470011,1.478571,0.754648,0.555630,0.484862,0.388556,0.351605
batch 2159,0.761834,0.627315,0.626569,0.626007,0.698447,0.614570,0.554206,0.474906,0.478680,0.529080,0.525310,0.760297,0.720896,0.252760,0.178203,0.143940,0.277235,0.410769,0.755096,0.576167,0.487886,0.448019,0.403538,0.448067,1.505852,0.758390,0.549446,0.455103,0.396936,0.367618
batch 2160,0.800224,0.659631,0.615634,0.630139,0.746841,0.619680,0.563347,0.473150,0.487003,0.535772,0.510770,0.757346,0.772700,0.230232,0.154019,0.131782,0.291290,0.418894,0.738930,0.522115,0.477061,0.436529,0.412233,0.444022,1.498549,0.669099,0.514382,0.451959,0.400926,0.353086
batch 2161,0.724434,0.640740,0.593422,0.608666,0.656091,0.593683,0.539589,0.461877,0.465718,0.521544,0.532680,0.752909,0.664348,0.236051,0.179411,0.139014,0.274211,0.410879,0.688786,0.498004,0.486771,0.432401,0.419929,0.486298,1.441001,0.705300,0.514834,0.456123,0.412540,0.374078
batch 2162,0.880227,0.684639,0.636550,0.637746,0.686413,0.610983,0.645171,0.472367,0.490764,0.539955,0.536938,0.732108,0.872565,0.227534,0.150372,0.128171,0.273067,0.391201,0.815564,0.573618,0.517394,0.454830,0.427576,0.485281,1.488670,0.660970,0.530144,0.458710,0.372635,0.336786
batch 2163,0.779063,0.635165,0.613257,0.609430,0.691719,0.587255,0.580087,0.463654,0.456349,0.520480,0.512773,0.767777,0.701358,0.241893,0.180654,0.130451,0.266282,0.417920,0.708742,0.527677,0.491939,0.456630,0.393840,0.451807,1.473909,0.728064,0.553014,0.454730,0.427539,0.381462
batch 2164,0.784029,0.613594,0.573609,0.596425,0.658801,0.558392,0.590430,0.463427,0.475739,0.527382,0.520707,0.728995,0.810691,0.257274,0.184965,0.141770,0.257453,0.394133,0.728036,0.576323,0.503420,0.410496,0.402072,0.451493,1.494844,0.726562,0.516026,0.439316,0.401449,0.361601
batch 2165,0.734973,0.609786,0.574916,0.591343,0.693639,0.587053,0.586659,0.482954,0.477501,0.535370,0.531160,0.741824,0.719763,0.245227,0.174036,0.138753,0.264194,0.399046,0.726849,0.536647,0.472594,0.436952,0.386954,0.466630,1.507135,0.695365,0.533771,0.456403,0.411066,0.379171
batch 2166,0.735988,0.611933,0.593949,0.581112,0.643147,0.559130,0.539339,0.455400,0.467499,0.517300,0.500537,0.738701,0.699373,0.244512,0.162958,0.143473,0.268283,0.402741,0.752447,0.570782,0.503408,0.439918,0.396893,0.476749,1.478423,0.740780,0.545376,0.450182,0.414145,0.347723
batch 2167,0.837692,0.652259,0.613562,0.675935,0.729560,0.597870,0.596554,0.495765,0.477413,0.525538,0.515690,0.709645,0.823397,0.235584,0.178354,0.139329,0.268503,0.380610,0.778284,0.597597,0.500669,0.426915,0.389316,0.457401,1.559913,0.716961,0.500724,0.461993,0.375238,0.358844
batch 2168,0.859043,0.662434,0.588134,0.591120,0.664605,0.599099,0.571107,0.458380,0.458906,0.527515,0.491442,0.730478,0.830811,0.247176,0.158878,0.121477,0.255781,0.412416,0.733001,0.564901,0.491787,0.468432,0.394349,0.419180,1.527862,0.677724,0.517220,0.421318,0.365974,0.337309
batch 2169,0.816665,0.652071,0.643759,0.637944,0.739431,0.597148,0.587342,0.478155,0.486348,0.546103,0.535184,0.773391,0.764798,0.248224,0.167784,0.136298,0.288450,0.419918,0.743106,0.560818,0.500952,0.461600,0.390422,0.448773,1.496191,0.749833,0.561174,0.464294,0.405270,0.369446
batch 2170,0.845341,0.699241,0.643597,0.662032,0.712654,0.599859,0.599248,0.482902,0.487506,0.524633,0.526855,0.764596,0.825601,0.241234,0.177002,0.135436,0.282858,0.411981,0.758088,0.599555,0.527979,0.475384,0.377446,0.457090,1.626409,0.778666,0.570584,0.486065,0.396657,0.359735
batch 2171,0.790611,0.623406,0.594456,0.583891,0.669660,0.551499,0.525623,0.457833,0.449749,0.502901,0.488142,0.737749,0.770299,0.214734,0.170475,0.170016,0.263520,0.377002,0.781542,0.614187,0.545554,0.430945,0.435586,0.436958,1.602997,0.764382,0.542120,0.447815,0.393850,0.330932
batch 2172,0.754306,0.638975,0.608038,0.618016,0.685940,0.595714,0.548784,0.464926,0.459189,0.525145,0.522054,0.758658,0.704019,0.276794,0.189290,0.147153,0.270688,0.418867,0.677065,0.517886,0.447008,0.422653,0.398523,0.447215,1.401893,0.721045,0.507711,0.431836,0.412807,0.379063
batch 2173,0.765253,0.637831,0.604969,0.617946,0.683949,0.602013,0.555749,0.463504,0.450072,0.515419,0.509904,0.758497,0.737869,0.263836,0.172020,0.142594,0.264795,0.419677,0.730070,0.543110,0.465645,0.433559,0.401277,0.456790,1.488164,0.704366,0.526062,0.454767,0.422176,0.391158
batch 2174,0.867725,0.643072,0.627169,0.596987,0.677070,0.624251,0.582960,0.458584,0.454865,0.521130,0.525740,0.777566,0.808125,0.208511,0.174568,0.129072,0.277639,0.422725,0.806124,0.608863,0.535894,0.426843,0.422834,0.432177,1.558315,0.744102,0.503363,0.435648,0.368115,0.309311
batch 2175,0.732103,0.626412,0.596402,0.605661,0.689029,0.583241,0.557383,0.468079,0.456158,0.523672,0.525714,0.753938,0.717630,0.259160,0.168493,0.135018,0.304992,0.407304,0.732452,0.553510,0.458970,0.445000,0.403654,0.454570,1.486909,0.743883,0.544024,0.468558,0.409074,0.353994
batch 2176,0.810098,0.660119,0.602897,0.608978,0.690631,0.595417,0.575416,0.460075,0.476785,0.524418,0.530804,0.689172,0.804340,0.247127,0.179778,0.160903,0.269682,0.357990,0.838148,0.639654,0.556681,0.450897,0.390712,0.454607,1.634853,0.777065,0.533646,0.422486,0.369724,0.342091
batch 2177,0.861980,0.662484,0.642874,0.618274,0.709255,0.622742,0.617541,0.478001,0.488780,0.549566,0.553907,0.719045,0.889253,0.210603,0.150833,0.115643,0.272699,0.387445,0.780892,0.606902,0.504774,0.445463,0.406076,0.480377,1.615400,0.747951,0.527656,0.435905,0.384019,0.345357
batch 2178,0.760019,0.610334,0.597675,0.590461,0.660087,0.571497,0.580507,0.466798,0.475222,0.523583,0.516689,0.761870,0.704243,0.246337,0.169933,0.131183,0.273843,0.407715,0.731590,0.557036,0.463049,0.430745,0.407390,0.472764,1.493401,0.720850,0.543023,0.446261,0.403990,0.366424
batch 2179,0.769036,0.653853,0.624965,0.647099,0.685606,0.602287,0.549941,0.468853,0.464926,0.528905,0.511127,0.765206,0.732486,0.270684,0.164406,0.135941,0.271940,0.418780,0.704881,0.523623,0.474578,0.435638,0.364456,0.483934,1.525943,0.733636,0.537631,0.492931,0.421538,0.396315
batch 2180,0.785540,0.622202,0.616370,0.612569,0.677645,0.621023,0.549223,0.459330,0.459834,0.520586,0.528402,0.760805,0.698933,0.235344,0.174528,0.143250,0.277527,0.411067,0.778329,0.575187,0.499148,0.425508,0.388262,0.450927,1.490233,0.748609,0.533537,0.451809,0.388619,0.357908
batch 2181,0.785739,0.643505,0.626223,0.638699,0.712559,0.596893,0.560678,0.468449,0.464822,0.522420,0.512936,0.735315,0.729746,0.258961,0.171962,0.139397,0.262912,0.396691,0.752948,0.580835,0.500226,0.459808,0.373562,0.457865,1.519316,0.704868,0.530397,0.446120,0.399869,0.349497
batch 2182,0.801824,0.666396,0.612838,0.629514,0.667106,0.612393,0.579902,0.469678,0.469526,0.533146,0.527901,0.767432,0.726557,0.251159,0.167018,0.139212,0.271527,0.416584,0.768697,0.582697,0.495022,0.448841,0.403753,0.449843,1.535689,0.750751,0.557013,0.473986,0.401503,0.365054
batch 2183,0.740295,0.602880,0.579513,0.603713,0.714721,0.591293,0.535406,0.461435,0.467689,0.514450,0.501726,0.786491,0.662804,0.255018,0.163831,0.144940,0.271925,0.431244,0.682646,0.526730,0.461213,0.453525,0.398577,0.463912,1.527848,0.713638,0.547497,0.451142,0.415397,0.388514
batch 2184,0.753175,0.655359,0.631887,0.652923,0.711470,0.592104,0.532113,0.464188,0.464769,0.518775,0.504918,0.748640,0.662316,0.251356,0.182974,0.146774,0.302674,0.401066,0.727702,0.529576,0.467687,0.433070,0.410078,0.460782,1.529101,0.760882,0.555281,0.482429,0.438222,0.371202
batch 2185,0.933279,0.687081,0.639485,0.609433,0.647393,0.602083,0.654681,0.506333,0.513130,0.542473,0.542122,0.779840,0.880073,0.217167,0.151089,0.137170,0.271257,0.415712,0.812561,0.642168,0.560814,0.476657,0.416033,0.427171,1.487723,0.717930,0.525361,0.390167,0.348656,0.301187
batch 2186,0.757226,0.656899,0.614012,0.635778,0.690516,0.593831,0.568336,0.467213,0.465161,0.529367,0.528329,0.753559,0.704452,0.261358,0.164369,0.129601,0.274042,0.404506,0.731750,0.545552,0.497981,0.463438,0.406195,0.449943,1.501087,0.739476,0.548461,0.441656,0.447530,0.387729
batch 2187,0.765192,0.629216,0.606737,0.621106,0.672501,0.584434,0.588361,0.477448,0.461765,0.520791,0.533619,0.749000,0.730919,0.245560,0.173259,0.137153,0.269686,0.404044,0.719436,0.526868,0.472033,0.455725,0.433760,0.476463,1.556204,0.742319,0.540745,0.458850,0.419792,0.375559
batch 2188,0.801582,0.665788,0.616185,0.616124,0.702095,0.603401,0.557255,0.479267,0.478623,0.536728,0.521286,0.746267,0.753775,0.252912,0.179989,0.143850,0.277703,0.405201,0.712425,0.544422,0.482010,0.455090,0.399391,0.442685,1.533269,0.743418,0.555829,0.474809,0.432010,0.373023
batch 2189,0.770135,0.635642,0.597367,0.628559,0.724560,0.617396,0.586279,0.485135,0.475538,0.531408,0.516896,0.719785,0.825254,0.244406,0.154639,0.142710,0.274596,0.383798,0.805992,0.570322,0.518191,0.433750,0.404047,0.516251,1.589462,0.680486,0.526168,0.449862,0.396065,0.366260
batch 2190,0.784569,0.612459,0.596029,0.583504,0.664411,0.593545,0.574774,0.458595,0.453491,0.519575,0.518739,0.727249,0.744998,0.266787,0.171849,0.135377,0.301699,0.394395,0.715316,0.545931,0.497354,0.424501,0.384041,0.469555,1.542334,0.731316,0.540904,0.446830,0.415247,0.370655
batch 2191,0.729759,0.627983,0.587723,0.604001,0.669841,0.647565,0.602141,0.478045,0.491546,0.545513,0.531474,0.807170,0.705693,0.275546,0.180508,0.143905,0.293893,0.459077,0.750712,0.538409,0.461561,0.479760,0.425531,0.442945,1.478890,0.738986,0.546329,0.448989,0.400221,0.368715
batch 2192,0.761593,0.608925,0.587287,0.590374,0.669114,0.593406,0.583114,0.474188,0.479303,0.535218,0.509903,0.772155,0.757812,0.266370,0.180677,0.150588,0.269875,0.434065,0.665809,0.510843,0.444994,0.447036,0.405187,0.461821,1.444563,0.700546,0.557371,0.452626,0.413481,0.371500
batch 2193,0.886851,0.695811,0.627525,0.653392,0.703066,0.644031,0.623565,0.463501,0.473836,0.537203,0.529385,0.758201,0.861167,0.215127,0.153554,0.133752,0.283729,0.419817,0.773700,0.573990,0.541810,0.454059,0.392392,0.489171,1.461291,0.689545,0.531398,0.414575,0.384455,0.341244
batch 2194,0.791649,0.651881,0.599499,0.627251,0.697985,0.607410,0.551287,0.472419,0.468413,0.544672,0.518797,0.735652,0.790642,0.247008,0.163685,0.133961,0.291785,0.399441,0.734817,0.559683,0.479761,0.410060,0.380759,0.461758,1.573677,0.744154,0.535353,0.479637,0.395370,0.363262
batch 2195,0.749954,0.637892,0.608450,0.628488,0.688651,0.598035,0.533692,0.463704,0.461808,0.510170,0.510622,0.768413,0.667253,0.254912,0.184653,0.149052,0.268859,0.410629,0.710452,0.558207,0.477863,0.437533,0.396736,0.453128,1.516363,0.759282,0.558517,0.479648,0.422849,0.374011
batch 2196,0.898788,0.673757,0.637772,0.634538,0.709158,0.602264,0.638164,0.471262,0.483024,0.554231,0.544032,0.749502,0.843788,0.223013,0.152827,0.130602,0.277527,0.409903,0.795223,0.604279,0.573273,0.442698,0.430368,0.435223,1.561261,0.723596,0.547369,0.411407,0.360911,0.323200
batch 2197,0.693653,0.587968,0.570147,0.597630,0.691913,0.573956,0.539223,0.470729,0.466086,0.523252,0.503050,0.757270,0.660633,0.265112,0.171886,0.137000,0.271318,0.397307,0.733002,0.548914,0.458291,0.434430,0.386921,0.472559,1.491984,0.748039,0.525055,0.469570,0.419144,0.379487
batch 2198,0.717065,0.615627,0.585919,0.608394,0.641281,0.561881,0.555672,0.454060,0.448492,0.514035,0.526279,0.721934,0.771538,0.254183,0.175107,0.135862,0.250886,0.383897,0.732783,0.575951,0.529432,0.442774,0.379030,0.483502,1.582962,0.722792,0.547601,0.453077,0.425737,0.381075
batch 2199,0.724902,0.631370,0.588664,0.608807,0.692397,0.587477,0.528652,0.446277,0.450225,0.519123,0.517105,0.738060,0.643722,0.227109,0.167243,0.140443,0.273262,0.401989,0.725248,0.552759,0.493220,0.418617,0.373027,0.451118,1.560692,0.773641,0.547378,0.459526,0.417276,0.383692
batch 2200,0.803605,0.636417,0.617870,0.612576,0.698959,0.559308,0.578231,0.462027,0.458510,0.534224,0.537795,0.717814,0.730728,0.250660,0.161042,0.135179,0.289091,0.365306,0.724015,0.535331,0.487870,0.423879,0.382978,0.479331,1.501942,0.709924,0.542320,0.448436,0.414250,0.380100
batch 2201,0.689423,0.578047,0.582596,0.587145,0.662545,0.583252,0.508860,0.445325,0.447405,0.504074,0.493479,0.729118,0.626772,0.246077,0.168690,0.146578,0.256257,0.401792,0.672413,0.516964,0.468704,0.433886,0.389791,0.465910,1.364219,0.683244,0.500303,0.430218,0.421415,0.367445
batch 2202,0.747530,0.637335,0.621382,0.628501,0.683588,0.587442,0.527969,0.457090,0.458894,0.523004,0.506006,0.745992,0.644243,0.248194,0.174217,0.143669,0.272280,0.413332,0.720073,0.526469,0.478194,0.444655,0.390537,0.465100,1.414795,0.705024,0.533880,0.455768,0.415104,0.373755
batch 2203,0.853133,0.652046,0.617301,0.614854,0.650270,0.561321,0.621468,0.494821,0.472741,0.539084,0.546852,0.711777,0.864437,0.247620,0.173022,0.136918,0.267339,0.375391,0.751534,0.595524,0.508039,0.470594,0.409541,0.468351,1.409135,0.705851,0.492324,0.412315,0.354695,0.320770
batch 2204,0.767838,0.646886,0.628184,0.639170,0.755764,0.605202,0.554032,0.475543,0.485577,0.546490,0.531680,0.736811,0.775536,0.218369,0.162544,0.147290,0.286176,0.401880,0.716602,0.577400,0.520235,0.447393,0.380168,0.523841,1.533440,0.735420,0.501253,0.467341,0.423761,0.369463
batch 2205,0.794068,0.664052,0.616002,0.611351,0.688773,0.580987,0.547649,0.464321,0.467837,0.523426,0.528474,0.732768,0.737906,0.248618,0.158965,0.137413,0.280928,0.384627,0.725329,0.570026,0.490873,0.456393,0.416855,0.444563,1.470340,0.734910,0.555111,0.459908,0.383516,0.338266
batch 2206,0.728409,0.610982,0.604412,0.617779,0.711375,0.603224,0.525797,0.460683,0.466280,0.524272,0.514825,0.779248,0.676927,0.238142,0.158788,0.133822,0.280876,0.415445,0.730705,0.540930,0.465708,0.437924,0.410609,0.455459,1.473213,0.739533,0.538819,0.467674,0.424720,0.377452
batch 2207,0.755777,0.645595,0.608111,0.610373,0.680348,0.572855,0.572888,0.462913,0.456651,0.520520,0.525502,0.738754,0.726351,0.251091,0.187517,0.149964,0.276229,0.398724,0.730042,0.546054,0.477661,0.444452,0.383129,0.478742,1.512426,0.748353,0.560637,0.456716,0.423194,0.404599
batch 2208,0.795565,0.669539,0.623148,0.637097,0.694679,0.600906,0.569892,0.474015,0.472234,0.525904,0.526856,0.774163,0.697460,0.258555,0.191463,0.153000,0.278901,0.416688,0.767894,0.577720,0.485598,0.452722,0.405485,0.447168,1.570042,0.757050,0.553720,0.466824,0.414466,0.367756
batch 2209,0.705870,0.613490,0.587025,0.616401,0.659598,0.553334,0.531751,0.452619,0.453476,0.515813,0.504818,0.719078,0.676532,0.253936,0.170421,0.137037,0.252992,0.383115,0.685047,0.536661,0.469256,0.433789,0.394300,0.458875,1.460022,0.729180,0.526362,0.444246,0.419622,0.379200
batch 2210,0.796375,0.619388,0.599293,0.614828,0.668014,0.566670,0.579003,0.461827,0.462101,0.529135,0.525363,0.714667,0.754960,0.266043,0.173085,0.151930,0.258597,0.376035,0.714055,0.563120,0.481758,0.424449,0.387412,0.468408,1.475692,0.729961,0.515995,0.450488,0.408707,0.384052
batch 2211,0.745757,0.636025,0.611202,0.623637,0.717730,0.593209,0.530640,0.453778,0.456504,0.524132,0.509737,0.736504,0.687346,0.259902,0.174744,0.141318,0.297871,0.394411,0.678343,0.532128,0.442707,0.438753,0.387197,0.463755,1.402103,0.729129,0.544461,0.448046,0.425703,0.380219
batch 2212,0.929217,0.710955,0.654886,0.637054,0.700457,0.641664,0.594939,0.474351,0.471650,0.538418,0.537700,0.764788,0.908037,0.226373,0.158596,0.125043,0.288430,0.424192,0.781713,0.594279,0.518644,0.465138,0.402683,0.438560,1.551234,0.729710,0.508149,0.434425,0.384632,0.331741
batch 2213,0.739619,0.603792,0.575299,0.579803,0.630922,0.560402,0.546597,0.454095,0.462985,0.528447,0.525787,0.725198,0.744197,0.248743,0.168271,0.139778,0.265521,0.380898,0.781081,0.588747,0.522383,0.471602,0.433776,0.474737,1.505003,0.748686,0.540204,0.475578,0.363799,0.313457
batch 2214,0.705359,0.630622,0.589398,0.606136,0.684250,0.562089,0.524071,0.449322,0.457747,0.515178,0.507807,0.737005,0.635190,0.248564,0.167736,0.147059,0.265184,0.391868,0.721747,0.539716,0.477236,0.456847,0.437117,0.478404,1.484022,0.760135,0.564602,0.454529,0.427673,0.377436
batch 2215,0.769325,0.650672,0.605857,0.648655,0.719198,0.603170,0.556135,0.476303,0.471194,0.533220,0.504192,0.712001,0.722352,0.274329,0.177578,0.155696,0.269705,0.387935,0.697772,0.533580,0.454844,0.440527,0.383392,0.460288,1.422670,0.725130,0.552843,0.475688,0.431036,0.372204
batch 2216,0.706630,0.616627,0.578729,0.593002,0.634217,0.531119,0.558816,0.449458,0.442384,0.510049,0.512935,0.718411,0.667203,0.251260,0.169551,0.134864,0.250806,0.377185,0.692523,0.518470,0.466333,0.456730,0.404959,0.459753,1.444874,0.710348,0.564666,0.454071,0.419486,0.380199
batch 2217,0.811310,0.677749,0.649825,0.648269,0.722055,0.637002,0.571847,0.476087,0.471314,0.522672,0.511753,0.761038,0.783484,0.244432,0.168266,0.139756,0.276594,0.418479,0.728581,0.550423,0.515180,0.460688,0.385605,0.496556,1.584840,0.736929,0.546150,0.474343,0.424894,0.382938
batch 2218,0.769967,0.626517,0.613316,0.607190,0.677724,0.588681,0.591593,0.489098,0.493436,0.538693,0.522743,0.746428,0.737453,0.248019,0.176889,0.139983,0.287353,0.395133,0.751081,0.552072,0.474192,0.442007,0.396358,0.453890,1.565247,0.764552,0.550714,0.452028,0.424091,0.383521
batch 2219,0.732096,0.617676,0.582148,0.606945,0.696857,0.578566,0.565177,0.466021,0.464421,0.523993,0.522926,0.734687,0.684191,0.262043,0.182160,0.135940,0.266513,0.393394,0.691238,0.521046,0.469949,0.454731,0.417712,0.470571,1.524225,0.752016,0.552789,0.469443,0.423653,0.387197
batch 2220,0.766399,0.635615,0.601243,0.636178,0.708565,0.610659,0.552799,0.456203,0.474871,0.522651,0.517379,0.743071,0.717962,0.262349,0.173698,0.154432,0.288952,0.408074,0.731725,0.559215,0.495837,0.449866,0.366775,0.496074,1.542601,0.743335,0.536346,0.467846,0.404678,0.382957
batch 2221,0.816570,0.668642,0.615935,0.613130,0.664589,0.562898,0.565864,0.455274,0.445097,0.506606,0.515779,0.709176,0.733670,0.246548,0.165249,0.134142,0.266425,0.380256,0.743301,0.573490,0.497193,0.401313,0.380388,0.448576,1.483554,0.721299,0.547832,0.434039,0.429397,0.381718
batch 2222,0.756417,0.629871,0.600821,0.626433,0.690355,0.586290,0.547020,0.459517,0.451022,0.503211,0.488962,0.750415,0.687857,0.251613,0.173627,0.146188,0.265501,0.407706,0.706210,0.525986,0.447538,0.438984,0.395416,0.472224,1.503871,0.732628,0.553885,0.469515,0.446243,0.393420
batch 2223,0.824229,0.624088,0.634490,0.636056,0.735148,0.599507,0.590965,0.462275,0.477415,0.530267,0.513622,0.724790,0.773949,0.231385,0.165299,0.132423,0.297473,0.392031,0.753469,0.574842,0.490539,0.429963,0.387520,0.453877,1.479505,0.721933,0.530679,0.435805,0.377892,0.357499
batch 2224,0.853630,0.653541,0.621819,0.619258,0.710857,0.589565,0.572448,0.459830,0.462957,0.534190,0.542996,0.752220,0.776987,0.243911,0.155102,0.148434,0.281568,0.417586,0.778629,0.609264,0.522954,0.417624,0.355722,0.473158,1.562145,0.731867,0.527386,0.412880,0.386535,0.356974
batch 2225,0.741621,0.601652,0.591738,0.598864,0.683076,0.576045,0.585711,0.489246,0.489808,0.532072,0.515337,0.761471,0.722079,0.253030,0.167527,0.139927,0.276338,0.413385,0.684693,0.508342,0.438408,0.427831,0.387411,0.500893,1.484226,0.729576,0.553245,0.484082,0.411938,0.392015
batch 2226,0.825281,0.666944,0.633262,0.632079,0.695333,0.633296,0.591876,0.470980,0.475238,0.529402,0.526486,0.791069,0.780969,0.245682,0.166730,0.136408,0.287369,0.439881,0.764146,0.573008,0.505741,0.435600,0.382737,0.473184,1.520834,0.748528,0.539342,0.451590,0.409394,0.356592
batch 2227,0.823564,0.628440,0.627196,0.628360,0.686330,0.652959,0.572143,0.456283,0.456093,0.516961,0.505128,0.726860,0.849036,0.231331,0.172215,0.133424,0.271086,0.414597,0.802010,0.599210,0.539247,0.451618,0.430521,0.465460,1.586149,0.721829,0.513730,0.454368,0.389816,0.330616
batch 2228,0.811894,0.634615,0.643974,0.645594,0.762380,0.604966,0.580146,0.472658,0.474071,0.525738,0.540316,0.751377,0.753878,0.234098,0.168180,0.134013,0.285950,0.405171,0.741326,0.534034,0.463374,0.456311,0.454115,0.494289,1.516749,0.671892,0.538793,0.462448,0.409349,0.360776
batch 2229,0.822113,0.635099,0.586834,0.613785,0.658416,0.584264,0.649400,0.508137,0.489678,0.540243,0.529134,0.701283,0.841003,0.261572,0.181570,0.139405,0.254718,0.369707,0.802782,0.534792,0.510238,0.418442,0.436685,0.479060,1.658523,0.688667,0.554576,0.440392,0.379828,0.348693
batch 2230,0.778302,0.654884,0.646299,0.651262,0.697170,0.624215,0.554149,0.482014,0.479097,0.543160,0.529615,0.779242,0.750173,0.233469,0.162007,0.131278,0.280207,0.431880,0.756930,0.529968,0.498422,0.458829,0.399511,0.482530,1.573958,0.692605,0.527471,0.480901,0.398705,0.372760
batch 2231,0.775589,0.614114,0.593423,0.601320,0.657699,0.556914,0.556058,0.461507,0.467752,0.515397,0.515874,0.717034,0.726068,0.251229,0.189743,0.154124,0.274465,0.376079,0.717653,0.588679,0.494235,0.418574,0.362141,0.457995,1.473981,0.716473,0.543545,0.456788,0.383781,0.360002
batch 2232,0.660731,0.566166,0.554974,0.578540,0.699597,0.595838,0.519106,0.450144,0.458933,0.519442,0.506827,0.770340,0.664520,0.258122,0.168624,0.145554,0.271478,0.424901,0.725021,0.552502,0.492367,0.447854,0.407373,0.482227,1.541249,0.729779,0.541255,0.456699,0.432531,0.375383
batch 2233,0.844802,0.697902,0.624556,0.629556,0.692502,0.605667,0.594756,0.478326,0.467210,0.531434,0.511295,0.753295,0.881446,0.230628,0.164449,0.133706,0.272621,0.420653,0.793729,0.621373,0.529243,0.415320,0.405261,0.457178,1.642686,0.689687,0.496804,0.408476,0.373105,0.340921
batch 2234,0.743819,0.619163,0.579636,0.591090,0.659423,0.575005,0.585794,0.487723,0.463300,0.516476,0.505249,0.746806,0.740839,0.296936,0.184417,0.155803,0.256823,0.409997,0.714024,0.551363,0.480285,0.434130,0.407507,0.447609,1.515178,0.703161,0.536924,0.462865,0.416567,0.392290
batch 2235,0.881069,0.682293,0.631882,0.628485,0.714052,0.612837,0.630189,0.481945,0.475435,0.558800,0.543952,0.754564,0.879406,0.236969,0.178911,0.138913,0.283393,0.420444,0.787312,0.613841,0.509577,0.434449,0.397833,0.463823,1.597769,0.651579,0.475049,0.407027,0.401287,0.350329
batch 2236,0.722925,0.608724,0.578933,0.612382,0.682815,0.614069,0.562818,0.469334,0.468348,0.537156,0.516986,0.775500,0.703667,0.279030,0.180246,0.147511,0.277202,0.443257,0.714207,0.543097,0.460114,0.447432,0.406950,0.469938,1.492092,0.748061,0.554209,0.451635,0.409522,0.377331
batch 2237,0.752911,0.631996,0.598554,0.619483,0.693258,0.600797,0.552224,0.459053,0.470627,0.524250,0.509134,0.751038,0.671452,0.262217,0.175637,0.143031,0.278588,0.410588,0.707185,0.522170,0.452372,0.438856,0.378513,0.473703,1.431961,0.727076,0.557452,0.467718,0.431671,0.389947
batch 2238,0.736988,0.616557,0.623226,0.620084,0.685087,0.619919,0.560028,0.474566,0.473118,0.530955,0.520183,0.766160,0.701088,0.262113,0.187257,0.150933,0.273175,0.419944,0.711932,0.507300,0.448158,0.422542,0.406579,0.475776,1.411568,0.690565,0.528604,0.440553,0.432388,0.388468
batch 2239,0.862830,0.653790,0.596587,0.649957,0.734301,0.615725,0.574936,0.452174,0.468658,0.518534,0.511067,0.699881,0.764846,0.226798,0.162827,0.133465,0.278738,0.379450,0.721634,0.590301,0.517353,0.454823,0.410917,0.431946,1.410235,0.701592,0.529084,0.430189,0.373634,0.323872
batch 2240,0.914588,0.681632,0.642271,0.624711,0.725282,0.658802,0.624582,0.483912,0.484843,0.546393,0.539156,0.785292,0.909651,0.217873,0.155196,0.129905,0.293073,0.432678,0.857126,0.603746,0.543036,0.457865,0.491241,0.419961,1.666946,0.756026,0.512805,0.397744,0.350789,0.289001
batch 2241,0.789645,0.646825,0.601974,0.574303,0.670192,0.610665,0.579204,0.463046,0.458904,0.511638,0.516945,0.770881,0.732877,0.244476,0.165281,0.135601,0.273594,0.420132,0.747240,0.573654,0.500154,0.434490,0.399975,0.438604,1.507453,0.725460,0.550644,0.457543,0.420390,0.363325
batch 2242,0.762477,0.619600,0.584650,0.597610,0.651373,0.561446,0.564292,0.473048,0.472520,0.530610,0.527079,0.718305,0.698040,0.246611,0.182504,0.144337,0.264120,0.372329,0.724110,0.522244,0.479862,0.429379,0.426605,0.460716,1.489776,0.726265,0.556276,0.463798,0.430372,0.369405
batch 2243,0.807050,0.675965,0.630636,0.638387,0.708117,0.628329,0.544244,0.482296,0.477668,0.537474,0.531481,0.729843,0.783824,0.248081,0.153872,0.130997,0.288122,0.399312,0.785766,0.594991,0.529823,0.438419,0.399308,0.452380,1.562605,0.736133,0.530399,0.427039,0.410830,0.347152
batch 2244,0.874160,0.709147,0.643578,0.676643,0.736052,0.631508,0.583783,0.473867,0.473857,0.543388,0.528273,0.783339,0.845071,0.229424,0.164855,0.127630,0.301546,0.428365,0.809997,0.621574,0.568752,0.449105,0.396937,0.401829,1.597871,0.774670,0.565040,0.418861,0.391017,0.357607
batch 2245,0.809083,0.649652,0.620954,0.620326,0.703033,0.608593,0.554951,0.465637,0.466912,0.526106,0.524143,0.733661,0.718345,0.246055,0.164917,0.131423,0.273077,0.400208,0.704136,0.550517,0.481997,0.414167,0.409212,0.464381,1.441717,0.688061,0.531398,0.451031,0.406611,0.361159
batch 2246,0.851343,0.649620,0.642531,0.643263,0.734191,0.646035,0.606111,0.487123,0.489506,0.539932,0.509095,0.703520,0.813804,0.236903,0.167792,0.137259,0.282093,0.371053,0.709474,0.551728,0.501874,0.437056,0.400374,0.526650,1.510121,0.693574,0.520560,0.440731,0.401446,0.371251
batch 2247,0.806717,0.668729,0.608757,0.624478,0.689985,0.617445,0.570772,0.469082,0.464020,0.528086,0.516369,0.739364,0.768066,0.272760,0.185719,0.145107,0.283296,0.406901,0.759641,0.570475,0.472695,0.452517,0.414439,0.441692,1.538268,0.752995,0.535854,0.463896,0.402907,0.360236
batch 2248,0.710651,0.596478,0.577212,0.593036,0.667546,0.575341,0.547863,0.455010,0.447858,0.527173,0.523212,0.738741,0.679345,0.256520,0.160570,0.137659,0.264393,0.395852,0.686473,0.540509,0.453490,0.445975,0.437992,0.471884,1.600859,0.754487,0.555284,0.475570,0.437358,0.401707
batch 2249,0.743959,0.608238,0.583444,0.603798,0.677306,0.589093,0.531189,0.448651,0.454538,0.509028,0.517253,0.732722,0.660499,0.223009,0.162637,0.139519,0.294537,0.384167,0.729319,0.545577,0.488212,0.448709,0.432991,0.449079,1.456421,0.716597,0.544230,0.451594,0.406218,0.346447
batch 2250,0.726920,0.649185,0.610400,0.627658,0.725482,0.611406,0.536529,0.463183,0.463224,0.530307,0.518643,0.742919,0.694279,0.243827,0.165275,0.148933,0.279865,0.400509,0.730359,0.537918,0.480756,0.459158,0.406844,0.457258,1.555315,0.732777,0.542976,0.463851,0.420629,0.388598
batch 2251,0.798533,0.646535,0.639349,0.610784,0.681742,0.590602,0.592986,0.489957,0.463970,0.533213,0.517855,0.735834,0.762954,0.252862,0.172780,0.145648,0.259765,0.389324,0.753352,0.582795,0.492153,0.444720,0.383386,0.473099,1.512205,0.755988,0.532938,0.462344,0.400834,0.359767
batch 2252,0.755797,0.605217,0.611125,0.598996,0.724628,0.597036,0.554513,0.471610,0.458377,0.528612,0.515357,0.759379,0.703453,0.243869,0.170377,0.133401,0.284696,0.419521,0.646475,0.495111,0.449570,0.445429,0.395175,0.481810,1.362294,0.667590,0.527498,0.465627,0.407836,0.378847
batch 2253,0.744757,0.612052,0.578332,0.595691,0.683469,0.578944,0.566704,0.460322,0.454963,0.511556,0.520001,0.724702,0.720699,0.292229,0.178691,0.139036,0.265501,0.386203,0.681704,0.516117,0.438994,0.457068,0.388716,0.471373,1.480151,0.725945,0.564109,0.474916,0.429638,0.390933
batch 2254,0.825122,0.663283,0.638192,0.669764,0.755509,0.620083,0.557607,0.481032,0.483385,0.538828,0.524171,0.776643,0.757756,0.240961,0.185017,0.144039,0.287648,0.429349,0.726433,0.559604,0.471633,0.445664,0.400281,0.452673,1.437156,0.743762,0.520680,0.455610,0.410634,0.374068
batch 2255,0.802554,0.643528,0.610930,0.610106,0.655197,0.567310,0.599719,0.490693,0.474404,0.533546,0.523325,0.731592,0.783388,0.259141,0.170282,0.131162,0.265517,0.392752,0.715506,0.536093,0.471564,0.419407,0.374063,0.475439,1.477131,0.709401,0.549316,0.464661,0.429217,0.385045
batch 2256,0.841263,0.661744,0.637906,0.626615,0.741442,0.623998,0.627387,0.470077,0.465398,0.541822,0.522322,0.733704,0.886664,0.247932,0.167821,0.136378,0.282317,0.399323,0.779585,0.586731,0.556730,0.463986,0.387371,0.452273,1.591608,0.717955,0.518513,0.434140,0.366551,0.342239
batch 2257,0.794649,0.657608,0.618810,0.624070,0.671075,0.586900,0.559900,0.472179,0.471967,0.538624,0.535389,0.752249,0.784092,0.268308,0.162630,0.139477,0.276665,0.395676,0.808170,0.612125,0.523191,0.429176,0.371974,0.421432,1.596034,0.729031,0.531465,0.440301,0.368985,0.341497
batch 2258,0.839072,0.636514,0.628358,0.613772,0.747339,0.609455,0.615584,0.464893,0.464003,0.522198,0.506423,0.732327,0.799455,0.223097,0.172386,0.143381,0.273115,0.398284,0.698716,0.544566,0.512012,0.450017,0.412140,0.505870,1.537470,0.692798,0.507460,0.433578,0.415524,0.385907
batch 2259,0.904764,0.696360,0.649025,0.641366,0.718428,0.613317,0.619085,0.483392,0.468082,0.528131,0.549319,0.761106,0.875262,0.214766,0.171047,0.129858,0.283365,0.397923,0.770556,0.612967,0.534074,0.416567,0.413507,0.443161,1.478673,0.684876,0.485927,0.387599,0.364241,0.307058
batch 2260,0.793099,0.653548,0.611913,0.625017,0.758551,0.627653,0.576257,0.477653,0.470007,0.532250,0.513527,0.753111,0.792575,0.266227,0.168597,0.138906,0.310732,0.414878,0.722530,0.529035,0.457447,0.449322,0.421819,0.503747,1.572863,0.721236,0.564831,0.478950,0.438703,0.392575
batch 2261,0.781330,0.625719,0.600840,0.604044,0.670313,0.580215,0.574490,0.450992,0.456282,0.517766,0.535444,0.731133,0.694542,0.258894,0.175022,0.143831,0.277552,0.398729,0.703921,0.536568,0.478427,0.433107,0.400065,0.479004,1.501505,0.747718,0.569649,0.486916,0.413153,0.381045
batch 2262,0.815562,0.638549,0.595684,0.582117,0.638269,0.572729,0.587145,0.440786,0.443371,0.512203,0.520813,0.717408,0.738363,0.232359,0.167472,0.128133,0.261663,0.378028,0.794196,0.580605,0.512941,0.452469,0.397930,0.447360,1.503277,0.709807,0.536341,0.449531,0.411986,0.339171
batch 2263,0.763860,0.634839,0.568134,0.583304,0.611335,0.542093,0.576974,0.452140,0.451696,0.507717,0.502932,0.715620,0.744680,0.271906,0.174014,0.137491,0.248785,0.377837,0.723716,0.592205,0.499891,0.428270,0.384571,0.456356,1.525751,0.713377,0.534943,0.439379,0.421575,0.374425
batch 2264,0.729763,0.615119,0.601479,0.626577,0.705693,0.593903,0.552253,0.464535,0.468536,0.523835,0.518015,0.737614,0.706971,0.263848,0.177445,0.148282,0.288034,0.392862,0.717573,0.535737,0.476065,0.445445,0.371966,0.481851,1.442894,0.735358,0.546055,0.479466,0.409688,0.375629
batch 2265,0.777172,0.647453,0.604631,0.627409,0.697620,0.608352,0.577864,0.478961,0.480831,0.533722,0.506943,0.785284,0.776295,0.272208,0.174699,0.151069,0.277313,0.432667,0.738915,0.532015,0.481746,0.442270,0.393574,0.459320,1.551880,0.750528,0.527673,0.468769,0.416178,0.393327
batch 2266,0.782394,0.628226,0.585773,0.578706,0.651624,0.550272,0.570198,0.471433,0.472203,0.523587,0.508628,0.716272,0.729527,0.250799,0.171422,0.139905,0.256966,0.385365,0.774474,0.581250,0.515780,0.425793,0.389943,0.459835,1.610542,0.715920,0.549670,0.449917,0.409966,0.353547
batch 2267,0.766901,0.626841,0.587996,0.589642,0.658090,0.557731,0.597335,0.459093,0.454901,0.511071,0.509870,0.735130,0.716814,0.278795,0.185066,0.152788,0.296995,0.390742,0.723343,0.547827,0.476421,0.432235,0.366120,0.451038,1.524658,0.741469,0.558591,0.444057,0.428432,0.391910
batch 2268,0.739637,0.641061,0.601187,0.624106,0.663866,0.583978,0.537103,0.449131,0.459508,0.523772,0.533860,0.740308,0.671834,0.234152,0.166366,0.146018,0.269564,0.396660,0.752119,0.554698,0.480421,0.426001,0.397591,0.439005,1.560540,0.752536,0.556083,0.437630,0.416978,0.375785
batch 2269,0.778273,0.650432,0.587681,0.610105,0.669359,0.570411,0.559563,0.455022,0.459059,0.504689,0.502257,0.769991,0.706297,0.269107,0.170274,0.150247,0.263292,0.426551,0.695658,0.506393,0.473090,0.452476,0.396444,0.462278,1.493172,0.749264,0.527794,0.458723,0.434798,0.378516
batch 2270,0.825911,0.683555,0.632698,0.641070,0.694372,0.626207,0.555884,0.464676,0.467524,0.534174,0.514732,0.744734,0.769790,0.245303,0.162606,0.132005,0.272901,0.399418,0.733024,0.545203,0.459507,0.441541,0.375842,0.465164,1.497759,0.707083,0.542447,0.456734,0.388661,0.371931
batch 2271,0.857563,0.687276,0.623886,0.644723,0.654110,0.593208,0.628053,0.468093,0.478545,0.550466,0.540910,0.759334,0.853293,0.255471,0.171606,0.137595,0.278743,0.397044,0.809797,0.609844,0.522635,0.397899,0.365414,0.454744,1.574805,0.710643,0.534160,0.431846,0.379744,0.351585
batch 2272,0.875187,0.714969,0.657041,0.662811,0.707390,0.616963,0.566494,0.485213,0.482986,0.547445,0.543837,0.754474,0.817314,0.229219,0.167158,0.129970,0.287586,0.394223,0.776320,0.591294,0.510866,0.426543,0.388160,0.443904,1.549577,0.743856,0.542955,0.447656,0.388165,0.356008
batch 2273,0.797022,0.675322,0.620920,0.646735,0.655030,0.596433,0.549328,0.470571,0.463863,0.521217,0.538063,0.745658,0.743188,0.242208,0.183892,0.143158,0.276147,0.407528,0.738143,0.589816,0.468577,0.412810,0.370018,0.490610,1.458036,0.659479,0.502902,0.426706,0.379281,0.352449
batch 2274,0.744252,0.611027,0.611982,0.623787,0.693239,0.574836,0.531871,0.463984,0.470589,0.530391,0.501437,0.720463,0.686114,0.230692,0.160441,0.127216,0.266367,0.389830,0.673698,0.513611,0.488173,0.456460,0.405373,0.488131,1.472786,0.671210,0.503478,0.460206,0.399273,0.373403
batch 2275,0.772871,0.622115,0.604509,0.622014,0.714028,0.614984,0.550327,0.467681,0.462606,0.513523,0.514329,0.713347,0.726095,0.268485,0.165635,0.133185,0.273190,0.391551,0.706418,0.542316,0.484153,0.439952,0.421036,0.459975,1.431172,0.717790,0.516395,0.480781,0.399129,0.354936
batch 2276,0.739672,0.643307,0.599457,0.631814,0.701400,0.590878,0.524404,0.449317,0.457038,0.512939,0.508525,0.742082,0.653850,0.252000,0.172679,0.139873,0.269311,0.400767,0.721343,0.552986,0.462486,0.429132,0.377760,0.442784,1.441016,0.741643,0.539234,0.455883,0.409573,0.371296
batch 2277,0.828475,0.703809,0.662543,0.632315,0.637880,0.594105,0.589796,0.473372,0.464747,0.511536,0.533547,0.765916,0.799527,0.236010,0.179529,0.140534,0.273850,0.406484,0.789893,0.582778,0.528203,0.426006,0.418238,0.450471,1.447402,0.743330,0.505257,0.422440,0.372788,0.350854
batch 2278,0.796874,0.639781,0.604333,0.607041,0.687919,0.608862,0.603929,0.482059,0.492846,0.529248,0.522133,0.814146,0.744280,0.260769,0.191742,0.141927,0.277168,0.463892,0.709467,0.524405,0.446237,0.467124,0.426712,0.448425,1.482779,0.711921,0.555915,0.447178,0.409928,0.377091
batch 2279,0.835707,0.675134,0.616744,0.637984,0.672388,0.596792,0.596809,0.476041,0.474672,0.531406,0.543092,0.742686,0.798771,0.261937,0.170389,0.130374,0.267763,0.393547,0.768636,0.572561,0.488629,0.422797,0.381826,0.445357,1.586326,0.755550,0.557360,0.447248,0.415722,0.369248
batch 2280,0.737451,0.652513,0.633485,0.666275,0.704201,0.618172,0.542179,0.471010,0.467159,0.529818,0.506307,0.782157,0.740645,0.244352,0.158161,0.138034,0.289802,0.438661,0.730476,0.553701,0.487589,0.424234,0.385521,0.486632,1.512431,0.773274,0.549923,0.477926,0.412506,0.398059
batch 2281,0.793011,0.658228,0.597232,0.609009,0.713804,0.580293,0.559927,0.454030,0.459250,0.523756,0.524092,0.710218,0.751691,0.235256,0.177813,0.152443,0.266953,0.374958,0.673366,0.571014,0.519325,0.432270,0.373091,0.438550,1.330463,0.725166,0.521857,0.418228,0.395317,0.328881
batch 2282,0.706600,0.598214,0.602689,0.608338,0.677859,0.581783,0.541541,0.458085,0.455977,0.527642,0.525685,0.748607,0.664095,0.239847,0.163501,0.131891,0.265621,0.405688,0.706552,0.525623,0.455187,0.447853,0.404160,0.452779,1.407214,0.693139,0.537903,0.449761,0.417194,0.385644
batch 2283,0.770017,0.620436,0.597314,0.618957,0.683767,0.600350,0.562078,0.464992,0.467892,0.525107,0.511945,0.773693,0.707796,0.254454,0.162876,0.140379,0.266117,0.429139,0.688677,0.483080,0.453260,0.461927,0.396616,0.480423,1.438574,0.690280,0.533470,0.445624,0.429570,0.381145
batch 2284,0.886018,0.708611,0.665040,0.635646,0.731034,0.656337,0.600601,0.488736,0.480106,0.536328,0.514622,0.707366,0.840383,0.245132,0.173602,0.128432,0.297228,0.390664,0.815251,0.612593,0.556866,0.456704,0.382878,0.486204,1.746654,0.764892,0.537843,0.483176,0.385958,0.376728
batch 2285,0.858515,0.663129,0.597098,0.620976,0.712970,0.628892,0.591011,0.475109,0.478681,0.532013,0.513356,0.778126,0.844624,0.256661,0.187815,0.147013,0.281382,0.422751,0.829028,0.586616,0.534563,0.463245,0.430047,0.446933,1.670555,0.711059,0.550312,0.503537,0.399318,0.372563
batch 2286,0.737605,0.624224,0.598671,0.604391,0.703820,0.619696,0.551735,0.454560,0.461634,0.515564,0.518141,0.750542,0.697829,0.273267,0.172678,0.135723,0.293754,0.400885,0.705759,0.506248,0.447376,0.428455,0.387533,0.458339,1.433844,0.727725,0.548472,0.446682,0.415770,0.373655
batch 2287,0.928476,0.693098,0.630107,0.612595,0.688079,0.605124,0.612793,0.488452,0.485295,0.528651,0.527799,0.757730,0.857601,0.219447,0.162024,0.133821,0.278075,0.400173,0.797374,0.597319,0.564782,0.441455,0.435636,0.421430,1.532889,0.730835,0.536056,0.427836,0.372522,0.319422
batch 2288,0.866018,0.641483,0.598795,0.591443,0.650986,0.602853,0.589916,0.482247,0.476418,0.522216,0.532110,0.767548,0.808779,0.226324,0.155517,0.137413,0.277065,0.408799,0.794387,0.614006,0.527668,0.437797,0.397599,0.448802,1.526027,0.742692,0.513638,0.426466,0.388009,0.345199
batch 2289,0.781771,0.629480,0.605126,0.614274,0.691800,0.605798,0.550433,0.468872,0.475228,0.532029,0.514784,0.755145,0.752055,0.286588,0.179069,0.150149,0.318133,0.416108,0.755010,0.550255,0.498913,0.444475,0.401646,0.484388,1.599310,0.743364,0.529560,0.484343,0.395395,0.368590
batch 2290,0.774759,0.635191,0.632879,0.643407,0.688157,0.598033,0.571008,0.477926,0.466607,0.530137,0.533546,0.745869,0.758526,0.233538,0.155256,0.128134,0.272356,0.399777,0.732098,0.549409,0.463044,0.457812,0.390056,0.478852,1.490574,0.734049,0.529875,0.480391,0.394573,0.354171
batch 2291,0.771359,0.664174,0.625658,0.636922,0.697710,0.621478,0.547205,0.464736,0.460428,0.527124,0.531847,0.733523,0.734569,0.267972,0.171678,0.139110,0.284338,0.401275,0.740266,0.546374,0.482256,0.442043,0.431978,0.438203,1.491500,0.761923,0.553555,0.466766,0.408922,0.367548
batch 2292,0.761596,0.603551,0.610065,0.612565,0.686193,0.578557,0.569824,0.468336,0.471241,0.531444,0.506694,0.736871,0.700330,0.244054,0.171652,0.138831,0.261048,0.397158,0.708421,0.520711,0.478859,0.416251,0.372768,0.490021,1.449248,0.642156,0.505063,0.428435,0.408150,0.373740
batch 2293,0.796971,0.656771,0.621550,0.635725,0.686753,0.608244,0.542222,0.460670,0.458673,0.514898,0.516078,0.746027,0.693781,0.260591,0.175181,0.129142,0.277243,0.407196,0.768493,0.556056,0.472476,0.417930,0.395603,0.453600,1.506219,0.729144,0.563534,0.464346,0.429595,0.376018
batch 2294,0.861423,0.661174,0.639229,0.612426,0.655034,0.604154,0.579480,0.479412,0.464340,0.526203,0.541011,0.755498,0.802260,0.213276,0.164073,0.128961,0.266439,0.407854,0.764516,0.573540,0.513130,0.443271,0.456085,0.448074,1.562536,0.709196,0.510483,0.417533,0.389623,0.333057
batch 2295,0.764862,0.629305,0.618967,0.629210,0.688269,0.603314,0.569087,0.470726,0.476668,0.526123,0.507872,0.759015,0.681061,0.259778,0.175128,0.142890,0.268336,0.403197,0.741052,0.555213,0.479926,0.462298,0.399245,0.466925,1.563303,0.745388,0.553332,0.457056,0.424371,0.369176
batch 2296,0.786515,0.656728,0.596649,0.608567,0.674995,0.607405,0.584903,0.471308,0.467425,0.527308,0.516373,0.753202,0.775041,0.256163,0.181895,0.157496,0.270810,0.409865,0.732807,0.566380,0.493638,0.418499,0.399522,0.469850,1.505570,0.710918,0.523360,0.448890,0.409233,0.373407
batch 2297,0.691553,0.596763,0.543892,0.573219,0.647341,0.554878,0.527926,0.443462,0.443825,0.498938,0.495757,0.737062,0.663874,0.283928,0.179209,0.154451,0.248762,0.387764,0.705781,0.521461,0.458629,0.458908,0.411944,0.453529,1.374731,0.719646,0.534191,0.456549,0.429018,0.376516
batch 2298,0.791375,0.626933,0.621489,0.616361,0.704907,0.568104,0.621737,0.477599,0.462124,0.521951,0.491345,0.704720,0.805980,0.275431,0.184945,0.147153,0.303072,0.372620,0.703205,0.529625,0.480444,0.431820,0.376827,0.493569,1.440228,0.665184,0.521466,0.451989,0.411245,0.380736
batch 2299,0.740685,0.606900,0.605971,0.600600,0.697140,0.619495,0.536858,0.458358,0.458868,0.512719,0.502063,0.715197,0.664736,0.245872,0.173309,0.135588,0.259577,0.384902,0.692217,0.532850,0.461073,0.426637,0.395272,0.479479,1.470753,0.716597,0.543841,0.463772,0.417022,0.371794
batch 2300,0.837152,0.642071,0.607292,0.645633,0.710386,0.587718,0.607200,0.479069,0.475913,0.528478,0.538875,0.698651,0.785819,0.245345,0.174362,0.137298,0.261835,0.360073,0.720767,0.536661,0.480704,0.477498,0.440877,0.464256,1.553618,0.704496,0.519119,0.465943,0.413934,0.369097
batch 2301,0.758214,0.661224,0.618441,0.633697,0.705510,0.601751,0.548472,0.476295,0.472126,0.533993,0.514380,0.765009,0.723784,0.247742,0.179017,0.149234,0.278921,0.407905,0.722276,0.549270,0.474773,0.421261,0.414448,0.449082,1.487288,0.725720,0.540823,0.466530,0.412097,0.368491
batch 2302,0.829893,0.656162,0.590744,0.596176,0.662334,0.569565,0.585612,0.457697,0.467007,0.515368,0.516937,0.761964,0.791327,0.232937,0.155298,0.142373,0.272111,0.425755,0.783372,0.606714,0.524314,0.447375,0.438298,0.420559,1.491390,0.720416,0.504239,0.441577,0.379797,0.323677
batch 2303,0.958163,0.693666,0.664301,0.640921,0.725661,0.651390,0.663184,0.510962,0.513379,0.564635,0.555495,0.796568,0.941610,0.227140,0.159805,0.135513,0.296808,0.438419,0.764568,0.617014,0.520176,0.474670,0.385109,0.458812,1.538498,0.704852,0.480594,0.421246,0.357694,0.314597
batch 2304,0.843856,0.717786,0.641662,0.637161,0.701789,0.595460,0.599092,0.460222,0.461881,0.518853,0.517669,0.747787,0.827953,0.233920,0.168423,0.133229,0.287763,0.396871,0.765727,0.609495,0.508988,0.432771,0.415836,0.456474,1.572903,0.740397,0.545808,0.423076,0.400294,0.331570
batch 2305,0.796786,0.639300,0.647076,0.652011,0.736613,0.601062,0.557155,0.474675,0.479485,0.550002,0.524020,0.741320,0.751363,0.217946,0.165260,0.136342,0.277394,0.396080,0.732590,0.525626,0.478349,0.448153,0.392499,0.502135,1.485314,0.657109,0.541283,0.450889,0.398770,0.374630
batch 2306,0.715016,0.622965,0.595879,0.617719,0.714380,0.590152,0.501476,0.450423,0.449184,0.505047,0.499520,0.735108,0.639196,0.259175,0.181235,0.146598,0.269307,0.394066,0.709631,0.530779,0.479460,0.429270,0.394875,0.468871,1.548007,0.726525,0.558371,0.463538,0.423202,0.402815
batch 2307,0.809015,0.621773,0.595499,0.605571,0.691581,0.611245,0.556033,0.474127,0.466867,0.519782,0.514296,0.693919,0.800401,0.263083,0.168509,0.128648,0.260019,0.372381,0.706944,0.592885,0.542058,0.433789,0.371671,0.471746,1.473405,0.670910,0.497465,0.414485,0.386527,0.346399
batch 2308,0.820930,0.676351,0.627392,0.656830,0.727188,0.619976,0.577415,0.484207,0.473673,0.522531,0.501510,0.753335,0.884053,0.243459,0.172094,0.142722,0.276783,0.418745,0.729062,0.535986,0.521193,0.439493,0.413942,0.505901,1.628878,0.719890,0.519562,0.483081,0.445534,0.396058
batch 2309,0.765975,0.636600,0.601196,0.638536,0.736580,0.607338,0.542954,0.464978,0.466678,0.530139,0.522561,0.759890,0.801085,0.232058,0.155437,0.137625,0.283225,0.406849,0.741986,0.580737,0.469266,0.455924,0.437823,0.458316,1.447639,0.686791,0.508732,0.457307,0.383702,0.345651
batch 2310,0.782299,0.643901,0.606460,0.611680,0.693588,0.593103,0.579685,0.471081,0.471372,0.526225,0.526900,0.750240,0.739012,0.235422,0.168203,0.132917,0.270725,0.398909,0.713791,0.533853,0.479423,0.461315,0.392356,0.456062,1.564147,0.763102,0.565261,0.477535,0.433273,0.386869
batch 2311,0.731665,0.629200,0.595343,0.596500,0.664955,0.570902,0.563982,0.455825,0.452396,0.515309,0.490653,0.747010,0.700950,0.268246,0.189720,0.138239,0.259041,0.410640,0.698976,0.511826,0.467420,0.442897,0.405077,0.462396,1.405378,0.694164,0.536670,0.450226,0.428414,0.384257
batch 2312,0.910610,0.694738,0.648565,0.619808,0.669306,0.618297,0.617758,0.479181,0.471452,0.538503,0.534496,0.779182,0.868585,0.218080,0.157564,0.125546,0.275403,0.422020,0.760690,0.565534,0.524662,0.413314,0.428769,0.463941,1.452927,0.687676,0.499640,0.457466,0.382338,0.323546
batch 2313,0.761256,0.628439,0.595742,0.613482,0.738478,0.616458,0.540919,0.450942,0.469846,0.525279,0.514451,0.738741,0.744635,0.233067,0.172075,0.135209,0.287387,0.403767,0.778234,0.570962,0.505267,0.428857,0.393167,0.443403,1.521592,0.719409,0.536000,0.427793,0.380832,0.337982
batch 2314,0.801673,0.616737,0.607382,0.599366,0.697672,0.606854,0.550664,0.459387,0.465469,0.524124,0.533307,0.748022,0.740992,0.243024,0.168062,0.150707,0.287082,0.416010,0.772374,0.575077,0.492089,0.434929,0.398935,0.458591,1.546820,0.720936,0.515113,0.434721,0.401434,0.367281
batch 2315,0.949500,0.704495,0.704835,0.677475,0.749808,0.661085,0.641105,0.502048,0.505253,0.564072,0.522462,0.782788,0.951134,0.230049,0.166919,0.129663,0.295667,0.422910,0.741765,0.612803,0.493156,0.434890,0.394442,0.511531,1.533326,0.692630,0.486708,0.425285,0.388651,0.350819
batch 2316,0.787708,0.633350,0.609123,0.615987,0.740745,0.626263,0.558168,0.473493,0.474690,0.541789,0.523108,0.766929,0.736999,0.257379,0.168164,0.132633,0.296619,0.433794,0.726916,0.556119,0.490560,0.425042,0.377869,0.454647,1.480111,0.701004,0.523962,0.460697,0.401249,0.358668
batch 2317,0.745725,0.628927,0.600678,0.605053,0.685609,0.572626,0.539133,0.461973,0.467456,0.518889,0.506758,0.721819,0.739948,0.267730,0.168876,0.136451,0.264252,0.379783,0.731445,0.543247,0.504969,0.431695,0.405374,0.491681,1.548897,0.724372,0.531305,0.479680,0.425478,0.373902
batch 2318,0.861280,0.681304,0.637269,0.637793,0.668919,0.626038,0.584269,0.477051,0.472001,0.520744,0.524883,0.753169,0.822813,0.255079,0.224947,0.158875,0.282944,0.416549,0.797059,0.626205,0.500652,0.432796,0.385892,0.436445,1.524333,0.750186,0.511214,0.428469,0.379006,0.325951
batch 2319,0.868431,0.655517,0.640558,0.640892,0.669515,0.616628,0.636575,0.495724,0.486427,0.540179,0.546680,0.728339,0.882141,0.244718,0.163442,0.129849,0.264977,0.397941,0.749108,0.568701,0.506746,0.440405,0.402707,0.503233,1.708977,0.664009,0.507762,0.447129,0.420156,0.379648
batch 2320,0.895460,0.657180,0.645867,0.606305,0.695702,0.615068,0.604242,0.468728,0.455132,0.521695,0.516198,0.779922,0.841855,0.216313,0.175622,0.138046,0.285396,0.416400,0.816838,0.639171,0.544352,0.427145,0.418158,0.422785,1.559729,0.741990,0.496423,0.395130,0.392365,0.311374
batch 2321,0.732586,0.611514,0.586935,0.590804,0.644019,0.566629,0.531238,0.463878,0.463366,0.517949,0.499953,0.763370,0.651124,0.255483,0.177237,0.136703,0.257826,0.424811,0.669971,0.510656,0.453885,0.442421,0.408756,0.471092,1.417040,0.719558,0.557616,0.454512,0.430969,0.388706
batch 2322,0.802181,0.644645,0.607883,0.610904,0.680069,0.592528,0.568361,0.462286,0.478229,0.518280,0.502550,0.752927,0.729496,0.235739,0.168360,0.137419,0.271403,0.410854,0.741688,0.567338,0.478888,0.447331,0.392471,0.484871,1.477131,0.694416,0.528432,0.450735,0.377094,0.341634
batch 2323,0.804827,0.634479,0.625265,0.614619,0.680171,0.583298,0.598084,0.468659,0.451894,0.519803,0.510950,0.688497,0.782262,0.246372,0.171321,0.131331,0.261921,0.346275,0.714960,0.518190,0.461844,0.456113,0.410036,0.493333,1.450547,0.692368,0.533378,0.464114,0.436029,0.381630
batch 2324,0.847522,0.677782,0.616043,0.613566,0.692340,0.611674,0.605171,0.480061,0.469649,0.538114,0.526271,0.748941,0.842732,0.247245,0.173334,0.128914,0.280880,0.404076,0.717298,0.597367,0.523709,0.457296,0.401271,0.448713,1.539114,0.753906,0.522225,0.409398,0.383467,0.318689
batch 2325,0.723694,0.591544,0.622391,0.608653,0.635621,0.564020,0.590926,0.478646,0.464735,0.521193,0.501954,0.754412,0.735157,0.257592,0.170921,0.132260,0.253157,0.381807,0.703666,0.522817,0.480969,0.439128,0.414097,0.484955,1.469077,0.707266,0.526319,0.466177,0.398808,0.381763
batch 2326,0.807029,0.645035,0.606832,0.611452,0.688753,0.576297,0.590512,0.473124,0.463446,0.531446,0.527321,0.751104,0.720854,0.256143,0.169417,0.133991,0.273435,0.400515,0.702155,0.531164,0.489622,0.434218,0.409843,0.459086,1.497601,0.724334,0.524776,0.474356,0.414905,0.374741
batch 2327,0.855386,0.654717,0.618695,0.607533,0.651878,0.577940,0.601654,0.482765,0.481140,0.533633,0.550557,0.735642,0.852288,0.223608,0.161804,0.128733,0.258534,0.387558,0.790304,0.663455,0.565694,0.431436,0.398449,0.428644,1.588007,0.749678,0.522909,0.404452,0.389965,0.321628
batch 2328,0.821850,0.672784,0.626381,0.654246,0.718094,0.604954,0.585134,0.481425,0.475988,0.538172,0.518390,0.768005,0.782402,0.228882,0.163653,0.136510,0.280076,0.425176,0.709338,0.537089,0.485835,0.451061,0.408991,0.479861,1.542989,0.729706,0.526843,0.472072,0.430654,0.383062
batch 2329,0.704189,0.607131,0.601062,0.610569,0.655637,0.611548,0.519211,0.454125,0.457171,0.527377,0.525347,0.757618,0.658104,0.268685,0.164703,0.144264,0.278449,0.414841,0.689571,0.529233,0.453812,0.435294,0.400971,0.465879,1.441298,0.741024,0.558198,0.473186,0.432495,0.386264
batch 2330,0.854635,0.648813,0.628010,0.603999,0.664109,0.612925,0.585727,0.484180,0.493899,0.549297,0.518118,0.759998,0.819371,0.218697,0.168182,0.131933,0.270766,0.405777,0.799830,0.609759,0.494466,0.447812,0.472403,0.439087,1.619031,0.713714,0.508090,0.457897,0.405975,0.352269
batch 2331,0.698388,0.620010,0.579188,0.611717,0.677160,0.554191,0.545158,0.465273,0.465610,0.533411,0.514208,0.730731,0.677906,0.263672,0.180275,0.152112,0.263262,0.380700,0.695139,0.523072,0.472104,0.465313,0.392823,0.487342,1.459858,0.742295,0.548363,0.460720,0.432747,0.376395
batch 2332,0.718810,0.618825,0.577426,0.615839,0.653544,0.551155,0.513790,0.443996,0.445180,0.501335,0.488421,0.748747,0.656057,0.261130,0.179250,0.148351,0.260435,0.402500,0.716014,0.525378,0.468606,0.445519,0.363888,0.445437,1.436170,0.732420,0.552221,0.457841,0.400175,0.379674
batch 2333,0.749516,0.623345,0.590096,0.608294,0.659481,0.586958,0.535227,0.441151,0.445338,0.500386,0.511009,0.737778,0.681573,0.244394,0.159733,0.133075,0.263986,0.410123,0.722630,0.549904,0.465986,0.465270,0.411823,0.440995,1.521412,0.742816,0.559258,0.463855,0.398832,0.356328
batch 2334,0.916916,0.711153,0.636644,0.655335,0.726956,0.662769,0.634758,0.492866,0.480455,0.553130,0.547664,0.768241,0.887309,0.235578,0.173324,0.140414,0.292904,0.426556,0.762078,0.612045,0.528637,0.432454,0.374571,0.468617,1.630054,0.775710,0.510684,0.435614,0.389805,0.346063
batch 2335,0.915904,0.683688,0.627606,0.630743,0.744372,0.652917,0.600172,0.471109,0.475012,0.522994,0.516160,0.713528,0.852724,0.219846,0.168444,0.135312,0.285201,0.389252,0.827995,0.609428,0.535361,0.442646,0.426677,0.428206,1.519636,0.702885,0.512885,0.414056,0.355113,0.315157
batch 2336,0.796987,0.643762,0.615334,0.610259,0.676410,0.580385,0.584536,0.468569,0.476567,0.520905,0.514177,0.725245,0.762208,0.240874,0.164822,0.130145,0.264408,0.389838,0.731055,0.511993,0.474913,0.462762,0.470206,0.500257,1.660587,0.726788,0.530778,0.473346,0.450758,0.369850
batch 2337,0.839117,0.655838,0.650814,0.649337,0.745027,0.620821,0.619085,0.494976,0.482649,0.554024,0.512523,0.769488,0.921629,0.234691,0.161491,0.126854,0.288562,0.430718,0.710485,0.517985,0.494247,0.449092,0.410168,0.506134,1.411628,0.653359,0.480734,0.453152,0.410681,0.375076
batch 2338,0.921434,0.684642,0.642604,0.617339,0.672083,0.625238,0.604084,0.472724,0.474345,0.527492,0.542960,0.757708,0.861640,0.230764,0.164332,0.139268,0.283697,0.410238,0.816568,0.666642,0.535734,0.429706,0.386187,0.398243,1.464548,0.697310,0.484721,0.360733,0.320154,0.275472
batch 2339,0.720397,0.586826,0.587257,0.585934,0.670512,0.590829,0.536123,0.459351,0.455621,0.526183,0.516143,0.748460,0.664240,0.240982,0.161599,0.138892,0.274742,0.402471,0.670554,0.511311,0.457883,0.432716,0.379689,0.481794,1.403100,0.708021,0.513071,0.459640,0.402168,0.372129
batch 2340,0.783459,0.617165,0.585418,0.585469,0.665224,0.583854,0.571352,0.452374,0.460812,0.518246,0.526126,0.747939,0.704943,0.243358,0.167890,0.140156,0.270661,0.396916,0.691538,0.537058,0.491563,0.436442,0.406159,0.471331,1.447202,0.715202,0.518320,0.464772,0.409044,0.364780
batch 2341,0.856212,0.673162,0.643258,0.616630,0.764073,0.645101,0.556550,0.475729,0.463666,0.535829,0.517935,0.757858,0.808897,0.216602,0.169568,0.132589,0.294581,0.412345,0.761099,0.612131,0.512985,0.406935,0.402700,0.461573,1.482264,0.695720,0.485000,0.401963,0.414250,0.324906
batch 2342,0.777172,0.664307,0.619524,0.637641,0.684828,0.596621,0.563415,0.465553,0.471203,0.538394,0.516739,0.747097,0.756913,0.250610,0.160923,0.133152,0.271847,0.407610,0.758589,0.591780,0.504574,0.427967,0.399064,0.455258,1.527871,0.754551,0.546538,0.465991,0.401372,0.368036
batch 2343,0.796087,0.627900,0.618346,0.620668,0.729567,0.609835,0.541213,0.468563,0.465808,0.536662,0.512551,0.760616,0.712009,0.252787,0.173815,0.132689,0.306053,0.415923,0.645611,0.504919,0.469873,0.451967,0.379607,0.461856,1.349270,0.699575,0.537643,0.461664,0.426540,0.381183
batch 2344,0.712035,0.634019,0.590099,0.627084,0.668723,0.576736,0.524270,0.451695,0.461998,0.517336,0.509228,0.731508,0.683939,0.252735,0.169726,0.141385,0.268396,0.391344,0.748965,0.569969,0.503941,0.433138,0.380281,0.457157,1.496531,0.804109,0.582394,0.477417,0.419718,0.382977
batch 2345,0.780444,0.635286,0.596360,0.593242,0.678650,0.608386,0.599402,0.466807,0.479821,0.538643,0.542798,0.755542,0.806379,0.295458,0.166692,0.135785,0.280604,0.416327,0.766377,0.585439,0.498557,0.421761,0.348823,0.455502,1.535356,0.751976,0.542482,0.456423,0.399274,0.348101
batch 2346,0.806715,0.648557,0.589602,0.615205,0.670723,0.557273,0.590303,0.451733,0.458840,0.518322,0.518795,0.727559,0.788178,0.237887,0.168671,0.129884,0.273439,0.378879,0.728579,0.594640,0.514610,0.445300,0.447566,0.458119,1.474545,0.736677,0.521508,0.423234,0.393943,0.320054
batch 2347,0.792938,0.626963,0.584538,0.592588,0.697606,0.591434,0.583954,0.475112,0.492164,0.531034,0.523376,0.749305,0.736445,0.247629,0.176779,0.147673,0.268005,0.410977,0.670810,0.503785,0.462184,0.509906,0.447847,0.457714,1.499169,0.717369,0.533996,0.478363,0.425858,0.379806
batch 2348,0.788742,0.630623,0.593949,0.585171,0.680057,0.580255,0.595255,0.460554,0.460069,0.513045,0.521855,0.738941,0.713580,0.269126,0.179993,0.143428,0.259979,0.394409,0.671171,0.517465,0.485648,0.443215,0.410410,0.466612,1.419909,0.688999,0.531823,0.432234,0.412074,0.374589
batch 2349,0.907656,0.703490,0.647858,0.616501,0.739841,0.647291,0.594859,0.488371,0.473914,0.552320,0.556264,0.780991,0.887271,0.231157,0.169668,0.128619,0.293674,0.425020,0.775594,0.584953,0.463885,0.423762,0.361561,0.450273,1.476320,0.671294,0.485610,0.416560,0.365505,0.348106
batch 2350,0.875197,0.677019,0.630718,0.602176,0.669875,0.594912,0.669411,0.481197,0.463085,0.524102,0.516732,0.739435,0.864921,0.254580,0.182360,0.133976,0.260670,0.385720,0.807441,0.633239,0.534935,0.447949,0.396747,0.422794,1.529218,0.714962,0.526209,0.415294,0.383366,0.322541
batch 2351,0.796747,0.639619,0.597113,0.595514,0.656490,0.577932,0.589933,0.458365,0.454366,0.513330,0.517034,0.741823,0.708325,0.248818,0.164350,0.137874,0.266289,0.392328,0.713302,0.551468,0.516900,0.424487,0.393311,0.466866,1.502449,0.723125,0.509057,0.447899,0.402302,0.360879
batch 2352,0.693547,0.580245,0.571697,0.587862,0.665042,0.581238,0.551027,0.461790,0.458131,0.532090,0.515845,0.775793,0.656608,0.263762,0.169209,0.144193,0.300232,0.416924,0.692917,0.525612,0.452134,0.478206,0.418647,0.455321,1.498488,0.738256,0.518788,0.438413,0.406337,0.372592
batch 2353,0.770407,0.628804,0.599512,0.619299,0.695852,0.590143,0.560173,0.463840,0.459968,0.509903,0.511247,0.737702,0.747384,0.276640,0.169944,0.146763,0.275618,0.393467,0.702575,0.511026,0.449553,0.441344,0.395412,0.464232,1.379989,0.691813,0.541727,0.455679,0.409077,0.367416
batch 2354,0.703852,0.607653,0.617758,0.622351,0.683858,0.616774,0.511706,0.457507,0.459506,0.523092,0.517606,0.735383,0.686083,0.258975,0.164169,0.135006,0.271846,0.420071,0.695935,0.527453,0.469105,0.408190,0.368095,0.486663,1.410702,0.681534,0.527628,0.444230,0.431130,0.394722
batch 2355,0.777769,0.647361,0.627188,0.635326,0.696691,0.613684,0.564362,0.481080,0.479847,0.532309,0.512317,0.775747,0.741322,0.257232,0.176958,0.141684,0.274543,0.426825,0.683580,0.552609,0.458768,0.448195,0.384424,0.451237,1.391335,0.734380,0.526797,0.461864,0.405312,0.380924
batch 2356,0.903559,0.708756,0.650037,0.676953,0.715177,0.622238,0.589931,0.488963,0.483438,0.535111,0.522426,0.744494,0.828995,0.258847,0.192441,0.140882,0.274893,0.409267,0.773097,0.595499,0.492771,0.412060,0.384813,0.476284,1.498953,0.738748,0.532537,0.429560,0.379300,0.360631
batch 2357,0.727650,0.613225,0.579412,0.587999,0.687749,0.595955,0.540977,0.461244,0.458962,0.516401,0.493897,0.721962,0.726856,0.254515,0.184681,0.149837,0.267102,0.394882,0.658010,0.498532,0.453662,0.426668,0.425664,0.486879,1.426431,0.680399,0.535545,0.451509,0.419318,0.373154
batch 2358,0.715082,0.619961,0.588587,0.611450,0.691200,0.579982,0.521645,0.460876,0.454283,0.517176,0.505929,0.749090,0.661514,0.240156,0.171361,0.133825,0.263037,0.399109,0.715019,0.536202,0.455240,0.439493,0.428643,0.451801,1.520659,0.746885,0.540104,0.447971,0.430727,0.377631
batch 2359,0.752307,0.639917,0.613886,0.620946,0.675312,0.608287,0.550934,0.464625,0.466027,0.524094,0.521824,0.774137,0.685100,0.251115,0.174545,0.139889,0.278454,0.411763,0.727351,0.581631,0.479195,0.423559,0.380693,0.444769,1.460387,0.727410,0.520162,0.435137,0.419573,0.372149
batch 2360,0.800291,0.657087,0.638842,0.657802,0.731838,0.635717,0.561713,0.471044,0.469624,0.523630,0.506936,0.747167,0.763089,0.250763,0.183144,0.148710,0.274938,0.419452,0.715768,0.566028,0.463388,0.420612,0.386213,0.469490,1.456122,0.717676,0.516163,0.459632,0.400442,0.367645
batch 2361,0.799073,0.625600,0.627385,0.633090,0.703056,0.605055,0.562137,0.455810,0.478010,0.518028,0.499476,0.731172,0.732315,0.234239,0.159723,0.136978,0.271732,0.392036,0.722806,0.563939,0.515758,0.437186,0.440156,0.452397,1.470234,0.723997,0.517218,0.427850,0.388317,0.358341
batch 2362,0.749894,0.647430,0.598089,0.607720,0.681178,0.598182,0.513313,0.450300,0.446752,0.522122,0.502425,0.771636,0.693951,0.244702,0.163051,0.135500,0.266690,0.425258,0.714839,0.540800,0.467265,0.449612,0.382346,0.457552,1.543051,0.736089,0.556594,0.460718,0.412719,0.383562
batch 2363,0.689462,0.584681,0.588154,0.609178,0.709101,0.595876,0.494284,0.453626,0.458158,0.508783,0.498867,0.752812,0.619085,0.250333,0.176101,0.148413,0.273790,0.411463,0.676900,0.515039,0.443055,0.426500,0.385113,0.460608,1.429948,0.726551,0.548680,0.454924,0.414983,0.374231
batch 2364,0.772621,0.670406,0.621884,0.637355,0.678575,0.596520,0.548418,0.455935,0.452887,0.526884,0.514946,0.792842,0.721915,0.267922,0.181629,0.151285,0.280737,0.427458,0.695602,0.516380,0.439000,0.488406,0.429319,0.451254,1.436771,0.725925,0.533390,0.441265,0.425079,0.392879
batch 2365,0.842925,0.685076,0.628814,0.604064,0.698844,0.631203,0.573222,0.481530,0.477901,0.535415,0.526185,0.748028,0.823481,0.237505,0.163975,0.134010,0.277483,0.401885,0.738843,0.567125,0.510186,0.429522,0.380652,0.477843,1.507167,0.699241,0.518637,0.435523,0.414104,0.368150
batch 2366,0.874653,0.648043,0.628958,0.599481,0.632854,0.543682,0.651812,0.476619,0.482285,0.539762,0.512335,0.699996,0.870656,0.212715,0.169591,0.132313,0.254930,0.368885,0.788320,0.586372,0.535827,0.421520,0.414767,0.452403,1.591080,0.692243,0.517336,0.382194,0.369378,0.321028
batch 2367,0.877958,0.655803,0.642868,0.647447,0.779774,0.650560,0.564982,0.479364,0.479778,0.543194,0.532620,0.744848,0.816268,0.245877,0.161611,0.142126,0.304044,0.405984,0.756817,0.614351,0.520848,0.458925,0.407371,0.452759,1.519413,0.744232,0.530107,0.449041,0.377924,0.331132
batch 2368,0.739806,0.596611,0.578348,0.590271,0.673119,0.590993,0.557350,0.477457,0.473469,0.537632,0.522344,0.765458,0.693592,0.274397,0.173586,0.142039,0.277640,0.424530,0.674803,0.504025,0.429689,0.461450,0.410892,0.470505,1.502026,0.728173,0.560733,0.443847,0.440197,0.389767
batch 2369,0.815395,0.633190,0.648211,0.626559,0.699917,0.584643,0.583412,0.472912,0.477614,0.548155,0.529302,0.733692,0.772116,0.225677,0.151276,0.122900,0.267148,0.382477,0.736872,0.562679,0.516555,0.428517,0.401628,0.513762,1.529756,0.656952,0.519027,0.441733,0.397437,0.359403
batch 2370,0.767887,0.617804,0.573657,0.576154,0.686182,0.567438,0.536313,0.448792,0.457670,0.515769,0.502514,0.765538,0.742162,0.249608,0.168412,0.132404,0.264069,0.416600,0.732684,0.530373,0.500062,0.519018,0.408642,0.484940,1.522477,0.736521,0.546834,0.477644,0.391296,0.352249
batch 2371,0.889126,0.658312,0.624736,0.605541,0.687837,0.603439,0.618880,0.480126,0.470126,0.529539,0.535417,0.737970,0.860838,0.225020,0.171165,0.132043,0.272874,0.399719,0.810377,0.617332,0.543082,0.420192,0.417058,0.469437,1.665165,0.780190,0.514786,0.405410,0.360189,0.305814
batch 2372,0.735026,0.624880,0.577722,0.593045,0.702201,0.581145,0.537848,0.461421,0.463264,0.509268,0.491094,0.746632,0.697891,0.273057,0.181720,0.148264,0.277495,0.410548,0.682555,0.516881,0.453887,0.437765,0.399171,0.449126,1.398688,0.701092,0.547147,0.437621,0.423947,0.375837
batch 2373,0.866237,0.676158,0.637507,0.644523,0.754043,0.684737,0.604912,0.482543,0.500679,0.545244,0.514161,0.742723,0.830300,0.252126,0.159526,0.134252,0.293882,0.416398,0.809660,0.593697,0.530528,0.464194,0.411116,0.419643,1.547830,0.724462,0.537051,0.424700,0.364204,0.318843
batch 2374,0.747931,0.605306,0.620662,0.615051,0.678966,0.561180,0.558283,0.478523,0.460806,0.524215,0.491909,0.711422,0.719487,0.247947,0.161616,0.134693,0.256598,0.371100,0.744184,0.568199,0.508289,0.410507,0.391667,0.499191,1.571878,0.686586,0.500656,0.440117,0.394796,0.353204
batch 2375,0.887664,0.714400,0.644012,0.623194,0.712343,0.641303,0.590014,0.485663,0.477916,0.548554,0.541404,0.777906,0.910978,0.213266,0.153151,0.118441,0.284022,0.433054,0.773251,0.591824,0.528486,0.456126,0.390159,0.421228,1.494242,0.703275,0.471040,0.395170,0.376710,0.314924
batch 2376,0.732543,0.618286,0.625259,0.615038,0.701114,0.596392,0.544804,0.468086,0.466595,0.530897,0.500712,0.736116,0.683256,0.240961,0.164128,0.129669,0.271754,0.392683,0.702368,0.529431,0.459784,0.444564,0.395511,0.483912,1.471480,0.708425,0.549554,0.453311,0.422714,0.376514
batch 2377,0.747079,0.636837,0.620373,0.620776,0.681106,0.613684,0.571360,0.476041,0.468169,0.524672,0.526175,0.774336,0.702976,0.242346,0.183672,0.137189,0.279268,0.427166,0.741012,0.561456,0.482292,0.437887,0.380383,0.455284,1.519673,0.757672,0.548188,0.464025,0.401028,0.370364
batch 2378,0.781185,0.659548,0.606207,0.624347,0.686998,0.601853,0.553671,0.469168,0.464199,0.531691,0.510334,0.761694,0.738885,0.250608,0.182275,0.145015,0.277950,0.417933,0.673642,0.515705,0.470595,0.457683,0.387471,0.472001,1.449184,0.721512,0.533995,0.468887,0.418374,0.387766
batch 2379,0.740564,0.613387,0.575904,0.596853,0.623718,0.538080,0.568957,0.464125,0.456059,0.512393,0.516027,0.738515,0.707951,0.260257,0.168082,0.131012,0.247661,0.377914,0.737390,0.554298,0.509527,0.447425,0.408117,0.440834,1.488489,0.753095,0.560773,0.477848,0.424291,0.376502
batch 2380,0.862330,0.663005,0.594981,0.592692,0.643545,0.584159,0.625757,0.484278,0.490532,0.539242,0.536433,0.739139,0.845415,0.227005,0.164793,0.145620,0.266369,0.393837,0.832391,0.636301,0.587327,0.437026,0.466765,0.433026,1.605378,0.765458,0.545006,0.434611,0.362160,0.300237
batch 2381,0.830523,0.669145,0.628278,0.648855,0.685119,0.610935,0.562072,0.464656,0.463153,0.520728,0.518589,0.751156,0.776003,0.245560,0.173117,0.136699,0.280420,0.409507,0.785375,0.562030,0.490995,0.438950,0.428253,0.469949,1.578332,0.751248,0.562829,0.470142,0.390605,0.352355
batch 2382,0.743894,0.619832,0.581201,0.587083,0.661931,0.587473,0.574882,0.476108,0.457312,0.517557,0.508283,0.749347,0.748452,0.273932,0.180571,0.148016,0.261829,0.414551,0.703041,0.540409,0.473992,0.443912,0.380782,0.449029,1.463120,0.730244,0.541578,0.426868,0.415712,0.382659
batch 2383,0.847213,0.674671,0.651116,0.626047,0.690906,0.605518,0.577028,0.479640,0.483260,0.551034,0.528576,0.740355,0.811721,0.242153,0.171286,0.132928,0.280185,0.395046,0.780477,0.616776,0.508484,0.414684,0.376502,0.509131,1.520750,0.692563,0.516929,0.430325,0.399668,0.334687
batch 2384,0.764394,0.638517,0.579022,0.614999,0.639437,0.579310,0.579887,0.459510,0.462210,0.513463,0.530812,0.721614,0.733991,0.239615,0.177628,0.138893,0.260262,0.372825,0.731073,0.580699,0.507144,0.430499,0.431514,0.451386,1.467840,0.702009,0.535578,0.437092,0.397169,0.329971
batch 2385,0.746383,0.593730,0.588419,0.594350,0.686141,0.617798,0.565149,0.461195,0.469761,0.525725,0.510935,0.711482,0.710225,0.229262,0.174015,0.127894,0.265354,0.386625,0.702470,0.537180,0.476575,0.484309,0.384590,0.484190,1.372300,0.656046,0.500430,0.432008,0.396101,0.336665
batch 2386,0.772969,0.659727,0.611231,0.646252,0.704290,0.589169,0.521803,0.454666,0.462244,0.507472,0.500999,0.728180,0.703429,0.247311,0.183726,0.144369,0.280303,0.385969,0.718184,0.564639,0.503556,0.439239,0.421756,0.482297,1.439360,0.700044,0.513286,0.470765,0.397470,0.342800
batch 2387,0.791590,0.648272,0.612647,0.624376,0.684872,0.571951,0.537941,0.456914,0.465866,0.530498,0.520962,0.738774,0.762399,0.225095,0.154191,0.125173,0.271500,0.401635,0.754887,0.557964,0.504169,0.434539,0.451026,0.433484,1.471298,0.722347,0.514360,0.431486,0.390484,0.324296
batch 2388,0.864588,0.694575,0.653534,0.666643,0.768304,0.619955,0.596974,0.478511,0.487006,0.559588,0.546818,0.765436,0.850462,0.232438,0.163500,0.133044,0.296714,0.412611,0.778419,0.568686,0.549630,0.443673,0.398011,0.503313,1.625677,0.699284,0.546044,0.446825,0.410255,0.367743
batch 2389,0.843054,0.660496,0.652835,0.632793,0.736454,0.619599,0.585864,0.471149,0.469781,0.528230,0.514854,0.698913,0.833521,0.218908,0.158869,0.130432,0.274081,0.374668,0.789133,0.602887,0.527418,0.449002,0.416177,0.502319,1.555829,0.710445,0.534698,0.436794,0.394111,0.327230
batch 2390,0.721464,0.589685,0.586343,0.587803,0.684242,0.555622,0.528061,0.444287,0.448354,0.510934,0.518043,0.704841,0.669450,0.237832,0.154104,0.129239,0.262067,0.372766,0.697931,0.506796,0.466513,0.423168,0.376063,0.482704,1.461914,0.685416,0.533566,0.458261,0.434015,0.388984
batch 2391,0.755350,0.662024,0.616782,0.641919,0.728389,0.596298,0.529008,0.454922,0.458370,0.518170,0.511717,0.755267,0.659679,0.252216,0.176774,0.142360,0.278955,0.401907,0.747047,0.553650,0.502125,0.451820,0.412036,0.436219,1.565855,0.763674,0.555673,0.439153,0.431164,0.373263
batch 2392,0.770889,0.644433,0.594164,0.602827,0.676444,0.596336,0.588007,0.471204,0.475978,0.528137,0.528387,0.714294,0.734428,0.261799,0.171443,0.145568,0.287279,0.386131,0.730575,0.540302,0.529694,0.434623,0.372173,0.459327,1.514068,0.699620,0.544972,0.457894,0.412335,0.362471
batch 2393,0.750379,0.652350,0.604337,0.612135,0.691829,0.595138,0.560313,0.454428,0.460714,0.520186,0.515872,0.743788,0.716478,0.264962,0.173305,0.147756,0.275150,0.404979,0.705965,0.526648,0.464058,0.437409,0.411559,0.465409,1.462291,0.720024,0.559424,0.456922,0.412442,0.370919
batch 2394,0.807621,0.656163,0.652640,0.636439,0.724295,0.620673,0.580757,0.473757,0.479635,0.547938,0.526690,0.792610,0.792261,0.208987,0.159745,0.128628,0.288455,0.428739,0.802269,0.620585,0.477648,0.426885,0.407010,0.475294,1.512876,0.662229,0.494700,0.419137,0.374308,0.337031
batch 2395,0.859091,0.698387,0.639252,0.668755,0.733689,0.643420,0.588626,0.494564,0.486896,0.539653,0.525693,0.779075,0.847394,0.241752,0.186330,0.143601,0.286458,0.424466,0.766681,0.580331,0.490600,0.428521,0.422341,0.497746,1.518467,0.717975,0.513687,0.488471,0.402596,0.357858
batch 2396,0.739731,0.630058,0.590291,0.611158,0.686881,0.583831,0.534613,0.467805,0.464786,0.518245,0.514327,0.755145,0.664899,0.259227,0.171726,0.144327,0.281397,0.402014,0.718382,0.547343,0.486652,0.433646,0.395171,0.456866,1.500116,0.712121,0.539523,0.464531,0.416702,0.373034
batch 2397,0.809142,0.636804,0.593925,0.609740,0.736582,0.606440,0.527921,0.446989,0.457126,0.513351,0.524208,0.733499,0.792076,0.226919,0.152218,0.137328,0.287131,0.397189,0.824404,0.578870,0.550582,0.449342,0.477003,0.430818,1.523944,0.719651,0.556785,0.418272,0.391510,0.332190
batch 2398,0.748154,0.596383,0.585762,0.607991,0.710326,0.609474,0.543721,0.468788,0.464687,0.520613,0.515895,0.779542,0.690323,0.256372,0.173993,0.142720,0.272546,0.429359,0.714026,0.534124,0.454061,0.424083,0.378534,0.456875,1.480231,0.729422,0.520233,0.453705,0.418518,0.378148
batch 2399,0.717107,0.590011,0.580080,0.608044,0.672712,0.575208,0.573880,0.474206,0.475431,0.524064,0.493876,0.748032,0.692477,0.253229,0.167684,0.132962,0.258118,0.401163,0.666260,0.510517,0.449132,0.439436,0.392419,0.481860,1.415520,0.713111,0.516829,0.451766,0.417756,0.384546
batch 2400,0.740310,0.625336,0.611256,0.644223,0.736619,0.607533,0.512523,0.471838,0.470779,0.531743,0.511911,0.697122,0.755817,0.236371,0.157677,0.132227,0.274634,0.373171,0.723023,0.551707,0.476421,0.416901,0.371039,0.508492,1.391530,0.662935,0.525348,0.443715,0.385379,0.353806
batch 2401,0.837605,0.615473,0.610291,0.600292,0.673728,0.572947,0.575801,0.452543,0.462911,0.511758,0.498770,0.726681,0.789559,0.230366,0.156373,0.127551,0.268333,0.391577,0.741560,0.574279,0.503838,0.427447,0.391155,0.453318,1.422356,0.703360,0.536727,0.436732,0.372896,0.333827
batch 2402,0.780715,0.626878,0.584367,0.581835,0.660239,0.577247,0.597069,0.471256,0.474649,0.529071,0.528502,0.772184,0.755511,0.270650,0.182538,0.143902,0.263488,0.422549,0.693364,0.545892,0.469925,0.457078,0.419386,0.460721,1.459175,0.727235,0.547015,0.449437,0.435119,0.370701
batch 2403,0.764482,0.619439,0.599458,0.612320,0.719404,0.637088,0.545503,0.481035,0.475259,0.519849,0.515084,0.772734,0.729095,0.246277,0.179458,0.151283,0.278833,0.425776,0.709424,0.557239,0.462914,0.459781,0.390063,0.491928,1.532606,0.719222,0.542346,0.470947,0.409134,0.375648
batch 2404,0.810858,0.651854,0.629821,0.635114,0.701099,0.596432,0.563525,0.475680,0.473232,0.524331,0.514397,0.743910,0.744036,0.230888,0.167662,0.134729,0.277177,0.409834,0.708540,0.578987,0.516509,0.435109,0.377790,0.468082,1.547971,0.736260,0.540221,0.461950,0.421329,0.370502
batch 2405,0.776397,0.640679,0.600638,0.615752,0.658694,0.568094,0.589475,0.479667,0.463175,0.534862,0.521829,0.723787,0.803672,0.245288,0.170595,0.132828,0.263150,0.389302,0.728632,0.603024,0.510990,0.422671,0.393864,0.474396,1.589823,0.735037,0.537710,0.449302,0.409118,0.382272
batch 2406,0.748660,0.602319,0.600543,0.600236,0.666935,0.561303,0.553098,0.457091,0.459523,0.527223,0.506546,0.742256,0.681137,0.249226,0.167886,0.140547,0.266835,0.399219,0.682398,0.510857,0.442670,0.435888,0.370193,0.474566,1.349195,0.691176,0.521822,0.438973,0.412795,0.375988
batch 2407,0.732528,0.606698,0.578127,0.582373,0.677312,0.574398,0.553982,0.459049,0.470932,0.512565,0.508310,0.773177,0.653748,0.259765,0.182283,0.144353,0.263504,0.426093,0.663864,0.482597,0.440046,0.475794,0.425713,0.460150,1.380365,0.704550,0.534699,0.442392,0.427776,0.378952
batch 2408,0.788217,0.624244,0.599128,0.609175,0.708629,0.585737,0.582500,0.477891,0.477824,0.530179,0.514363,0.730780,0.797768,0.274042,0.196601,0.143307,0.291933,0.394962,0.706308,0.544356,0.514732,0.453903,0.396965,0.502983,1.451643,0.716213,0.529895,0.464153,0.443662,0.374572
batch 2409,0.807716,0.658733,0.629188,0.630964,0.699665,0.588843,0.606212,0.500228,0.487887,0.534290,0.517957,0.726658,0.834814,0.255716,0.176452,0.138112,0.268252,0.391808,0.753449,0.558207,0.503149,0.434855,0.400464,0.491505,1.613279,0.675898,0.518351,0.439136,0.413230,0.371883
batch 2410,0.825783,0.646469,0.624001,0.634875,0.725358,0.617565,0.583946,0.482083,0.475833,0.519058,0.514385,0.746613,0.761418,0.261743,0.179041,0.146677,0.287861,0.410135,0.687087,0.551208,0.486753,0.432715,0.370788,0.461299,1.461758,0.710162,0.527451,0.454278,0.413468,0.381132
batch 2411,0.798090,0.629719,0.609269,0.603565,0.696438,0.589297,0.574038,0.467439,0.483625,0.546311,0.509359,0.739226,0.824665,0.255670,0.178939,0.140959,0.268276,0.397390,0.824783,0.646193,0.513675,0.425809,0.407114,0.472719,1.510705,0.738393,0.527247,0.421701,0.412503,0.348551
batch 2412,0.854389,0.671428,0.640003,0.652813,0.717574,0.598508,0.576395,0.484332,0.482669,0.548165,0.536505,0.707005,0.860286,0.214370,0.158397,0.129037,0.275711,0.371554,0.756403,0.571089,0.499204,0.448873,0.388661,0.501658,1.614480,0.660949,0.526441,0.452043,0.392861,0.355269
batch 2413,0.788451,0.641926,0.602868,0.607883,0.709012,0.601669,0.559055,0.454922,0.464678,0.526828,0.523363,0.718792,0.789247,0.247510,0.163387,0.141640,0.275000,0.394271,0.718882,0.550923,0.498037,0.427752,0.379200,0.506307,1.542714,0.706891,0.534764,0.462276,0.409400,0.363664
batch 2414,0.743781,0.624928,0.605084,0.625595,0.733330,0.609735,0.530025,0.471076,0.480167,0.530115,0.511421,0.735597,0.680649,0.255022,0.172614,0.139424,0.277919,0.394433,0.760853,0.561147,0.502760,0.452284,0.378384,0.460206,1.519027,0.726020,0.510961,0.452862,0.395574,0.370796
batch 2415,0.795288,0.684047,0.639578,0.656944,0.701587,0.630962,0.586872,0.476145,0.475072,0.545324,0.531728,0.812447,0.756031,0.238657,0.163945,0.140910,0.297073,0.439570,0.747438,0.548401,0.447868,0.481006,0.427930,0.462522,1.485922,0.698424,0.527318,0.445619,0.403940,0.374229
batch 2416,0.776667,0.655426,0.651778,0.673305,0.725653,0.620884,0.583278,0.474317,0.476505,0.549353,0.537752,0.803168,0.739540,0.248240,0.180673,0.145877,0.296016,0.429133,0.746989,0.537025,0.455532,0.486485,0.458819,0.472429,1.432616,0.692357,0.515424,0.434450,0.398968,0.359558
batch 2417,0.862250,0.673981,0.667894,0.632280,0.696569,0.631384,0.586483,0.489069,0.481020,0.539427,0.526616,0.741118,0.859277,0.247643,0.165296,0.134586,0.293523,0.409704,0.747143,0.584952,0.523066,0.450760,0.410698,0.486602,1.611040,0.775495,0.571938,0.453936,0.408234,0.369423
batch 2418,0.951362,0.702249,0.668839,0.660846,0.766734,0.643485,0.634821,0.487115,0.487821,0.558030,0.566393,0.785810,0.920256,0.234233,0.158693,0.128851,0.303398,0.422452,0.747074,0.556872,0.480716,0.431739,0.393059,0.470551,1.565348,0.688496,0.509285,0.419395,0.388992,0.351713
batch 2419,0.758058,0.633141,0.591641,0.580162,0.638172,0.566162,0.567894,0.469936,0.463746,0.530461,0.528523,0.753946,0.734079,0.251282,0.169258,0.142958,0.267873,0.400577,0.750872,0.569101,0.511190,0.426365,0.389624,0.464661,1.511550,0.767984,0.547211,0.451295,0.422590,0.380998
batch 2420,0.843100,0.679784,0.622188,0.637087,0.756556,0.594649,0.576626,0.479384,0.475302,0.545579,0.513170,0.753732,0.766745,0.220861,0.166875,0.131006,0.282127,0.408678,0.752035,0.544610,0.492310,0.447203,0.432741,0.484818,1.533682,0.729623,0.514151,0.471581,0.401346,0.340761
batch 2421,0.808144,0.665593,0.611035,0.622161,0.722425,0.673375,0.622753,0.467957,0.472082,0.549350,0.558951,0.833958,0.784372,0.218257,0.163120,0.135463,0.305156,0.459354,0.771776,0.553115,0.474547,0.489687,0.489319,0.466256,1.593191,0.715011,0.508588,0.463710,0.404652,0.365318
batch 2422,0.839094,0.636693,0.614330,0.629386,0.682992,0.606354,0.558758,0.457851,0.460316,0.522641,0.534099,0.769768,0.765090,0.225531,0.148775,0.126084,0.277622,0.418491,0.759503,0.595283,0.550146,0.421142,0.467072,0.443599,1.527926,0.742954,0.538508,0.428201,0.392484,0.324927
batch 2423,0.751979,0.632331,0.628949,0.648329,0.704290,0.617700,0.515867,0.459003,0.459484,0.514876,0.508198,0.742887,0.750507,0.251503,0.156866,0.131824,0.276399,0.411603,0.742257,0.550010,0.478861,0.450242,0.374156,0.478530,1.636980,0.707183,0.555788,0.466491,0.439351,0.396665
batch 2424,0.764225,0.648685,0.633471,0.650895,0.717389,0.594480,0.543460,0.477332,0.482132,0.538668,0.539824,0.747826,0.791197,0.234686,0.174917,0.139456,0.280242,0.394683,0.757989,0.574427,0.499028,0.431526,0.424329,0.432421,1.577879,0.733655,0.556141,0.433357,0.386372,0.359259
batch 2425,0.761015,0.632742,0.605944,0.644666,0.682002,0.581800,0.542620,0.460516,0.474069,0.517547,0.523898,0.734710,0.675304,0.245052,0.162100,0.141254,0.264034,0.400731,0.744226,0.563236,0.490087,0.421682,0.403253,0.448069,1.478211,0.725356,0.524123,0.443373,0.425864,0.369005
batch 2426,0.746643,0.607555,0.587706,0.584223,0.670545,0.568800,0.537951,0.449964,0.443621,0.509048,0.507772,0.708479,0.713004,0.274083,0.171637,0.150914,0.255233,0.378562,0.672382,0.523282,0.466953,0.426537,0.371126,0.468974,1.423406,0.702586,0.538650,0.433906,0.421478,0.388520
batch 2427,0.773108,0.623012,0.589448,0.617711,0.715799,0.598685,0.538632,0.463452,0.463724,0.527367,0.498990,0.734174,0.705756,0.259821,0.196161,0.148760,0.283015,0.396811,0.699127,0.533011,0.465724,0.439802,0.383674,0.503540,1.489172,0.711577,0.540013,0.462299,0.417691,0.376783
batch 2428,0.739536,0.619296,0.598464,0.612827,0.677808,0.607035,0.540840,0.464379,0.470295,0.531790,0.512135,0.719010,0.662947,0.261160,0.185085,0.149958,0.262069,0.391531,0.722441,0.533168,0.481242,0.469236,0.426769,0.445222,1.490232,0.724625,0.537441,0.463846,0.425311,0.383175
batch 2429,0.855550,0.682034,0.628940,0.676393,0.815635,0.611326,0.601781,0.482837,0.480302,0.556115,0.522494,0.767013,0.805086,0.231055,0.160507,0.141363,0.288650,0.419819,0.736735,0.534295,0.482593,0.458823,0.436915,0.452220,1.479170,0.708155,0.535213,0.476034,0.403671,0.390352
batch 2430,0.746977,0.631537,0.592272,0.611790,0.702154,0.572406,0.543325,0.449351,0.450309,0.523478,0.517333,0.752071,0.636775,0.250068,0.163064,0.136026,0.311831,0.397832,0.706114,0.523312,0.452895,0.477613,0.395275,0.455961,1.476799,0.748814,0.546140,0.484145,0.426890,0.373542
batch 2431,0.760698,0.621357,0.601456,0.600564,0.686501,0.605862,0.555130,0.457066,0.467362,0.538018,0.538211,0.742263,0.768711,0.220633,0.151635,0.128308,0.274913,0.402878,0.712334,0.578981,0.525973,0.431760,0.393353,0.478745,1.529835,0.691346,0.518785,0.449697,0.408177,0.361545
batch 2432,0.777668,0.646353,0.614705,0.623325,0.708204,0.618125,0.565918,0.470196,0.475754,0.526423,0.504912,0.723380,0.735289,0.216288,0.160876,0.135936,0.279587,0.390443,0.760519,0.595149,0.524688,0.484961,0.421050,0.456016,1.527417,0.737678,0.526455,0.442261,0.381701,0.316881
batch 2433,0.752668,0.608253,0.600920,0.610953,0.718316,0.596531,0.552605,0.448792,0.464863,0.515185,0.490409,0.733291,0.668727,0.247645,0.172618,0.147179,0.261962,0.395273,0.697340,0.514547,0.472859,0.453857,0.374302,0.477409,1.495060,0.719402,0.534613,0.453540,0.441280,0.400803
batch 2434,0.876521,0.686459,0.659338,0.684389,0.705692,0.609755,0.618211,0.491513,0.491753,0.551864,0.523735,0.774573,0.869251,0.231723,0.161111,0.132752,0.277623,0.413001,0.803367,0.600920,0.555426,0.455412,0.398587,0.458821,1.742252,0.789164,0.572274,0.489812,0.384538,0.339615
batch 2435,0.827486,0.630628,0.619693,0.580237,0.669849,0.593383,0.576762,0.470622,0.462431,0.535027,0.532793,0.744712,0.797299,0.212669,0.167895,0.149889,0.284179,0.399964,0.759204,0.609469,0.539220,0.413154,0.392559,0.477316,1.535832,0.707946,0.523140,0.392114,0.391594,0.337401
batch 2436,0.824594,0.634453,0.599516,0.624836,0.707468,0.586685,0.621849,0.478572,0.478072,0.542386,0.534997,0.741010,0.852558,0.277432,0.165965,0.136137,0.276655,0.399104,0.769599,0.593025,0.514399,0.425477,0.375456,0.485858,1.493396,0.726370,0.540212,0.436096,0.388484,0.360376
batch 2437,0.874231,0.669142,0.634216,0.615757,0.689697,0.612939,0.611426,0.471793,0.478765,0.542236,0.531893,0.743850,0.825640,0.223249,0.165244,0.138912,0.266029,0.389024,0.786557,0.594148,0.559461,0.444502,0.397604,0.447707,1.528728,0.777181,0.540319,0.429382,0.391701,0.339674
batch 2438,0.777643,0.628487,0.610722,0.611374,0.664763,0.600128,0.549950,0.459432,0.457132,0.512885,0.503840,0.723464,0.720496,0.237790,0.172545,0.132205,0.254559,0.393031,0.721447,0.532904,0.483426,0.455309,0.377839,0.498188,1.560370,0.727925,0.521160,0.479272,0.426395,0.394442
batch 2439,0.845596,0.661446,0.618364,0.625164,0.727204,0.603776,0.575706,0.463843,0.463842,0.532139,0.523061,0.765551,0.794617,0.216886,0.180155,0.134466,0.284840,0.410475,0.755525,0.577305,0.504265,0.428556,0.435300,0.440979,1.506268,0.709086,0.509054,0.424679,0.399768,0.353982
batch 2440,0.779934,0.617292,0.621801,0.630565,0.713702,0.597398,0.565911,0.470897,0.470888,0.521904,0.510627,0.753156,0.752293,0.253148,0.178902,0.138707,0.271268,0.412128,0.706524,0.532822,0.463812,0.423882,0.382423,0.465247,1.389709,0.690570,0.494465,0.432296,0.399276,0.358677
batch 2441,0.856742,0.664677,0.598917,0.584566,0.681959,0.575537,0.595699,0.468862,0.473259,0.523088,0.508421,0.722887,0.878972,0.222617,0.163778,0.132595,0.260580,0.373705,0.804334,0.612491,0.516031,0.423904,0.375162,0.469609,1.466200,0.640958,0.491805,0.379744,0.380902,0.327740
batch 2442,0.864559,0.641123,0.635442,0.634303,0.698646,0.592586,0.564654,0.467894,0.464731,0.525844,0.506850,0.749579,0.804960,0.219407,0.170455,0.142183,0.288307,0.397829,0.774475,0.627243,0.512047,0.402655,0.414325,0.455358,1.482674,0.706949,0.500540,0.395045,0.374105,0.329130
batch 2443,0.798690,0.644193,0.616799,0.609896,0.691425,0.585402,0.594542,0.472862,0.472740,0.518934,0.520341,0.747589,0.753942,0.271400,0.180856,0.151916,0.278460,0.395876,0.681356,0.504886,0.461250,0.442752,0.390618,0.487353,1.425099,0.700850,0.543281,0.463860,0.402082,0.376973
batch 2444,0.705938,0.613507,0.586306,0.598168,0.676961,0.607443,0.537994,0.467210,0.466043,0.516471,0.514624,0.747850,0.651241,0.262023,0.179955,0.145905,0.274601,0.406828,0.726176,0.551979,0.473283,0.437703,0.413308,0.465905,1.542036,0.749586,0.557065,0.455903,0.429765,0.387668
batch 2445,0.761201,0.651537,0.618448,0.633132,0.716564,0.608134,0.540478,0.456416,0.458348,0.520802,0.511676,0.751225,0.693019,0.238752,0.186868,0.149909,0.283289,0.405478,0.756986,0.553396,0.475960,0.462760,0.433116,0.438014,1.520615,0.705894,0.536335,0.444270,0.401628,0.370619
batch 2446,0.714958,0.610932,0.603253,0.639788,0.725148,0.623700,0.514418,0.458038,0.462114,0.514137,0.508343,0.762190,0.638270,0.241533,0.170874,0.141848,0.288277,0.426137,0.725819,0.534173,0.458188,0.439569,0.410007,0.447535,1.492177,0.744168,0.551254,0.474338,0.416860,0.381991
batch 2447,0.740045,0.588102,0.569239,0.557320,0.643394,0.559172,0.557382,0.454397,0.444055,0.517493,0.496833,0.730807,0.704168,0.275794,0.167591,0.124195,0.251332,0.387521,0.706256,0.503044,0.462213,0.490923,0.383900,0.493319,1.523860,0.708815,0.530144,0.460532,0.405913,0.367712
batch 2448,0.800863,0.693689,0.674674,0.697230,0.668672,0.624473,0.571377,0.479602,0.481906,0.538122,0.525181,0.837011,0.794959,0.233732,0.165825,0.147793,0.278299,0.451412,0.796960,0.572459,0.471771,0.506998,0.458261,0.468980,1.629449,0.729780,0.523920,0.475856,0.419462,0.372508
batch 2449,0.736737,0.635688,0.617027,0.631563,0.675467,0.592394,0.529424,0.454742,0.463805,0.526887,0.524218,0.780025,0.690933,0.242839,0.161702,0.139334,0.274426,0.419766,0.724336,0.574548,0.508171,0.454366,0.387286,0.432603,1.537527,0.762263,0.551055,0.437763,0.421734,0.377057
batch 2450,0.930283,0.694357,0.628419,0.584901,0.616123,0.575502,0.631241,0.495456,0.487298,0.513095,0.527997,0.735109,0.892210,0.224585,0.173380,0.134052,0.249987,0.393194,0.799754,0.630643,0.534898,0.459908,0.368444,0.475485,1.511394,0.704258,0.489916,0.394302,0.366983,0.333721
batch 2451,0.886550,0.696352,0.642254,0.630365,0.702554,0.629605,0.616310,0.475689,0.474244,0.526690,0.523565,0.743663,0.840138,0.241314,0.174290,0.139030,0.278213,0.403395,0.758153,0.592878,0.508576,0.460845,0.386159,0.419015,1.477076,0.721533,0.516956,0.430945,0.365039,0.353862
batch 2452,0.892454,0.702671,0.647423,0.644248,0.708936,0.607693,0.584589,0.459532,0.456761,0.513775,0.525256,0.725908,0.824417,0.214681,0.173740,0.126414,0.275908,0.392626,0.791120,0.563609,0.535731,0.509376,0.400074,0.473412,1.609630,0.695437,0.506463,0.436242,0.398606,0.324291
batch 2453,0.762888,0.632767,0.619044,0.629481,0.702862,0.559333,0.564997,0.474251,0.473601,0.534698,0.514566,0.729942,0.746474,0.259006,0.165948,0.138846,0.263035,0.382405,0.697379,0.506132,0.468487,0.432318,0.427096,0.490205,1.466627,0.699809,0.534810,0.470949,0.415990,0.372981
batch 2454,0.749254,0.641287,0.604262,0.608113,0.662638,0.590157,0.576173,0.458785,0.459362,0.523535,0.529127,0.735741,0.685884,0.250080,0.171629,0.137310,0.272154,0.395924,0.746326,0.580425,0.512838,0.440545,0.404203,0.452037,1.508248,0.765889,0.547255,0.469655,0.403361,0.362937
batch 2455,0.789116,0.663006,0.614704,0.642715,0.759998,0.619126,0.577963,0.479095,0.482520,0.541481,0.489720,0.755570,0.799935,0.220941,0.172412,0.135100,0.281683,0.405723,0.703193,0.543525,0.494674,0.528439,0.360475,0.505931,1.498871,0.706167,0.527984,0.472248,0.395766,0.366676
batch 2456,0.743789,0.606590,0.597260,0.592722,0.636756,0.599208,0.556619,0.456296,0.450277,0.515578,0.503857,0.718877,0.737241,0.263819,0.184352,0.134123,0.254779,0.393850,0.698916,0.519077,0.470562,0.419318,0.402417,0.452533,1.440943,0.687804,0.535573,0.439563,0.431900,0.376937
batch 2457,0.800739,0.653285,0.631278,0.649257,0.771634,0.634040,0.567691,0.485421,0.492817,0.538740,0.510982,0.708909,0.781074,0.238756,0.166058,0.136472,0.277353,0.385034,0.703847,0.557869,0.487439,0.437858,0.403657,0.471965,1.482180,0.703297,0.539839,0.459278,0.392656,0.358212
batch 2458,0.768769,0.630341,0.606082,0.607141,0.667411,0.603980,0.574900,0.465684,0.468478,0.526476,0.534050,0.766598,0.708728,0.261685,0.179606,0.140761,0.278643,0.413085,0.728717,0.562931,0.484538,0.434799,0.376192,0.460593,1.442497,0.726158,0.516904,0.428295,0.416618,0.377682
batch 2459,0.822697,0.653259,0.655979,0.643833,0.688965,0.583437,0.572849,0.476919,0.470690,0.530579,0.535898,0.744428,0.767719,0.248946,0.162834,0.135514,0.283770,0.399440,0.726914,0.550389,0.476516,0.423385,0.388640,0.490141,1.456428,0.712018,0.540195,0.479773,0.417076,0.364766
batch 2460,0.804048,0.659802,0.598864,0.615127,0.680729,0.627238,0.557031,0.452929,0.461652,0.532647,0.537937,0.763671,0.764027,0.232718,0.162769,0.129393,0.276612,0.417395,0.812409,0.586726,0.514487,0.445296,0.431915,0.432066,1.610105,0.758707,0.552195,0.459651,0.408353,0.350036
batch 2461,0.736722,0.615160,0.589958,0.622471,0.701582,0.625742,0.564944,0.471072,0.471773,0.543614,0.525606,0.792189,0.699113,0.256296,0.184672,0.154208,0.290758,0.433618,0.745018,0.553202,0.446916,0.452168,0.426457,0.456523,1.506178,0.707351,0.514596,0.435097,0.389016,0.355506
batch 2462,0.783033,0.640842,0.605957,0.621358,0.705588,0.609878,0.549970,0.461367,0.471346,0.518255,0.509783,0.731952,0.751084,0.232184,0.166379,0.132959,0.315230,0.402548,0.726868,0.557334,0.459265,0.442543,0.445011,0.454820,1.366603,0.654885,0.503157,0.450522,0.385778,0.333672
batch 2463,0.949974,0.678457,0.618784,0.614924,0.682838,0.596596,0.647298,0.483014,0.476787,0.536236,0.546740,0.765635,0.894749,0.225201,0.156159,0.137074,0.278446,0.406368,0.760718,0.578972,0.551672,0.448914,0.392741,0.437678,1.500682,0.714665,0.532289,0.436272,0.372380,0.319535
batch 2464,0.736300,0.619784,0.594563,0.595982,0.662297,0.585612,0.566451,0.472557,0.475584,0.533438,0.513811,0.750190,0.710589,0.266440,0.186499,0.141435,0.265980,0.414617,0.719085,0.534075,0.486550,0.427396,0.358690,0.468660,1.512361,0.723979,0.516268,0.479329,0.422309,0.377709
batch 2465,0.730368,0.624470,0.592593,0.615467,0.709449,0.585678,0.528396,0.463345,0.459242,0.518092,0.522610,0.755571,0.703519,0.244665,0.177127,0.147439,0.271262,0.395969,0.734296,0.528051,0.476769,0.457872,0.426560,0.476506,1.500251,0.725542,0.567683,0.465806,0.421384,0.373937
batch 2466,0.706753,0.600579,0.589590,0.625487,0.720030,0.596681,0.509420,0.462176,0.472941,0.518478,0.501522,0.753669,0.655403,0.251546,0.172300,0.146690,0.275477,0.412849,0.680883,0.524189,0.461964,0.422664,0.400637,0.467002,1.451663,0.726849,0.542795,0.454349,0.432192,0.380634
batch 2467,0.809668,0.652966,0.633724,0.657478,0.733136,0.643265,0.587358,0.476973,0.484555,0.541898,0.541420,0.760757,0.778502,0.254856,0.154991,0.135958,0.283391,0.429139,0.754286,0.550059,0.484635,0.442177,0.418418,0.476769,1.459752,0.723670,0.538770,0.476001,0.421863,0.379684
batch 2468,0.805553,0.639805,0.650694,0.627435,0.715438,0.615671,0.539997,0.464897,0.463991,0.530741,0.520441,0.748703,0.778412,0.211514,0.151161,0.145663,0.275608,0.398927,0.791090,0.615717,0.523408,0.463704,0.443852,0.429287,1.569052,0.773963,0.512230,0.418242,0.385321,0.335897
batch 2469,0.702196,0.591016,0.578981,0.597597,0.697119,0.642100,0.570026,0.474762,0.484975,0.540296,0.529386,0.830682,0.687540,0.263198,0.171105,0.138544,0.295453,0.478323,0.710484,0.529170,0.458391,0.502894,0.400408,0.464760,1.523297,0.721854,0.533442,0.421981,0.417716,0.372980
batch 2470,0.806791,0.663025,0.609438,0.627074,0.671752,0.594943,0.579695,0.481246,0.487727,0.535502,0.511957,0.729172,0.754302,0.271017,0.191550,0.161646,0.261196,0.395421,0.673218,0.526854,0.475970,0.442644,0.383943,0.442742,1.483333,0.713102,0.532138,0.457031,0.406054,0.384821
batch 2471,0.770068,0.644733,0.613843,0.637513,0.709344,0.589853,0.590106,0.466044,0.469018,0.536714,0.531456,0.758291,0.737902,0.233169,0.159817,0.138705,0.288545,0.400831,0.739570,0.535934,0.453674,0.448100,0.430741,0.470717,1.418544,0.719893,0.521467,0.461195,0.400420,0.362453
batch 2472,0.774844,0.658643,0.584435,0.585668,0.689904,0.593317,0.568432,0.464106,0.476878,0.520213,0.507289,0.722092,0.718298,0.265275,0.186597,0.155750,0.271950,0.387901,0.702705,0.512924,0.468098,0.443860,0.393432,0.472576,1.499296,0.711789,0.545068,0.468069,0.422398,0.396785
batch 2473,0.744964,0.640215,0.617636,0.627847,0.703928,0.621382,0.555969,0.462901,0.467603,0.545064,0.541412,0.797303,0.692182,0.244719,0.169228,0.134853,0.289345,0.432505,0.717461,0.526435,0.434358,0.499140,0.437447,0.470506,1.480337,0.711702,0.531986,0.448710,0.447084,0.388729
batch 2474,0.720366,0.584351,0.596731,0.582049,0.675153,0.579128,0.524505,0.448048,0.456579,0.528189,0.525201,0.759441,0.655935,0.254960,0.171981,0.134542,0.268015,0.412747,0.698689,0.527272,0.483450,0.444097,0.348975,0.449215,1.472978,0.691698,0.517657,0.440005,0.402381,0.360937
batch 2475,0.739556,0.632014,0.592286,0.605033,0.653793,0.574075,0.557947,0.469171,0.466353,0.527250,0.511219,0.745413,0.699007,0.245709,0.169984,0.134980,0.264264,0.407807,0.721045,0.566360,0.477841,0.417408,0.364936,0.462577,1.463583,0.732045,0.532489,0.433878,0.410438,0.378661
batch 2476,0.799344,0.634114,0.564197,0.567706,0.644905,0.581140,0.616237,0.485478,0.498285,0.520527,0.508154,0.772477,0.775105,0.299230,0.182100,0.144629,0.257746,0.440229,0.687561,0.545175,0.486043,0.441718,0.399086,0.467933,1.449317,0.698138,0.527640,0.431355,0.427087,0.372685
batch 2477,0.811910,0.649807,0.642079,0.649092,0.742131,0.648083,0.568576,0.481474,0.477418,0.536335,0.519157,0.740770,0.820351,0.257004,0.166882,0.142243,0.303935,0.403911,0.733800,0.530396,0.483313,0.429474,0.383712,0.509870,1.538504,0.690471,0.528044,0.453787,0.408235,0.371161
batch 2478,0.712809,0.637342,0.590572,0.622916,0.659712,0.559936,0.539192,0.456892,0.455744,0.522037,0.523786,0.758946,0.654400,0.249421,0.173197,0.145935,0.276755,0.399771,0.751155,0.537664,0.468855,0.489864,0.407739,0.447411,1.536232,0.749369,0.564220,0.447954,0.432599,0.388250
batch 2479,0.719814,0.614979,0.584943,0.613877,0.648038,0.579822,0.551794,0.451522,0.452487,0.517341,0.523328,0.774435,0.633712,0.246085,0.169069,0.140327,0.279022,0.418686,0.734107,0.531483,0.443996,0.439639,0.413386,0.464833,1.535085,0.772088,0.575065,0.454922,0.437206,0.390972
batch 2480,0.790195,0.632079,0.607482,0.612340,0.677335,0.616987,0.587457,0.480113,0.480908,0.541653,0.522780,0.808006,0.715785,0.246800,0.178387,0.146221,0.289458,0.450597,0.789337,0.561972,0.466300,0.498918,0.419770,0.469678,1.668662,0.733786,0.557509,0.455851,0.412116,0.376776
batch 2481,0.760463,0.640649,0.592820,0.592219,0.680043,0.600314,0.566029,0.460518,0.457921,0.522520,0.521882,0.761687,0.699694,0.269080,0.167854,0.144319,0.267142,0.402651,0.746320,0.552142,0.458841,0.447321,0.424350,0.457801,1.586621,0.749300,0.543248,0.490018,0.420141,0.373919
batch 2482,0.779400,0.640725,0.584535,0.587704,0.622738,0.555229,0.574691,0.457418,0.466873,0.511722,0.499397,0.733146,0.834265,0.248416,0.177479,0.149716,0.249826,0.393735,0.758491,0.610874,0.551792,0.445258,0.405978,0.452162,1.440089,0.735407,0.517728,0.439046,0.368060,0.340029
batch 2483,0.867584,0.666356,0.646676,0.631410,0.714641,0.599704,0.583837,0.480772,0.475208,0.522732,0.516270,0.735507,0.831332,0.241174,0.180276,0.128302,0.271626,0.413976,0.648580,0.499674,0.489465,0.422763,0.396044,0.474054,1.350384,0.653287,0.505970,0.458219,0.402870,0.382946
batch 2484,0.877870,0.651860,0.625798,0.619826,0.711403,0.624308,0.599997,0.475047,0.475438,0.536589,0.511034,0.773036,0.842014,0.229343,0.171621,0.140088,0.289750,0.417173,0.777622,0.585455,0.487280,0.410612,0.397065,0.472365,1.516192,0.743751,0.523022,0.398831,0.394046,0.351789
batch 2485,0.800345,0.685610,0.626654,0.651858,0.742818,0.658408,0.551955,0.476162,0.475481,0.549590,0.533288,0.761399,0.798058,0.221030,0.156749,0.135512,0.300267,0.422097,0.770551,0.599597,0.507006,0.426647,0.388811,0.478553,1.531944,0.704980,0.543476,0.430350,0.395431,0.345419
batch 2486,0.732053,0.618459,0.580487,0.609778,0.682796,0.611102,0.580919,0.469248,0.468776,0.533374,0.521507,0.758577,0.723315,0.255768,0.176461,0.148999,0.276572,0.401895,0.718958,0.519448,0.445968,0.437830,0.389230,0.477953,1.473070,0.684139,0.547366,0.449350,0.401137,0.376524
batch 2487,0.831885,0.634788,0.589293,0.578466,0.609637,0.587135,0.582961,0.462385,0.483503,0.537173,0.536695,0.771159,0.844718,0.202925,0.146790,0.125194,0.259132,0.422838,0.793533,0.666051,0.594112,0.461316,0.413215,0.411645,1.625314,0.773019,0.497562,0.410924,0.327117,0.299914
batch 2488,0.810367,0.646029,0.621924,0.630991,0.720889,0.602598,0.593553,0.480767,0.479023,0.538463,0.515426,0.744377,0.767211,0.246963,0.165573,0.132180,0.282042,0.410343,0.746700,0.537260,0.470243,0.456237,0.457968,0.447536,1.571845,0.727591,0.560109,0.477386,0.403943,0.368692
batch 2489,0.845625,0.659269,0.663506,0.655667,0.757517,0.631196,0.572547,0.474905,0.473342,0.524930,0.526372,0.737214,0.850690,0.222870,0.159972,0.131355,0.296168,0.399879,0.764649,0.585456,0.526240,0.478344,0.426215,0.467073,1.632042,0.757544,0.551559,0.452817,0.391136,0.348056
batch 2490,0.770295,0.612156,0.573222,0.579098,0.667938,0.582798,0.629970,0.490695,0.494858,0.538482,0.514957,0.724520,0.798506,0.245972,0.188201,0.133321,0.260928,0.390794,0.751907,0.568919,0.521239,0.431181,0.415858,0.454126,1.525435,0.699002,0.518650,0.450984,0.395559,0.358377
batch 2491,0.825460,0.650427,0.606568,0.595097,0.644704,0.576857,0.634226,0.492253,0.488604,0.540520,0.548029,0.709823,0.815499,0.263851,0.163494,0.151436,0.264553,0.379206,0.763228,0.592746,0.536859,0.449582,0.414342,0.450786,1.543719,0.734572,0.538108,0.440192,0.401874,0.337693
batch 2492,0.785660,0.642990,0.604682,0.595338,0.676763,0.606196,0.554839,0.453825,0.461065,0.516361,0.511265,0.761489,0.687728,0.233695,0.161850,0.132979,0.267707,0.423105,0.693627,0.519638,0.479724,0.505041,0.371161,0.469366,1.496485,0.734427,0.553589,0.457747,0.429610,0.380133
batch 2493,0.774279,0.614851,0.586376,0.591524,0.656124,0.590630,0.572737,0.468825,0.468424,0.525468,0.514268,0.734977,0.713960,0.268104,0.164989,0.136807,0.274721,0.393473,0.706231,0.553341,0.485159,0.407600,0.372448,0.471222,1.475522,0.726737,0.534908,0.460616,0.411292,0.379625
batch 2494,0.762800,0.637366,0.613098,0.646888,0.693845,0.612937,0.550003,0.464125,0.468399,0.533819,0.523051,0.772636,0.731024,0.252982,0.161715,0.137054,0.278467,0.418855,0.726454,0.564361,0.474970,0.429283,0.401058,0.447830,1.555544,0.753711,0.560480,0.468001,0.415323,0.389507
batch 2495,0.788011,0.662582,0.621566,0.641588,0.659897,0.604717,0.567767,0.483604,0.475794,0.525313,0.509411,0.737470,0.739616,0.252040,0.166386,0.134235,0.271863,0.389210,0.719549,0.545807,0.511317,0.457966,0.411568,0.483064,1.565154,0.730409,0.540026,0.472251,0.429046,0.371964
batch 2496,0.778727,0.603193,0.604316,0.641186,0.733332,0.632034,0.571334,0.478607,0.480712,0.522104,0.500525,0.773673,0.731061,0.231277,0.169753,0.140583,0.276695,0.425042,0.691706,0.541474,0.486222,0.472212,0.388202,0.485933,1.434786,0.708230,0.529555,0.447100,0.423330,0.386667
batch 2497,0.782346,0.637234,0.624745,0.601589,0.675031,0.601818,0.540829,0.460433,0.474035,0.523681,0.517220,0.711036,0.772614,0.229174,0.165404,0.144450,0.267110,0.381102,0.748297,0.570452,0.495025,0.398899,0.386767,0.461369,1.346849,0.630033,0.460578,0.406990,0.379594,0.336328
batch 2498,0.737478,0.632514,0.600628,0.622092,0.715432,0.597816,0.555928,0.460248,0.463203,0.520877,0.514438,0.756780,0.718017,0.246003,0.173839,0.152861,0.276977,0.413731,0.729012,0.527708,0.489241,0.462579,0.411149,0.452886,1.510791,0.739368,0.556355,0.477213,0.410797,0.373923
batch 2499,0.756309,0.644646,0.605281,0.638511,0.751461,0.613249,0.566206,0.470616,0.473768,0.534586,0.517425,0.752515,0.687632,0.253135,0.175481,0.141701,0.284864,0.414149,0.701096,0.526400,0.457265,0.442489,0.411252,0.484993,1.526477,0.748261,0.547547,0.469329,0.431081,0.397962
batch 2500,0.782778,0.651794,0.606384,0.613717,0.696525,0.605874,0.573871,0.478483,0.472474,0.528062,0.509885,0.771112,0.726159,0.250460,0.172946,0.139742,0.274279,0.425302,0.707067,0.536896,0.471174,0.433241,0.408366,0.450628,1.537335,0.726981,0.540045,0.444679,0.428444,0.379424
batch 2501,0.834186,0.644785,0.590688,0.591889,0.646412,0.561049,0.561527,0.457485,0.472665,0.524731,0.537111,0.756630,0.779181,0.238335,0.154751,0.122562,0.263010,0.392696,0.793656,0.583026,0.532533,0.458507,0.425408,0.471451,1.509692,0.686371,0.498754,0.435018,0.376582,0.333838
batch 2502,0.813345,0.638138,0.615619,0.636889,0.733447,0.613140,0.583490,0.477727,0.483071,0.522164,0.517201,0.778292,0.725039,0.255049,0.173849,0.133559,0.279157,0.432194,0.678539,0.513300,0.489286,0.462183,0.414868,0.479047,1.452829,0.710939,0.535865,0.447089,0.437236,0.388447
batch 2503,0.716587,0.624779,0.591829,0.636962,0.681360,0.593414,0.530700,0.452717,0.452800,0.515847,0.521474,0.730929,0.657562,0.245184,0.169223,0.144784,0.264652,0.390011,0.712921,0.556087,0.480756,0.432205,0.382118,0.469664,1.482832,0.726911,0.544351,0.459444,0.426810,0.382342
batch 2504,0.742842,0.636166,0.612546,0.646072,0.736487,0.566974,0.550548,0.465952,0.469812,0.529722,0.514934,0.744810,0.692927,0.229022,0.160990,0.132941,0.273937,0.389450,0.695163,0.523091,0.461959,0.470380,0.396875,0.484632,1.603890,0.728173,0.566932,0.465361,0.423231,0.401274
batch 2505,0.699701,0.592498,0.554331,0.571474,0.678886,0.562240,0.556680,0.451470,0.466917,0.502165,0.486446,0.744151,0.646589,0.256518,0.177610,0.158252,0.264793,0.406932,0.666890,0.512792,0.463187,0.455312,0.419275,0.475157,1.509443,0.741026,0.561838,0.449073,0.447434,0.383848
batch 2506,0.729136,0.627987,0.579710,0.636032,0.701687,0.574655,0.548514,0.469678,0.478021,0.527955,0.515846,0.707916,0.681168,0.265465,0.184077,0.147935,0.266905,0.374310,0.739059,0.567223,0.495913,0.434189,0.390927,0.457795,1.477301,0.720438,0.526594,0.461774,0.399551,0.373306
batch 2507,0.756070,0.611116,0.582289,0.607448,0.672968,0.596597,0.572779,0.474181,0.468618,0.522565,0.515243,0.750043,0.720057,0.269594,0.183002,0.134322,0.262739,0.406594,0.732338,0.526555,0.456908,0.436843,0.424257,0.456647,1.431480,0.713454,0.524781,0.456411,0.426164,0.374756
batch 2508,0.752883,0.633778,0.618811,0.628761,0.697797,0.611064,0.559201,0.468320,0.467879,0.514856,0.506396,0.768540,0.658699,0.239864,0.176243,0.144076,0.285815,0.412945,0.758977,0.578631,0.481312,0.421128,0.389908,0.434269,1.476764,0.756972,0.545517,0.457855,0.400792,0.368437
batch 2509,0.728066,0.609909,0.581633,0.607981,0.669633,0.555874,0.586418,0.442851,0.448701,0.513963,0.541783,0.776812,0.664531,0.237777,0.175318,0.142664,0.299773,0.414685,0.727903,0.541148,0.480824,0.488126,0.460880,0.454257,1.449075,0.729364,0.533815,0.467245,0.414681,0.351978
batch 2510,0.770662,0.634646,0.599688,0.623520,0.697831,0.582275,0.576228,0.453935,0.455899,0.513661,0.512303,0.782432,0.716199,0.243192,0.178042,0.142118,0.270109,0.423349,0.728013,0.530618,0.494595,0.434151,0.413137,0.444111,1.538624,0.735343,0.538314,0.447240,0.434232,0.388736
batch 2511,0.786132,0.627503,0.606092,0.616829,0.681039,0.575063,0.574006,0.462253,0.472888,0.523406,0.523004,0.732462,0.739481,0.232166,0.175844,0.147685,0.270524,0.395618,0.700335,0.569955,0.520999,0.431579,0.367217,0.487616,1.498067,0.680358,0.464083,0.427501,0.396793,0.365146
batch 2512,0.759448,0.617352,0.611666,0.624856,0.700120,0.597480,0.570128,0.463007,0.459037,0.524792,0.518023,0.750544,0.720542,0.246247,0.176434,0.138710,0.272533,0.400604,0.678596,0.526957,0.465284,0.428106,0.379297,0.473708,1.422936,0.693491,0.527465,0.449557,0.434315,0.379035
batch 2513,0.795983,0.631334,0.587869,0.598823,0.679115,0.592697,0.572514,0.468341,0.476245,0.520598,0.509878,0.757297,0.712469,0.260731,0.172873,0.139937,0.261362,0.422169,0.716448,0.534234,0.484078,0.441708,0.441700,0.447997,1.464425,0.729688,0.519611,0.427016,0.403917,0.348131
batch 2514,0.789705,0.667343,0.602102,0.619270,0.665868,0.560756,0.557241,0.447752,0.460744,0.512127,0.507093,0.719953,0.740659,0.213273,0.148947,0.127097,0.263169,0.370033,0.739582,0.615313,0.544446,0.449389,0.464512,0.413355,1.538625,0.737054,0.534870,0.418717,0.375371,0.319793
batch 2515,0.800347,0.634409,0.609778,0.619647,0.700896,0.647457,0.595920,0.474299,0.473963,0.527428,0.505290,0.770825,0.780557,0.244313,0.177845,0.151981,0.269519,0.422675,0.739663,0.535030,0.493583,0.489486,0.442734,0.474418,1.593340,0.743193,0.565743,0.484897,0.421280,0.373257
batch 2516,0.792974,0.631951,0.602548,0.616660,0.706680,0.578891,0.557801,0.468044,0.461331,0.529886,0.524734,0.763853,0.773416,0.214900,0.159047,0.129028,0.270848,0.398750,0.738737,0.564592,0.513610,0.489191,0.421125,0.447257,1.555346,0.671306,0.512063,0.461756,0.357889,0.338322
batch 2517,0.766408,0.603720,0.583420,0.605653,0.664110,0.596646,0.569174,0.459657,0.466114,0.520636,0.513747,0.722235,0.752391,0.246054,0.185197,0.141597,0.266448,0.384907,0.733653,0.556225,0.495967,0.432701,0.372007,0.465562,1.508012,0.734047,0.555681,0.458289,0.423309,0.390361
batch 2518,0.795727,0.637875,0.603896,0.608465,0.692827,0.604571,0.567101,0.464652,0.462092,0.519161,0.516012,0.774560,0.730770,0.247473,0.168284,0.147018,0.281008,0.427616,0.722830,0.526556,0.460255,0.455806,0.413684,0.451983,1.506303,0.743217,0.556044,0.463502,0.420758,0.372858
batch 2519,0.804092,0.638922,0.612070,0.632281,0.743753,0.612225,0.591333,0.472719,0.462665,0.534564,0.544600,0.750843,0.747659,0.234468,0.162641,0.134303,0.286421,0.394812,0.719929,0.525134,0.480250,0.442708,0.416945,0.448770,1.557791,0.708981,0.530459,0.480443,0.416980,0.385056
batch 2520,0.869148,0.647241,0.618362,0.610259,0.695497,0.586084,0.615706,0.466672,0.481200,0.538036,0.552297,0.748359,0.807841,0.223364,0.159737,0.120464,0.271585,0.419195,0.774474,0.589474,0.557347,0.460249,0.461516,0.446847,1.588691,0.741036,0.536474,0.439192,0.365248,0.306047
batch 2521,0.780266,0.594682,0.605074,0.589409,0.701835,0.596538,0.553686,0.453905,0.459429,0.517361,0.496081,0.713705,0.713871,0.253387,0.167472,0.142225,0.258646,0.384766,0.681281,0.540749,0.515422,0.422161,0.359491,0.484936,1.512129,0.622639,0.488710,0.428613,0.415046,0.379740
batch 2522,0.711176,0.592476,0.571838,0.593678,0.680931,0.563368,0.540452,0.465437,0.465751,0.524245,0.516691,0.731369,0.684821,0.249730,0.154770,0.128277,0.277289,0.382538,0.639148,0.507669,0.448878,0.467848,0.382851,0.499083,1.420810,0.689553,0.525705,0.441894,0.416684,0.375126
batch 2523,0.761040,0.661641,0.596657,0.611699,0.674717,0.620796,0.561747,0.467959,0.457354,0.516922,0.520920,0.732666,0.695581,0.249140,0.180105,0.153935,0.266708,0.403094,0.763077,0.553289,0.499579,0.431217,0.396878,0.467547,1.555093,0.759286,0.546701,0.451339,0.437860,0.379529
batch 2524,0.727477,0.590494,0.554624,0.565933,0.691831,0.564616,0.563404,0.442146,0.451358,0.504223,0.505137,0.728530,0.668069,0.245073,0.153422,0.139874,0.265064,0.385798,0.681969,0.542131,0.499722,0.451246,0.397041,0.505225,1.508536,0.722841,0.523431,0.453331,0.402989,0.364797
batch 2525,0.759932,0.623454,0.592893,0.608563,0.674837,0.582560,0.561254,0.472855,0.457237,0.517443,0.517957,0.735097,0.703248,0.272495,0.176484,0.132358,0.266686,0.397863,0.718177,0.533529,0.466355,0.458095,0.389017,0.454376,1.482818,0.729267,0.558662,0.472166,0.425846,0.381550
batch 2526,0.719785,0.598475,0.576587,0.605436,0.671001,0.583645,0.563367,0.461202,0.464371,0.522450,0.517670,0.751274,0.709326,0.269659,0.164868,0.149634,0.276018,0.408596,0.751753,0.559962,0.485860,0.422404,0.400239,0.484742,1.489034,0.719375,0.527238,0.466740,0.403812,0.357230
batch 2527,0.758961,0.631043,0.597867,0.611992,0.694381,0.632867,0.533021,0.461751,0.472167,0.538696,0.526338,0.786655,0.752159,0.207391,0.149896,0.128465,0.285804,0.419161,0.747017,0.574497,0.479045,0.456559,0.443040,0.455070,1.568837,0.744625,0.523606,0.460434,0.402573,0.336902
batch 2528,0.702911,0.586496,0.565930,0.574840,0.666727,0.553260,0.553484,0.455714,0.473601,0.520456,0.501315,0.747498,0.634447,0.245314,0.168993,0.145733,0.256076,0.399712,0.706321,0.515809,0.488842,0.470575,0.412520,0.466334,1.483380,0.751348,0.542236,0.471515,0.402436,0.371638
batch 2529,0.758921,0.636519,0.596915,0.588401,0.625584,0.559685,0.561246,0.459619,0.461798,0.525048,0.525068,0.722558,0.721877,0.260931,0.178212,0.147360,0.264871,0.381172,0.743383,0.549840,0.487378,0.458950,0.397529,0.458863,1.598241,0.773488,0.557703,0.483146,0.425056,0.393553
batch 2530,0.726689,0.602348,0.565340,0.586634,0.653725,0.551709,0.548803,0.451236,0.451361,0.509241,0.499942,0.710635,0.664047,0.250444,0.169148,0.132893,0.251793,0.366219,0.674947,0.522613,0.471912,0.419329,0.368751,0.477255,1.415718,0.692144,0.530829,0.454363,0.416812,0.397181
batch 2531,0.741796,0.611099,0.590005,0.620467,0.663679,0.558414,0.625187,0.474055,0.484539,0.532045,0.526753,0.715359,0.736174,0.252992,0.177785,0.147159,0.256737,0.371040,0.759986,0.552121,0.507483,0.442976,0.411085,0.451757,1.564343,0.734740,0.544603,0.450323,0.428244,0.367606
batch 2532,0.846753,0.692413,0.639655,0.633770,0.683485,0.562404,0.594408,0.491704,0.482303,0.520333,0.518058,0.767293,0.803893,0.243107,0.190522,0.146353,0.276824,0.402555,0.770081,0.574750,0.496901,0.428048,0.413120,0.507084,1.577331,0.718188,0.523065,0.454723,0.386260,0.344691
batch 2533,0.772195,0.628117,0.585698,0.611620,0.690199,0.566008,0.544120,0.451793,0.467417,0.519683,0.506904,0.726602,0.702943,0.247424,0.173552,0.144400,0.256780,0.376719,0.726494,0.531911,0.467967,0.473783,0.415915,0.465843,1.485740,0.737259,0.539335,0.460243,0.418615,0.384655
batch 2534,0.856961,0.686264,0.616896,0.651223,0.670676,0.580006,0.591394,0.465250,0.467379,0.519851,0.537323,0.757382,0.800657,0.227459,0.161209,0.128254,0.276513,0.400442,0.772809,0.611901,0.532398,0.432098,0.414224,0.411919,1.485166,0.745136,0.541385,0.431082,0.385743,0.326247
batch 2535,0.742811,0.619430,0.591419,0.602948,0.721305,0.579365,0.586461,0.459172,0.465394,0.523110,0.517091,0.691960,0.771802,0.249049,0.193395,0.170704,0.276505,0.365714,0.743022,0.575525,0.528229,0.449809,0.379360,0.465066,1.591617,0.713775,0.524359,0.449869,0.406289,0.387801
batch 2536,0.707276,0.607842,0.615781,0.637647,0.691057,0.599393,0.554573,0.476094,0.477917,0.537822,0.521796,0.798972,0.647102,0.236269,0.162126,0.139456,0.296840,0.427720,0.726522,0.516850,0.449642,0.484185,0.424761,0.472207,1.479039,0.713637,0.545105,0.436393,0.400493,0.384921
batch 2537,0.786608,0.641364,0.614188,0.613746,0.693124,0.613498,0.560578,0.468662,0.458243,0.514523,0.506471,0.746162,0.731672,0.264961,0.167618,0.140234,0.295600,0.404940,0.685783,0.515088,0.477803,0.432565,0.387683,0.468045,1.453933,0.713307,0.536675,0.450850,0.427734,0.388168
batch 2538,0.789775,0.651789,0.613044,0.655056,0.727677,0.617522,0.548231,0.460707,0.474851,0.537632,0.517542,0.740146,0.855763,0.246609,0.168284,0.138390,0.283397,0.402370,0.777994,0.580101,0.460680,0.437888,0.447789,0.459251,1.569510,0.742429,0.547156,0.473694,0.403725,0.362413
batch 2539,0.820343,0.681994,0.620980,0.652038,0.705894,0.608871,0.581968,0.473630,0.478419,0.540431,0.521228,0.724228,0.802774,0.246243,0.175221,0.136656,0.286868,0.391652,0.721915,0.549986,0.503718,0.445938,0.416958,0.432232,1.534500,0.742297,0.553008,0.470300,0.400667,0.358312
batch 2540,0.823076,0.660872,0.650423,0.638919,0.711721,0.641812,0.601892,0.487127,0.484577,0.539451,0.523870,0.768035,0.828295,0.227430,0.169521,0.135525,0.294163,0.429544,0.727147,0.574826,0.476546,0.474154,0.405712,0.495521,1.553761,0.709495,0.537374,0.491284,0.399494,0.375685
batch 2541,0.740376,0.612014,0.575472,0.580264,0.671163,0.600011,0.576795,0.471024,0.464538,0.521072,0.505162,0.773218,0.710803,0.263256,0.176493,0.143271,0.276853,0.429702,0.700194,0.539260,0.452292,0.451573,0.399638,0.450441,1.540965,0.715722,0.521338,0.441693,0.417859,0.381826
batch 2542,0.735897,0.585015,0.584656,0.587629,0.689413,0.582535,0.559856,0.481086,0.473864,0.513609,0.502864,0.741579,0.699707,0.276858,0.178479,0.145030,0.257266,0.402000,0.725614,0.532743,0.474756,0.459900,0.398212,0.474056,1.509942,0.710957,0.529768,0.458940,0.424064,0.370746
batch 2543,0.756185,0.641363,0.601015,0.602976,0.687635,0.587251,0.553976,0.475029,0.473441,0.526464,0.510732,0.728470,0.723066,0.267537,0.169100,0.145844,0.268310,0.391893,0.684878,0.512433,0.460065,0.423212,0.405707,0.481933,1.470637,0.695151,0.522982,0.467133,0.424650,0.368341
batch 2544,0.683599,0.592219,0.565004,0.601001,0.657376,0.576105,0.520950,0.463739,0.454846,0.511176,0.496647,0.747669,0.659427,0.246382,0.160787,0.135711,0.255080,0.409359,0.660830,0.498227,0.438353,0.463467,0.395372,0.450581,1.413712,0.713261,0.552245,0.444612,0.421083,0.378627
batch 2545,0.814633,0.648419,0.588978,0.584403,0.645287,0.572763,0.567476,0.448963,0.454802,0.529836,0.560259,0.729304,0.740761,0.243911,0.169018,0.147336,0.265953,0.386524,0.795964,0.626600,0.549542,0.439409,0.458254,0.437456,1.590350,0.789941,0.546767,0.433668,0.391910,0.320558
batch 2546,0.854104,0.679010,0.617845,0.623130,0.716608,0.609111,0.624715,0.490808,0.485084,0.548532,0.527953,0.750116,0.828152,0.263561,0.178759,0.145033,0.290683,0.401198,0.803489,0.576910,0.508777,0.441025,0.407600,0.473422,1.571510,0.731275,0.541724,0.466356,0.390563,0.335579
batch 2547,0.800203,0.634597,0.631408,0.640097,0.682235,0.580481,0.554903,0.458981,0.463909,0.516475,0.536324,0.721249,0.779740,0.220582,0.168532,0.133928,0.277356,0.381146,0.782718,0.586356,0.497000,0.424852,0.402544,0.506445,1.552510,0.718503,0.527418,0.466416,0.389199,0.339811
batch 2548,0.737813,0.629474,0.594053,0.627867,0.730631,0.617693,0.536977,0.468546,0.468980,0.535658,0.526966,0.768235,0.691718,0.236272,0.165428,0.138448,0.284400,0.418112,0.695788,0.510399,0.459360,0.469238,0.408731,0.464460,1.469987,0.707255,0.535271,0.464141,0.419669,0.360242
batch 2549,0.802423,0.648895,0.625800,0.613461,0.672893,0.568636,0.590417,0.473542,0.469444,0.530828,0.535561,0.738086,0.783429,0.233910,0.149255,0.128662,0.277879,0.392388,0.785404,0.592603,0.512085,0.419947,0.422933,0.448932,1.574944,0.776421,0.550047,0.457703,0.418860,0.343131
batch 2550,0.798291,0.645582,0.618388,0.625083,0.703689,0.609454,0.570980,0.464054,0.469988,0.533401,0.529832,0.755822,0.706398,0.245936,0.174199,0.140897,0.277805,0.412602,0.759717,0.596908,0.499580,0.425678,0.397729,0.454020,1.525694,0.739130,0.526648,0.447151,0.398303,0.345708
batch 2551,0.830315,0.653876,0.622181,0.630678,0.698277,0.584933,0.618973,0.486453,0.481216,0.542140,0.536664,0.739715,0.768373,0.269901,0.174359,0.141933,0.278772,0.394352,0.748062,0.575865,0.492721,0.457427,0.374214,0.471938,1.617864,0.739616,0.555411,0.469297,0.418811,0.370214
batch 2552,0.774724,0.621268,0.603429,0.594595,0.688486,0.610298,0.567749,0.472703,0.478954,0.525532,0.513443,0.790271,0.692443,0.257586,0.168988,0.134935,0.269026,0.435030,0.679986,0.507193,0.455396,0.478872,0.400597,0.456842,1.385140,0.685971,0.540751,0.447948,0.426167,0.378357
batch 2553,0.756094,0.630954,0.610011,0.619233,0.693578,0.605474,0.523284,0.457900,0.471147,0.521786,0.521664,0.770168,0.736875,0.218707,0.157921,0.138211,0.272661,0.422530,0.707324,0.557968,0.485470,0.427897,0.389735,0.483230,1.545996,0.718498,0.510638,0.452021,0.419073,0.380898
batch 2554,0.847705,0.662168,0.648010,0.628878,0.708713,0.661334,0.597992,0.480117,0.476906,0.538025,0.529605,0.772081,0.871174,0.226415,0.158824,0.126102,0.287739,0.423000,0.740780,0.610610,0.461112,0.405374,0.339649,0.469230,1.335701,0.670218,0.462896,0.394903,0.378759,0.338868
batch 2555,0.735763,0.613132,0.604522,0.613217,0.702711,0.602109,0.545071,0.457744,0.467218,0.514153,0.490605,0.704455,0.709740,0.252893,0.169148,0.149731,0.268265,0.384551,0.663888,0.506064,0.463143,0.426284,0.384427,0.475264,1.437703,0.662869,0.535290,0.429029,0.428987,0.388048
batch 2556,0.789934,0.644436,0.631950,0.662204,0.742629,0.616508,0.548779,0.466613,0.474305,0.525087,0.488752,0.736269,0.725976,0.227531,0.172455,0.133521,0.274324,0.381832,0.746327,0.560917,0.503598,0.428380,0.413524,0.428972,1.443904,0.681032,0.528688,0.433301,0.384029,0.339710
batch 2557,0.869480,0.653062,0.601842,0.596385,0.664428,0.576339,0.641320,0.471941,0.483209,0.519854,0.510730,0.687975,0.855737,0.254641,0.168147,0.140750,0.264870,0.360186,0.775750,0.624101,0.534960,0.434086,0.366087,0.447887,1.585589,0.734232,0.528103,0.421324,0.367659,0.341829
batch 2558,0.767682,0.630773,0.578075,0.578017,0.650319,0.539982,0.627463,0.481899,0.481779,0.518374,0.513561,0.696212,0.732984,0.259098,0.181578,0.135736,0.254702,0.359158,0.705323,0.540290,0.501912,0.441208,0.378581,0.489147,1.504802,0.699161,0.551337,0.446683,0.428245,0.376629
batch 2559,0.747343,0.642139,0.599243,0.617380,0.666070,0.597294,0.526803,0.453366,0.457594,0.519460,0.515382,0.753647,0.738948,0.265813,0.168605,0.140223,0.278662,0.411633,0.741572,0.554602,0.491776,0.413075,0.360681,0.470590,1.561341,0.756762,0.554562,0.459761,0.411407,0.382563
batch 2560,0.776917,0.617211,0.604925,0.597912,0.751671,0.579974,0.588385,0.464323,0.467677,0.518294,0.506854,0.742770,0.709850,0.240030,0.159857,0.126169,0.269811,0.401755,0.710522,0.519626,0.497404,0.457263,0.453528,0.518375,1.422533,0.688044,0.515352,0.468129,0.410380,0.360694
batch 2561,0.709864,0.612359,0.586213,0.611280,0.696548,0.585633,0.518859,0.455154,0.464096,0.521725,0.496318,0.744606,0.705390,0.240548,0.153650,0.130539,0.258645,0.397574,0.736476,0.578986,0.519941,0.429214,0.368035,0.479876,1.558505,0.734343,0.547158,0.456093,0.388868,0.364412
batch 2562,0.698553,0.601342,0.565969,0.591171,0.676593,0.581569,0.524339,0.451693,0.461207,0.506009,0.494867,0.759809,0.654841,0.268548,0.168023,0.143311,0.264106,0.409924,0.703881,0.541081,0.464662,0.459056,0.410912,0.450543,1.506614,0.761644,0.559310,0.459532,0.426439,0.376458
batch 2563,0.774039,0.624924,0.623380,0.626830,0.691961,0.598893,0.573124,0.460438,0.459509,0.531963,0.513556,0.720354,0.737182,0.237043,0.160093,0.126861,0.269193,0.382061,0.708008,0.538854,0.487130,0.416664,0.388910,0.472755,1.453323,0.695516,0.528527,0.451613,0.422656,0.378921
batch 2564,0.719767,0.607415,0.589503,0.603423,0.687713,0.583126,0.532032,0.450319,0.461781,0.520551,0.497227,0.713865,0.643181,0.237926,0.178083,0.137155,0.264714,0.379865,0.702627,0.527460,0.470391,0.420081,0.375934,0.458522,1.458108,0.711885,0.543008,0.460719,0.413949,0.375740
batch 2565,0.738112,0.636954,0.591752,0.619929,0.653994,0.555704,0.558980,0.454150,0.449705,0.513002,0.518015,0.731588,0.697123,0.274063,0.162699,0.135393,0.265682,0.395103,0.742998,0.556998,0.502092,0.418622,0.388606,0.442765,1.499364,0.776810,0.555409,0.458137,0.406604,0.382575
batch 2566,0.761786,0.652646,0.605434,0.627363,0.721438,0.619254,0.536059,0.459954,0.460225,0.523718,0.527254,0.761381,0.700896,0.247073,0.172392,0.144813,0.287462,0.422115,0.717287,0.531769,0.470716,0.438199,0.420395,0.460194,1.453654,0.744537,0.562112,0.480368,0.418220,0.377062
batch 2567,0.807526,0.622895,0.627543,0.617019,0.669603,0.559342,0.593999,0.480392,0.469648,0.539424,0.524041,0.734867,0.783039,0.243769,0.164584,0.130524,0.267183,0.381287,0.712062,0.543461,0.506766,0.427917,0.389714,0.470549,1.510279,0.708612,0.527698,0.442962,0.419104,0.375812
batch 2568,0.787391,0.646528,0.600051,0.633833,0.693194,0.605639,0.592047,0.460308,0.465027,0.520436,0.518637,0.718589,0.750950,0.255058,0.180317,0.142110,0.264398,0.384100,0.750627,0.544444,0.490115,0.484668,0.392803,0.467801,1.490528,0.674143,0.541200,0.471232,0.393887,0.356783
batch 2569,0.684651,0.577741,0.575330,0.605200,0.714379,0.579467,0.525501,0.454369,0.463747,0.516908,0.493088,0.739835,0.641409,0.258686,0.166731,0.133365,0.268239,0.400148,0.639154,0.495044,0.459729,0.466365,0.399056,0.486953,1.419994,0.702716,0.534719,0.452534,0.412640,0.369119
batch 2570,0.686328,0.594294,0.561628,0.596328,0.712323,0.599591,0.511296,0.456683,0.462930,0.515531,0.495305,0.769893,0.630911,0.247836,0.177948,0.147093,0.274108,0.413374,0.702420,0.525163,0.472424,0.448135,0.396859,0.468541,1.464095,0.723115,0.539136,0.470989,0.425304,0.382754
batch 2571,0.780575,0.601626,0.582461,0.574528,0.683056,0.570952,0.576637,0.450392,0.456935,0.520443,0.520767,0.729235,0.720225,0.253434,0.159370,0.134682,0.259788,0.390063,0.674025,0.527036,0.476350,0.441563,0.439872,0.488887,1.436839,0.683444,0.512524,0.451715,0.418270,0.355092
batch 2572,0.778362,0.627800,0.621866,0.609358,0.693646,0.583578,0.564627,0.464489,0.474298,0.518659,0.520330,0.758142,0.701995,0.251168,0.177676,0.133331,0.271887,0.413412,0.710745,0.528603,0.485591,0.439781,0.404910,0.449234,1.475996,0.722564,0.541342,0.460164,0.422008,0.373882
batch 2573,0.745211,0.636411,0.583117,0.630157,0.669186,0.593442,0.545767,0.458057,0.466655,0.526803,0.518809,0.727754,0.701851,0.257615,0.178868,0.134953,0.280704,0.383147,0.732090,0.544885,0.495673,0.439269,0.372109,0.454052,1.517802,0.748842,0.565720,0.471520,0.419993,0.378081
batch 2574,0.799089,0.648702,0.617789,0.614246,0.709803,0.629272,0.575591,0.465214,0.463446,0.539008,0.537902,0.737325,0.755075,0.233768,0.155516,0.125757,0.278336,0.398777,0.793100,0.602948,0.527004,0.425386,0.388406,0.457174,1.664391,0.720015,0.551404,0.469739,0.393938,0.352850
batch 2575,0.965866,0.728417,0.681836,0.642845,0.725887,0.664399,0.661238,0.494091,0.496079,0.556829,0.550975,0.774093,0.966734,0.218674,0.186726,0.128145,0.291505,0.433356,0.856305,0.615512,0.564662,0.447851,0.425729,0.456822,1.583629,0.698178,0.490261,0.413914,0.369350,0.316406
batch 2576,0.771340,0.631726,0.610459,0.595765,0.675675,0.573389,0.545979,0.459317,0.450850,0.502107,0.508450,0.734321,0.695570,0.238488,0.180750,0.144557,0.265301,0.398841,0.731243,0.555673,0.501673,0.453264,0.407607,0.456409,1.562333,0.746398,0.542886,0.444903,0.433188,0.385441
batch 2577,0.753151,0.618361,0.609260,0.607499,0.672397,0.586523,0.539742,0.466046,0.460053,0.517956,0.506336,0.733035,0.709039,0.267922,0.172454,0.142826,0.262245,0.408795,0.678954,0.532784,0.455408,0.418432,0.377514,0.465335,1.419458,0.677706,0.510301,0.430737,0.422119,0.376348
batch 2578,0.753188,0.614770,0.579035,0.594174,0.677176,0.582469,0.585823,0.478207,0.486684,0.517173,0.529946,0.764149,0.716640,0.283031,0.186621,0.141613,0.282252,0.417436,0.677128,0.501127,0.450439,0.463893,0.421716,0.447985,1.422055,0.725129,0.551770,0.455165,0.416352,0.363214
batch 2579,0.813619,0.663571,0.609080,0.595381,0.654084,0.571891,0.613964,0.473622,0.457900,0.523663,0.514370,0.725182,0.778520,0.273600,0.177564,0.149497,0.265141,0.384656,0.737502,0.559773,0.500746,0.439304,0.401230,0.433083,1.499495,0.739993,0.537100,0.435088,0.419890,0.351578
batch 2580,0.781909,0.642302,0.613764,0.633800,0.731752,0.628468,0.573181,0.469989,0.478856,0.538297,0.522519,0.755904,0.773246,0.223323,0.165768,0.128958,0.291907,0.401842,0.752417,0.528649,0.516508,0.478101,0.390635,0.484487,1.603349,0.757563,0.545245,0.470378,0.402355,0.376935
batch 2581,0.776973,0.633556,0.591495,0.598962,0.714631,0.593259,0.583805,0.477319,0.472264,0.533168,0.522276,0.732552,0.766933,0.266886,0.180186,0.146262,0.265780,0.409968,0.679374,0.535075,0.450653,0.454277,0.383776,0.468395,1.511830,0.718747,0.538675,0.448032,0.426302,0.386958
batch 2582,0.727250,0.622756,0.599666,0.594017,0.641145,0.585333,0.540773,0.458076,0.465787,0.511623,0.497590,0.743067,0.677701,0.255831,0.166881,0.144097,0.263599,0.403940,0.713243,0.547034,0.480540,0.420505,0.388728,0.445930,1.403397,0.730530,0.543310,0.441690,0.416135,0.365645
batch 2583,0.730947,0.652183,0.606425,0.618711,0.709841,0.588857,0.535792,0.458971,0.458957,0.516054,0.500455,0.743422,0.677352,0.257176,0.166089,0.143582,0.269548,0.406466,0.718110,0.502288,0.451649,0.450009,0.395040,0.461474,1.429816,0.697848,0.534263,0.448450,0.429972,0.366819
batch 2584,0.807257,0.660288,0.640219,0.624679,0.698116,0.597743,0.559864,0.468312,0.468979,0.518282,0.512876,0.711928,0.790593,0.249505,0.154460,0.134210,0.271117,0.373264,0.747420,0.583892,0.513011,0.442200,0.409120,0.445716,1.512215,0.697009,0.516323,0.441915,0.388857,0.352434
batch 2585,0.771968,0.639246,0.583366,0.629964,0.706182,0.602993,0.567770,0.461323,0.467728,0.514109,0.517966,0.742921,0.702944,0.270945,0.173969,0.150820,0.276680,0.416398,0.699137,0.540737,0.467753,0.478727,0.410201,0.461852,1.500266,0.744151,0.520256,0.446994,0.414455,0.363635
batch 2586,0.815552,0.637481,0.602570,0.599069,0.677004,0.590028,0.581234,0.480838,0.481053,0.527126,0.502940,0.723258,0.780345,0.241182,0.165851,0.123457,0.260314,0.377345,0.705688,0.551445,0.462855,0.425746,0.413628,0.514406,1.471539,0.677689,0.516622,0.462801,0.408964,0.350969
batch 2587,0.862393,0.653344,0.614675,0.614296,0.668649,0.590241,0.599381,0.472118,0.471531,0.524726,0.507679,0.730776,0.793567,0.254035,0.169138,0.142715,0.260944,0.391611,0.721182,0.591428,0.522037,0.431648,0.396550,0.457009,1.528016,0.702591,0.504261,0.426994,0.402001,0.350449
batch 2588,0.783814,0.657739,0.593223,0.621241,0.651828,0.561584,0.551940,0.450785,0.457982,0.512755,0.525379,0.757236,0.757959,0.242324,0.167957,0.136471,0.282167,0.398796,0.766087,0.587911,0.511640,0.441928,0.405235,0.478159,1.496540,0.760754,0.548758,0.440859,0.395520,0.350946
batch 2589,0.719502,0.600131,0.571278,0.592090,0.657681,0.582004,0.594205,0.484192,0.466160,0.518745,0.512184,0.716402,0.724777,0.285826,0.179813,0.142952,0.257560,0.380154,0.696924,0.510091,0.450552,0.442321,0.386790,0.475914,1.461987,0.693907,0.555129,0.463468,0.417800,0.376595
batch 2590,0.696315,0.606278,0.591615,0.617735,0.711746,0.575860,0.506663,0.452181,0.455779,0.516540,0.504609,0.708722,0.629617,0.257086,0.172605,0.140389,0.266641,0.376844,0.666088,0.511498,0.458593,0.424893,0.363870,0.487974,1.341900,0.688817,0.514958,0.444998,0.418939,0.387080
batch 2591,0.786967,0.646882,0.625902,0.639396,0.709195,0.588660,0.573596,0.463487,0.461888,0.532761,0.524456,0.752462,0.699792,0.255703,0.181784,0.142958,0.277619,0.407188,0.729145,0.555600,0.458383,0.445755,0.416068,0.460626,1.551613,0.744469,0.551937,0.484654,0.429893,0.387789
batch 2592,0.813099,0.676778,0.613384,0.641595,0.686091,0.628024,0.554905,0.479163,0.488892,0.526087,0.525587,0.756618,0.779819,0.249448,0.177017,0.147890,0.272370,0.415343,0.751517,0.592260,0.532046,0.418525,0.394028,0.464605,1.632168,0.738998,0.518264,0.450051,0.379786,0.356221
batch 2593,0.802846,0.638136,0.615729,0.629109,0.699561,0.591088,0.593584,0.468513,0.456872,0.522578,0.521934,0.725693,0.731351,0.245095,0.170716,0.138537,0.278039,0.376873,0.727146,0.527731,0.475428,0.454445,0.413730,0.471308,1.485500,0.714249,0.540562,0.459856,0.427478,0.378905
batch 2594,0.764244,0.625085,0.613509,0.608898,0.666206,0.569674,0.567694,0.472122,0.474668,0.537830,0.522272,0.760621,0.702551,0.245102,0.170729,0.136302,0.265816,0.406111,0.737583,0.553966,0.506990,0.442018,0.398765,0.446611,1.465330,0.727460,0.536955,0.460702,0.411680,0.353796
batch 2595,0.701510,0.589019,0.578738,0.581859,0.679540,0.575732,0.546874,0.448506,0.450560,0.518482,0.501996,0.756850,0.657996,0.253677,0.167152,0.138837,0.310250,0.413328,0.688723,0.516896,0.451479,0.472374,0.377020,0.472496,1.492617,0.727876,0.552227,0.460874,0.402888,0.374421
batch 2596,0.820555,0.676686,0.647116,0.661317,0.720216,0.633220,0.567788,0.481486,0.480531,0.535147,0.524499,0.780682,0.794382,0.257007,0.194706,0.139120,0.284167,0.437484,0.786910,0.580291,0.497074,0.453857,0.394403,0.454060,1.582679,0.772855,0.556792,0.483571,0.394284,0.371048
batch 2597,0.799463,0.622069,0.612645,0.626061,0.715769,0.571142,0.585755,0.476707,0.486379,0.536204,0.518302,0.755073,0.761931,0.236177,0.169476,0.143420,0.267747,0.403078,0.711075,0.578627,0.505153,0.456084,0.346355,0.464816,1.474919,0.705621,0.528868,0.436422,0.390858,0.362100
batch 2598,0.773788,0.641690,0.616875,0.614234,0.695921,0.583453,0.574346,0.462082,0.462589,0.521591,0.518698,0.730350,0.712363,0.234099,0.167991,0.134315,0.272979,0.400041,0.707474,0.524142,0.492367,0.451579,0.381522,0.496281,1.560613,0.730461,0.530292,0.457400,0.429424,0.384081
batch 2599,0.836602,0.700887,0.642501,0.649599,0.740864,0.630794,0.587931,0.475807,0.472728,0.537684,0.530345,0.754056,0.800953,0.225822,0.161819,0.128140,0.293784,0.406748,0.805878,0.591605,0.549557,0.462870,0.458847,0.428341,1.586105,0.744851,0.567673,0.460441,0.406495,0.318491
batch 2600,0.766616,0.600275,0.573958,0.588590,0.687673,0.600374,0.583428,0.479159,0.468561,0.529309,0.509490,0.755676,0.713253,0.277562,0.172165,0.141229,0.268913,0.427234,0.694445,0.512559,0.474659,0.451712,0.390817,0.454719,1.521404,0.712851,0.538808,0.448266,0.437550,0.380755
batch 2601,0.802692,0.643668,0.587542,0.607968,0.660684,0.609892,0.580739,0.467543,0.455999,0.508934,0.530813,0.723986,0.829546,0.240289,0.187937,0.137757,0.313487,0.391219,0.808297,0.642446,0.545178,0.421419,0.443800,0.428762,1.567092,0.773640,0.555110,0.416961,0.394767,0.340725
batch 2602,0.744038,0.587977,0.572650,0.569273,0.643944,0.543497,0.540631,0.448668,0.454355,0.512766,0.494186,0.731169,0.694573,0.251708,0.163957,0.133349,0.247074,0.393441,0.674708,0.504033,0.448386,0.494493,0.395598,0.465654,1.414915,0.706753,0.513350,0.429235,0.410386,0.376313
batch 2603,0.714345,0.602297,0.592068,0.596834,0.688232,0.603097,0.560400,0.466415,0.472318,0.517318,0.511934,0.743362,0.694410,0.282753,0.195323,0.141457,0.273936,0.404667,0.678131,0.522417,0.454607,0.429178,0.400707,0.490575,1.472002,0.735976,0.569710,0.463762,0.411122,0.375918
batch 2604,0.746474,0.649120,0.606779,0.603027,0.660597,0.612365,0.562320,0.468806,0.462076,0.528332,0.520537,0.778758,0.759913,0.239529,0.166056,0.135219,0.281698,0.429804,0.705668,0.524873,0.458876,0.478909,0.436173,0.454949,1.489011,0.741729,0.532115,0.473189,0.430758,0.373858
batch 2605,0.685728,0.575913,0.602383,0.604566,0.688718,0.576082,0.530518,0.453381,0.459790,0.511098,0.497741,0.749161,0.605763,0.242278,0.169949,0.130936,0.264891,0.403954,0.698878,0.516505,0.444912,0.427918,0.368059,0.465516,1.398947,0.705976,0.522397,0.433777,0.416320,0.381521
batch 2606,0.844329,0.669147,0.619105,0.619680,0.641927,0.592015,0.575964,0.468017,0.464210,0.524052,0.552394,0.738378,0.804851,0.214541,0.155495,0.132627,0.265149,0.387314,0.768326,0.603079,0.505369,0.457697,0.442100,0.426499,1.478116,0.707690,0.513841,0.409718,0.347111,0.308409
batch 2607,0.739212,0.597979,0.571474,0.584063,0.684352,0.610659,0.553992,0.472517,0.470350,0.517722,0.506188,0.784782,0.706041,0.279203,0.180090,0.141611,0.270991,0.438079,0.649033,0.499732,0.433526,0.451986,0.410916,0.463042,1.396763,0.683780,0.523146,0.454237,0.405924,0.376411
batch 2608,0.871960,0.673171,0.654810,0.647034,0.724100,0.624284,0.586328,0.477571,0.478188,0.539125,0.535073,0.758030,0.811156,0.224932,0.166563,0.132870,0.281559,0.401500,0.751227,0.573271,0.483603,0.407119,0.363344,0.496878,1.531374,0.659684,0.507758,0.452668,0.379211,0.361378
batch 2609,0.752743,0.601778,0.575030,0.570938,0.645235,0.553726,0.535202,0.458973,0.459676,0.524678,0.503865,0.755153,0.688731,0.251014,0.172242,0.133035,0.252129,0.404212,0.686886,0.519493,0.464534,0.502783,0.395270,0.482231,1.474775,0.726171,0.532055,0.452496,0.400056,0.368080
batch 2610,0.800622,0.614080,0.630150,0.617908,0.695250,0.566480,0.582580,0.462727,0.475007,0.541835,0.514015,0.724791,0.756066,0.238283,0.166792,0.133246,0.267188,0.383293,0.688169,0.537313,0.479065,0.435167,0.389156,0.480802,1.430491,0.681747,0.525099,0.443778,0.412564,0.372982
batch 2611,0.846058,0.685879,0.626439,0.649107,0.719601,0.624128,0.602819,0.493640,0.494356,0.548311,0.530789,0.762111,0.806126,0.242623,0.174023,0.147888,0.272965,0.393298,0.673992,0.521668,0.459661,0.477530,0.426028,0.452838,1.439916,0.708789,0.531933,0.484027,0.389476,0.364112
batch 2612,0.857320,0.700034,0.651564,0.614731,0.684911,0.621570,0.566451,0.477100,0.463919,0.524014,0.519271,0.771938,0.855283,0.221678,0.159498,0.132383,0.272583,0.416623,0.803956,0.648771,0.533747,0.430823,0.432173,0.412531,1.528965,0.703321,0.475306,0.393029,0.350125,0.311293
batch 2613,0.921279,0.664469,0.621646,0.620359,0.714550,0.636230,0.622047,0.481296,0.482808,0.546427,0.537259,0.773466,0.865127,0.229453,0.159281,0.136638,0.289702,0.422807,0.788576,0.594376,0.497239,0.401393,0.424064,0.476469,1.520423,0.712318,0.504278,0.406061,0.383278,0.339727
batch 2614,0.819423,0.676419,0.603176,0.640820,0.682447,0.584387,0.560406,0.465985,0.473810,0.528539,0.508122,0.739066,0.762948,0.248561,0.162520,0.140548,0.274651,0.381854,0.791802,0.579054,0.519742,0.468113,0.428370,0.448772,1.592349,0.740201,0.541893,0.446425,0.378170,0.346907
batch 2615,0.800128,0.650238,0.630381,0.630108,0.709231,0.602148,0.556970,0.448615,0.466726,0.507907,0.503893,0.718530,0.740016,0.221074,0.170835,0.134365,0.264287,0.392570,0.804946,0.589739,0.520543,0.445345,0.409002,0.456560,1.598103,0.718523,0.520121,0.443016,0.380634,0.336867
batch 2616,0.816218,0.635615,0.616681,0.641164,0.645587,0.570446,0.618116,0.464176,0.476735,0.524821,0.521598,0.709954,0.814802,0.233964,0.158801,0.130340,0.250508,0.373112,0.718854,0.628629,0.565919,0.430942,0.339266,0.464673,1.536247,0.719975,0.511448,0.416713,0.383541,0.333616
batch 2617,0.825260,0.650316,0.627236,0.637092,0.731407,0.603552,0.579314,0.486750,0.486832,0.549144,0.532038,0.749113,0.825577,0.248768,0.153322,0.131019,0.281914,0.408156,0.811939,0.621270,0.504108,0.440259,0.378099,0.448958,1.488959,0.759427,0.522765,0.451707,0.368870,0.335843
batch 2618,0.784621,0.634445,0.617714,0.634282,0.685711,0.576943,0.578707,0.469439,0.474137,0.529079,0.541046,0.759436,0.726579,0.253474,0.183558,0.144402,0.276433,0.407976,0.746761,0.547643,0.475306,0.433829,0.405368,0.465632,1.500439,0.743257,0.557063,0.467317,0.415008,0.369232
batch 2619,0.796909,0.643734,0.595873,0.598330,0.659850,0.552157,0.604090,0.468382,0.476059,0.526831,0.550678,0.715004,0.777435,0.229721,0.173925,0.133585,0.266497,0.367843,0.745046,0.578482,0.519708,0.429677,0.407956,0.450867,1.444495,0.719398,0.514077,0.447715,0.358729,0.328983
batch 2620,0.842212,0.656609,0.608115,0.588816,0.665663,0.552330,0.626454,0.477636,0.461380,0.529281,0.526392,0.704917,0.804153,0.272768,0.180004,0.142021,0.274451,0.379272,0.741995,0.555121,0.493677,0.415403,0.378997,0.478042,1.557887,0.702320,0.522423,0.458483,0.411826,0.363064
batch 2621,0.890782,0.692594,0.647920,0.644330,0.697220,0.622934,0.583392,0.484911,0.478645,0.537239,0.535795,0.775683,0.832621,0.245714,0.167861,0.132038,0.283219,0.420104,0.788178,0.586130,0.504032,0.435314,0.418121,0.461310,1.591699,0.737455,0.538441,0.449310,0.411227,0.358144
batch 2622,0.737136,0.629238,0.599114,0.622362,0.653107,0.563974,0.578595,0.468298,0.470766,0.524627,0.538549,0.729058,0.713140,0.249976,0.172828,0.137449,0.266763,0.384081,0.742798,0.587751,0.512874,0.425392,0.384913,0.458633,1.523461,0.749861,0.532480,0.457526,0.421243,0.363080
batch 2623,0.802092,0.629956,0.626810,0.626623,0.711453,0.636596,0.585778,0.471572,0.467278,0.532653,0.523022,0.770919,0.719404,0.233373,0.163676,0.123406,0.275480,0.411551,0.719163,0.533435,0.452855,0.458504,0.399058,0.468356,1.511820,0.696243,0.535912,0.458182,0.420715,0.369949
batch 2624,0.805066,0.637215,0.602221,0.622878,0.728997,0.605103,0.567352,0.471500,0.474196,0.529180,0.513988,0.800446,0.712953,0.241428,0.178132,0.142817,0.281487,0.436325,0.702349,0.519110,0.479193,0.459393,0.425435,0.466410,1.454691,0.713709,0.518922,0.449509,0.423751,0.362546
batch 2625,0.752629,0.620497,0.604971,0.617031,0.699508,0.584189,0.559983,0.461900,0.457750,0.516032,0.508241,0.732087,0.698223,0.264816,0.175257,0.131857,0.278318,0.398049,0.647698,0.514008,0.469342,0.451861,0.393998,0.470378,1.387277,0.696963,0.528829,0.465876,0.434475,0.392044
batch 2626,0.768956,0.626056,0.602866,0.620045,0.747588,0.596756,0.559380,0.475495,0.472948,0.525452,0.518558,0.775470,0.681720,0.254111,0.174120,0.134994,0.279048,0.429138,0.664812,0.509627,0.457533,0.467163,0.408662,0.464489,1.444687,0.726541,0.533555,0.456280,0.431049,0.379323
batch 2627,0.704080,0.602704,0.586545,0.602569,0.671563,0.575946,0.529899,0.458815,0.452150,0.521973,0.524025,0.736188,0.681253,0.238944,0.175588,0.142889,0.266647,0.394567,0.708432,0.536944,0.462575,0.446812,0.398645,0.458832,1.469046,0.745211,0.552950,0.446124,0.426127,0.372480
batch 2628,0.825735,0.691087,0.616924,0.644393,0.744456,0.576058,0.577996,0.487738,0.498988,0.523586,0.492454,0.741107,0.784353,0.272214,0.201456,0.166417,0.273124,0.397413,0.724893,0.542884,0.490632,0.452754,0.419538,0.498297,1.474085,0.687067,0.552375,0.501614,0.396918,0.360506
batch 2629,0.779030,0.619926,0.618764,0.611022,0.712518,0.607654,0.575019,0.479237,0.468890,0.527931,0.528434,0.764652,0.731317,0.248301,0.168874,0.138435,0.273167,0.410366,0.710668,0.550157,0.492830,0.442097,0.378967,0.481153,1.471219,0.726585,0.540660,0.447406,0.416400,0.365470
batch 2630,0.769735,0.622344,0.580216,0.597584,0.717972,0.593806,0.561629,0.454809,0.461182,0.515841,0.503133,0.755116,0.692117,0.248203,0.171358,0.145270,0.282538,0.409050,0.721668,0.532008,0.469244,0.457471,0.433805,0.480482,1.543956,0.727328,0.555645,0.488740,0.404871,0.380136
batch 2631,0.770784,0.636606,0.633186,0.649044,0.745973,0.641090,0.546012,0.465289,0.471960,0.534145,0.531786,0.764115,0.693095,0.242620,0.169071,0.141173,0.306410,0.421372,0.744698,0.546252,0.497107,0.450589,0.421892,0.459673,1.563863,0.730335,0.551802,0.481695,0.417022,0.388390
batch 2632,0.750758,0.630282,0.592176,0.611894,0.655016,0.557935,0.542000,0.447859,0.448617,0.501643,0.511816,0.734865,0.657290,0.244960,0.170893,0.138600,0.275661,0.386729,0.733741,0.562363,0.504792,0.431829,0.373412,0.438119,1.477275,0.767082,0.554545,0.456374,0.419457,0.364974
batch 2633,0.740526,0.626657,0.595125,0.609497,0.684672,0.568743,0.534497,0.471193,0.458967,0.520154,0.510317,0.732752,0.702328,0.267271,0.176660,0.136143,0.262509,0.394222,0.697491,0.524605,0.469152,0.453463,0.382403,0.471598,1.497219,0.711198,0.553578,0.435915,0.425635,0.377440
batch 2634,0.718895,0.601782,0.582542,0.593459,0.627375,0.558581,0.555762,0.459408,0.448975,0.518938,0.507589,0.735621,0.710959,0.256510,0.164394,0.141740,0.257560,0.397996,0.676304,0.525671,0.473517,0.437463,0.363639,0.475113,1.452082,0.715919,0.528901,0.460535,0.430155,0.391623
batch 2635,0.800646,0.655539,0.621910,0.675233,0.728530,0.609821,0.561739,0.473112,0.480622,0.537007,0.518274,0.740744,0.819949,0.254277,0.175260,0.151342,0.285254,0.402403,0.804028,0.611134,0.494736,0.430447,0.402296,0.459430,1.577186,0.749571,0.503273,0.457292,0.360744,0.347748
batch 2636,0.818054,0.660980,0.594166,0.598422,0.661067,0.573219,0.610235,0.465003,0.459664,0.528832,0.532692,0.757428,0.918883,0.244112,0.179240,0.140954,0.270743,0.402877,0.789781,0.607318,0.531657,0.432081,0.404355,0.436650,1.616435,0.739635,0.519643,0.448139,0.389333,0.339885
batch 2637,0.755672,0.613106,0.577618,0.605412,0.646960,0.556778,0.587745,0.464419,0.463302,0.522057,0.500589,0.704310,0.726655,0.263117,0.174826,0.125400,0.252678,0.382319,0.703947,0.557344,0.496183,0.436391,0.376800,0.471502,1.519709,0.727569,0.546811,0.454287,0.429445,0.389180
batch 2638,0.767523,0.639021,0.633923,0.649168,0.710962,0.613373,0.550374,0.469737,0.472222,0.533916,0.507053,0.750165,0.787529,0.245386,0.155152,0.136559,0.283647,0.413306,0.741832,0.572940,0.533088,0.450545,0.374153,0.490192,1.588219,0.732539,0.538688,0.485359,0.400572,0.365490
batch 2639,0.911025,0.703521,0.662035,0.639535,0.684196,0.591237,0.619804,0.476588,0.476850,0.532549,0.522249,0.754509,0.895857,0.234311,0.155301,0.126972,0.282003,0.399895,0.814257,0.590488,0.531368,0.415854,0.369230,0.471426,1.568675,0.695431,0.489599,0.438658,0.402810,0.364044
batch 2640,0.725360,0.624909,0.578154,0.597614,0.669293,0.566690,0.537432,0.445909,0.447126,0.516356,0.504165,0.737638,0.661536,0.253875,0.168120,0.137124,0.268008,0.395843,0.728606,0.538840,0.485219,0.443919,0.389181,0.460958,1.485758,0.761457,0.555669,0.461117,0.435874,0.388519
batch 2641,0.732738,0.630785,0.589802,0.600811,0.665330,0.607885,0.517604,0.446724,0.452223,0.514515,0.498199,0.739577,0.699857,0.244506,0.182316,0.138821,0.266080,0.426156,0.713095,0.542273,0.463525,0.438366,0.377476,0.469797,1.488235,0.741296,0.549294,0.465348,0.431138,0.383661
batch 2642,0.719190,0.611656,0.574193,0.611467,0.700934,0.573214,0.549092,0.454176,0.456008,0.532076,0.523497,0.774994,0.666231,0.250047,0.175355,0.140395,0.281381,0.413702,0.706468,0.521610,0.445372,0.434060,0.405517,0.457821,1.452904,0.722886,0.544742,0.450001,0.424116,0.392116
batch 2643,0.779007,0.657500,0.608659,0.632452,0.737493,0.592463,0.564009,0.452756,0.463403,0.533082,0.526558,0.740356,0.714952,0.241621,0.162436,0.143359,0.297690,0.396303,0.754721,0.551759,0.504156,0.446741,0.405548,0.479158,1.534801,0.724913,0.555193,0.475475,0.405465,0.350173
batch 2644,0.832446,0.660533,0.625455,0.612158,0.667054,0.602376,0.594666,0.464143,0.468197,0.512619,0.518619,0.766742,0.744661,0.248298,0.158916,0.123564,0.286839,0.408619,0.764966,0.575903,0.508639,0.438055,0.443717,0.418962,1.504894,0.748963,0.545241,0.450110,0.393775,0.341767
batch 2645,0.887773,0.692528,0.641743,0.648431,0.684525,0.605341,0.614669,0.474827,0.461807,0.527114,0.537685,0.748914,0.849274,0.225501,0.168442,0.136997,0.275490,0.388113,0.823234,0.654899,0.526937,0.431750,0.432735,0.411591,1.527970,0.745107,0.502057,0.381983,0.347866,0.306621
batch 2646,0.817355,0.653011,0.663807,0.629099,0.697206,0.588450,0.572366,0.477102,0.482030,0.537711,0.511182,0.729707,0.771307,0.229304,0.169078,0.130741,0.268670,0.399486,0.742723,0.571113,0.488587,0.436522,0.398637,0.496275,1.586832,0.740104,0.535892,0.470252,0.429776,0.370996
batch 2647,0.811545,0.650316,0.625236,0.624187,0.732052,0.614105,0.575033,0.483359,0.496490,0.547707,0.516891,0.765873,0.760079,0.252246,0.169958,0.141205,0.280504,0.416175,0.714779,0.541348,0.460440,0.436683,0.398125,0.472559,1.503894,0.717350,0.532032,0.450853,0.412897,0.382339
batch 2648,0.815097,0.667774,0.622291,0.631362,0.743483,0.636824,0.579537,0.488076,0.489164,0.539934,0.516983,0.788936,0.753156,0.266491,0.167303,0.135074,0.287918,0.442303,0.712182,0.542986,0.483704,0.482351,0.392305,0.441808,1.440723,0.713130,0.524270,0.455047,0.422840,0.367526
batch 2649,0.778709,0.630711,0.610370,0.634963,0.722078,0.625063,0.537844,0.456895,0.454281,0.518337,0.524458,0.713385,0.687316,0.262524,0.197798,0.161986,0.278469,0.389152,0.718675,0.559434,0.463385,0.407875,0.378748,0.469507,1.497815,0.731889,0.536355,0.464423,0.416027,0.392974
batch 2650,0.792750,0.637572,0.576096,0.592887,0.664460,0.568667,0.550752,0.439131,0.448391,0.505977,0.508194,0.721377,0.734351,0.239632,0.166462,0.133500,0.266135,0.383876,0.733893,0.568638,0.551782,0.447416,0.379481,0.431859,1.469173,0.728607,0.550007,0.433381,0.389956,0.342416
batch 2651,0.773265,0.640868,0.620983,0.629977,0.666994,0.605885,0.557476,0.473758,0.462191,0.523626,0.526747,0.772074,0.686411,0.243788,0.166490,0.132912,0.272914,0.416788,0.679617,0.521277,0.465645,0.450040,0.400443,0.461609,1.436556,0.710654,0.553525,0.455951,0.423576,0.368984
batch 2652,0.707358,0.619209,0.591486,0.621083,0.690696,0.598107,0.527675,0.455240,0.460906,0.528468,0.513209,0.790745,0.659850,0.252315,0.165210,0.141604,0.277221,0.428054,0.687280,0.520285,0.433746,0.482563,0.427527,0.448962,1.538094,0.742315,0.537150,0.442725,0.412901,0.386975
batch 2653,0.865478,0.693977,0.650405,0.651095,0.719927,0.670250,0.588986,0.478164,0.478031,0.534293,0.531714,0.794540,0.838322,0.236706,0.170874,0.127382,0.294792,0.435744,0.792673,0.634663,0.536259,0.444242,0.393752,0.471666,1.638293,0.786679,0.547128,0.440907,0.382892,0.339015
batch 2654,0.732699,0.634572,0.579995,0.632896,0.707057,0.609788,0.533774,0.453129,0.461937,0.516916,0.506071,0.732842,0.661591,0.262259,0.184672,0.142029,0.282219,0.410964,0.737179,0.526873,0.455115,0.441277,0.420940,0.452501,1.490025,0.744603,0.567330,0.465095,0.431602,0.384558
batch 2655,0.814550,0.679855,0.653003,0.663796,0.724955,0.630109,0.570355,0.482743,0.478627,0.542757,0.512078,0.767363,0.803293,0.243776,0.171594,0.138455,0.275408,0.418418,0.761310,0.579232,0.517484,0.456859,0.418249,0.476038,1.623418,0.749155,0.559965,0.478829,0.403672,0.369462
batch 2656,0.771105,0.628502,0.633660,0.637115,0.667823,0.602551,0.566469,0.460802,0.465095,0.538426,0.545180,0.771777,0.753387,0.247924,0.160100,0.135940,0.268689,0.413708,0.753421,0.581221,0.503577,0.454939,0.413329,0.444360,1.500877,0.781464,0.548923,0.463939,0.415611,0.364635
batch 2657,0.770727,0.613381,0.594207,0.607059,0.662702,0.570288,0.568593,0.473846,0.462565,0.515623,0.527448,0.736282,0.765409,0.233105,0.163676,0.129238,0.256942,0.388083,0.743146,0.556908,0.499613,0.443470,0.410172,0.451277,1.496011,0.685646,0.518545,0.443498,0.386011,0.360881
batch 2658,0.786632,0.626579,0.583974,0.602828,0.686239,0.599185,0.571905,0.467861,0.479144,0.530238,0.510273,0.747427,0.726081,0.250982,0.168008,0.142282,0.267280,0.408013,0.698878,0.550014,0.474670,0.453174,0.387929,0.482871,1.516628,0.718885,0.539565,0.448698,0.443110,0.386383
batch 2659,0.730678,0.637856,0.609544,0.630947,0.682710,0.590351,0.533429,0.467868,0.464579,0.529526,0.524957,0.747350,0.689332,0.241299,0.168130,0.140491,0.284600,0.400401,0.780831,0.565911,0.487991,0.470856,0.440326,0.475951,1.655938,0.762610,0.572169,0.509473,0.412307,0.370207
batch 2660,0.746946,0.628753,0.613194,0.618070,0.677612,0.554461,0.573614,0.475867,0.468373,0.520111,0.513150,0.706902,0.762146,0.257672,0.185379,0.139018,0.248469,0.376292,0.758555,0.552921,0.534863,0.452061,0.390247,0.449969,1.717402,0.728453,0.535564,0.466238,0.425854,0.395342
batch 2661,0.757474,0.618183,0.598410,0.610408,0.664791,0.573991,0.592166,0.483558,0.475369,0.523738,0.533986,0.732596,0.718513,0.263192,0.170967,0.138057,0.258390,0.383554,0.701595,0.550971,0.496746,0.433017,0.377810,0.470116,1.437112,0.697803,0.534299,0.439974,0.420017,0.367917
batch 2662,0.837035,0.639922,0.605207,0.646780,0.714054,0.573230,0.618056,0.477315,0.478505,0.539991,0.526665,0.780592,0.837486,0.227772,0.151016,0.131952,0.275886,0.415343,0.710297,0.539513,0.443182,0.509755,0.478733,0.484587,1.565107,0.728698,0.580925,0.481420,0.430402,0.373277
batch 2663,0.754616,0.643586,0.598786,0.613851,0.663830,0.599199,0.584535,0.468035,0.457352,0.521414,0.518899,0.766396,0.722856,0.252583,0.181959,0.160290,0.279759,0.427704,0.741696,0.560053,0.491368,0.446982,0.413334,0.451641,1.461465,0.716448,0.535432,0.449272,0.423177,0.378076
batch 2664,0.764918,0.614109,0.594859,0.593155,0.674176,0.580798,0.564764,0.468631,0.470751,0.538569,0.519278,0.764404,0.736865,0.236265,0.160188,0.125956,0.258907,0.410428,0.732088,0.551716,0.477457,0.498607,0.371316,0.462141,1.513534,0.708162,0.516508,0.445921,0.406295,0.375820
batch 2665,0.789054,0.637799,0.593137,0.593739,0.679226,0.617022,0.562150,0.469521,0.470317,0.527880,0.514507,0.739939,0.732858,0.259077,0.193499,0.163275,0.277315,0.400924,0.765476,0.594984,0.515353,0.443594,0.380761,0.421506,1.458930,0.712880,0.523981,0.404681,0.372460,0.321333
batch 2666,0.911794,0.687395,0.633302,0.591459,0.653866,0.605795,0.619911,0.471407,0.476773,0.541275,0.524863,0.744925,0.831858,0.241068,0.189577,0.143214,0.278804,0.420099,0.760524,0.592043,0.495269,0.414353,0.362100,0.441438,1.426701,0.671019,0.511905,0.410075,0.352273,0.317037
batch 2667,0.808905,0.619987,0.620851,0.644248,0.758134,0.629963,0.574311,0.480177,0.489177,0.535278,0.512380,0.790832,0.777580,0.225935,0.166284,0.147433,0.288611,0.437331,0.673226,0.533956,0.496821,0.472278,0.422318,0.462990,1.414652,0.663690,0.515337,0.429782,0.418261,0.365561
batch 2668,0.816666,0.664482,0.619714,0.636979,0.739481,0.616207,0.569541,0.466230,0.474852,0.535002,0.519539,0.762277,0.827737,0.213641,0.154980,0.128195,0.286353,0.408436,0.770774,0.574263,0.525905,0.481823,0.410409,0.460248,1.499081,0.701930,0.517816,0.451533,0.382074,0.355927
batch 2669,0.848971,0.669528,0.667698,0.624674,0.674198,0.607099,0.588994,0.478886,0.476055,0.546117,0.520356,0.742348,0.810195,0.240685,0.156580,0.136138,0.275842,0.399804,0.725816,0.563459,0.481332,0.422026,0.375334,0.484872,1.462113,0.693597,0.523991,0.444145,0.407748,0.362115
batch 2670,0.718405,0.600101,0.608864,0.618930,0.689456,0.561144,0.536431,0.453326,0.464535,0.530625,0.528070,0.733872,0.688467,0.232514,0.160759,0.129357,0.263492,0.387787,0.707934,0.532427,0.479551,0.428139,0.394354,0.470999,1.468159,0.712913,0.536085,0.440802,0.411254,0.375978
batch 2671,0.810909,0.657428,0.606333,0.611307,0.721191,0.662234,0.597194,0.459406,0.470878,0.533404,0.529121,0.718040,0.784318,0.228460,0.167473,0.133151,0.284922,0.399266,0.740833,0.575913,0.504850,0.421428,0.384098,0.458097,1.603367,0.731807,0.526913,0.431112,0.378940,0.338018
batch 2672,0.805201,0.656550,0.640915,0.659944,0.711087,0.655653,0.546357,0.486334,0.483152,0.535214,0.524105,0.768181,0.767570,0.251052,0.182371,0.155001,0.282899,0.423843,0.749848,0.576002,0.466585,0.429444,0.418929,0.474841,1.589265,0.780653,0.562775,0.479903,0.407874,0.380084
batch 2673,0.741123,0.599655,0.605732,0.604321,0.704195,0.609347,0.552870,0.463323,0.464511,0.516761,0.520164,0.726060,0.699056,0.253594,0.170892,0.134212,0.268200,0.401997,0.685995,0.512632,0.473138,0.447648,0.367215,0.483789,1.405238,0.687489,0.511820,0.450814,0.405242,0.366355
batch 2674,0.924411,0.672672,0.660051,0.610226,0.675611,0.616920,0.671421,0.487852,0.495812,0.535056,0.526446,0.749874,0.883797,0.233687,0.175422,0.142576,0.274382,0.401171,0.827242,0.569258,0.541208,0.489610,0.428584,0.484554,1.591366,0.730609,0.587501,0.429089,0.386376,0.337940
batch 2675,0.759851,0.626391,0.597236,0.634321,0.706558,0.614527,0.557309,0.473141,0.471807,0.533066,0.536243,0.762294,0.698451,0.243447,0.177889,0.135392,0.281583,0.422982,0.694419,0.558044,0.491676,0.436888,0.386012,0.460007,1.523714,0.717952,0.555915,0.464677,0.415305,0.353925
batch 2676,0.779887,0.646680,0.623545,0.637619,0.716915,0.614900,0.557519,0.462163,0.481333,0.537869,0.520598,0.735712,0.733260,0.246827,0.165243,0.128579,0.275437,0.397594,0.728094,0.556346,0.508112,0.427280,0.372251,0.498596,1.534034,0.754753,0.543488,0.499983,0.408478,0.385494
batch 2677,0.751435,0.626541,0.641237,0.631770,0.692919,0.598697,0.555025,0.457032,0.456863,0.527450,0.555056,0.750755,0.709582,0.234705,0.151717,0.139399,0.288598,0.401038,0.724593,0.553094,0.484114,0.431103,0.387143,0.483684,1.526174,0.717826,0.534773,0.469806,0.404639,0.378719
batch 2678,0.931685,0.691556,0.637646,0.630258,0.746032,0.683193,0.624053,0.478544,0.470030,0.533284,0.537635,0.690025,0.841805,0.256209,0.170551,0.135398,0.288642,0.394242,0.774075,0.573818,0.490656,0.451831,0.410925,0.459883,1.531467,0.708887,0.517770,0.441110,0.390403,0.334930
batch 2679,0.800144,0.662278,0.591244,0.599043,0.685560,0.555137,0.539289,0.458417,0.458438,0.512706,0.500608,0.735673,0.736376,0.267865,0.171040,0.130571,0.344624,0.382459,0.725849,0.575213,0.501925,0.433441,0.448229,0.431401,1.421083,0.741402,0.536496,0.467792,0.380466,0.317764
batch 2680,0.964698,0.691117,0.650603,0.615188,0.674387,0.589310,0.648799,0.490754,0.477942,0.530252,0.536766,0.756989,0.892410,0.233730,0.177307,0.124967,0.267188,0.398724,0.860615,0.650549,0.526606,0.428363,0.429801,0.418613,1.550033,0.694808,0.502751,0.379369,0.345231,0.300155
batch 2681,0.891412,0.689859,0.654017,0.649767,0.771198,0.606024,0.610675,0.486188,0.484137,0.553480,0.530707,0.763885,0.877977,0.219232,0.158290,0.124467,0.290445,0.402869,0.855049,0.624976,0.529346,0.459258,0.441663,0.418215,1.597714,0.740788,0.522957,0.415994,0.359475,0.309213
batch 2682,0.777292,0.624849,0.600669,0.610844,0.670712,0.603978,0.577292,0.468291,0.471429,0.541119,0.532202,0.740463,0.691844,0.249808,0.169026,0.135866,0.271044,0.402181,0.748873,0.557697,0.482536,0.452528,0.413703,0.448265,1.476384,0.752174,0.568973,0.457900,0.425400,0.360441
batch 2683,0.899646,0.674232,0.619715,0.597076,0.654538,0.575873,0.646654,0.502474,0.510529,0.524144,0.528578,0.764992,0.820620,0.221074,0.161463,0.145476,0.271155,0.402661,0.813281,0.617981,0.514133,0.437641,0.376985,0.450890,1.474458,0.725511,0.467572,0.402073,0.361750,0.318169
batch 2684,0.755304,0.624364,0.611688,0.631306,0.706578,0.609452,0.583339,0.481576,0.486699,0.546606,0.534371,0.756337,0.731388,0.233861,0.172014,0.134085,0.283500,0.412921,0.786745,0.565191,0.522063,0.466863,0.410225,0.462258,1.626176,0.736031,0.541670,0.458300,0.392981,0.339063
batch 2685,0.820290,0.693501,0.655701,0.682953,0.707362,0.597342,0.554955,0.483299,0.485069,0.520493,0.519555,0.742298,0.811799,0.256252,0.180852,0.150512,0.271551,0.390843,0.756816,0.565154,0.499111,0.434469,0.410880,0.475233,1.545056,0.742749,0.538256,0.497321,0.398639,0.380782
batch 2686,0.807329,0.647140,0.603105,0.604534,0.687127,0.572505,0.598121,0.483264,0.470051,0.528679,0.524231,0.757399,0.787233,0.273385,0.175978,0.139549,0.266285,0.409192,0.686530,0.518284,0.485104,0.462428,0.381406,0.457800,1.446133,0.687970,0.527126,0.443313,0.416807,0.377398
batch 2687,0.842539,0.669226,0.629959,0.618892,0.691836,0.621153,0.575049,0.474542,0.477842,0.522341,0.520144,0.776618,0.763549,0.242206,0.173857,0.143877,0.274748,0.435869,0.727934,0.556785,0.481947,0.439496,0.376559,0.467062,1.419392,0.697222,0.519923,0.451169,0.412340,0.347147
batch 2688,0.769534,0.614224,0.613929,0.618270,0.673099,0.569849,0.593276,0.481616,0.466480,0.533334,0.540393,0.718308,0.808908,0.259145,0.167450,0.133566,0.269004,0.380176,0.763842,0.586495,0.502052,0.441171,0.399660,0.440630,1.538027,0.732922,0.542531,0.458448,0.394093,0.359113
batch 2689,0.827889,0.694436,0.639087,0.640608,0.679221,0.605989,0.580782,0.478102,0.478592,0.522952,0.522195,0.748385,0.757002,0.229779,0.174158,0.136387,0.282426,0.407617,0.724082,0.571748,0.479779,0.450420,0.382735,0.474014,1.454734,0.734718,0.544606,0.458516,0.391241,0.374629
batch 2690,0.779103,0.639477,0.595739,0.599891,0.684672,0.560124,0.582000,0.471759,0.483893,0.546921,0.525254,0.720398,0.749631,0.234584,0.170754,0.144152,0.265542,0.386630,0.771783,0.605328,0.538352,0.438213,0.377699,0.450446,1.562451,0.778645,0.548244,0.451120,0.387585,0.337102
batch 2691,0.753695,0.597459,0.601433,0.588684,0.642875,0.578251,0.559535,0.451761,0.464290,0.532874,0.519657,0.733506,0.733618,0.250755,0.174821,0.132817,0.263008,0.397549,0.701089,0.550045,0.484411,0.423357,0.384486,0.453776,1.436366,0.717900,0.523387,0.442277,0.419755,0.351743
batch 2692,0.895313,0.683245,0.648971,0.635914,0.722457,0.648492,0.620837,0.476443,0.477265,0.542911,0.519782,0.750545,0.895668,0.250958,0.162837,0.138153,0.282945,0.417884,0.802546,0.614897,0.507591,0.449590,0.434390,0.460258,1.556358,0.730375,0.525702,0.464104,0.405800,0.348929
batch 2693,0.766516,0.626843,0.619238,0.650526,0.728055,0.588045,0.556018,0.471262,0.468126,0.522710,0.499615,0.764102,0.730424,0.237569,0.175005,0.140902,0.269346,0.407166,0.710633,0.529845,0.467902,0.423426,0.372466,0.480307,1.460828,0.694210,0.539451,0.458109,0.405607,0.382286
batch 2694,0.743583,0.617330,0.600547,0.610631,0.693945,0.584527,0.514172,0.445657,0.444863,0.506047,0.494411,0.720721,0.685419,0.269124,0.173904,0.146221,0.267206,0.393542,0.673083,0.503606,0.438165,0.421110,0.379068,0.473120,1.418763,0.722166,0.542762,0.450123,0.440062,0.402217
batch 2695,0.730076,0.638444,0.598969,0.623635,0.677308,0.612543,0.517051,0.468134,0.465168,0.538483,0.530652,0.749963,0.676432,0.251467,0.168806,0.150153,0.292224,0.410177,0.780953,0.568598,0.483621,0.451334,0.393450,0.499362,1.527812,0.731758,0.543309,0.483323,0.406734,0.388375
batch 2696,0.747964,0.610385,0.585250,0.630427,0.699343,0.592014,0.552874,0.454877,0.457286,0.514048,0.508911,0.737824,0.681688,0.256944,0.182187,0.146268,0.264762,0.399415,0.703446,0.545560,0.469443,0.422683,0.376867,0.474174,1.513502,0.727012,0.549650,0.457160,0.424184,0.403605
batch 2697,0.772143,0.637599,0.630200,0.638389,0.683290,0.590540,0.578751,0.476851,0.463562,0.529669,0.530161,0.702672,0.721798,0.248005,0.183127,0.143200,0.265099,0.375665,0.718872,0.550047,0.486128,0.421881,0.359875,0.471079,1.482137,0.705921,0.548082,0.439110,0.419737,0.385034
batch 2698,0.854291,0.684068,0.647293,0.639726,0.671443,0.639316,0.601335,0.472192,0.466877,0.534735,0.523992,0.768549,0.823982,0.237510,0.161804,0.133233,0.286264,0.413982,0.859329,0.606243,0.480251,0.419096,0.426791,0.441834,1.624085,0.716183,0.540386,0.439467,0.400950,0.364832
batch 2699,0.778405,0.676846,0.624580,0.639586,0.697768,0.582002,0.555175,0.471730,0.472408,0.528091,0.505866,0.766361,0.723119,0.249629,0.172718,0.143487,0.273610,0.407629,0.740505,0.555130,0.483225,0.442432,0.398874,0.460384,1.640812,0.762064,0.569690,0.460576,0.438035,0.384734
batch 2700,0.891979,0.675260,0.654540,0.631453,0.727772,0.611684,0.599240,0.485183,0.473872,0.541754,0.545720,0.770823,0.839813,0.222604,0.154240,0.126565,0.281236,0.402770,0.816548,0.580163,0.469906,0.395760,0.356028,0.474366,1.442736,0.678751,0.494818,0.417337,0.363903,0.336653
batch 2701,0.842104,0.678145,0.640280,0.657681,0.720258,0.612864,0.601994,0.501993,0.486868,0.553533,0.546676,0.762379,0.846384,0.249167,0.166764,0.137754,0.291370,0.411283,0.749363,0.567756,0.485615,0.420741,0.396637,0.469432,1.512079,0.705676,0.514830,0.451162,0.390778,0.351853
batch 2702,0.856563,0.652439,0.602397,0.594825,0.625768,0.591641,0.604691,0.475542,0.477966,0.527470,0.524927,0.763977,0.832092,0.214640,0.147750,0.123433,0.261214,0.426532,0.773468,0.592799,0.521659,0.476248,0.437543,0.483684,1.547543,0.704580,0.515324,0.446771,0.382525,0.333948
batch 2703,0.800728,0.648995,0.621104,0.626669,0.717269,0.590009,0.584327,0.485550,0.484741,0.541186,0.515676,0.754289,0.725937,0.255158,0.177117,0.144059,0.279666,0.406296,0.710895,0.528443,0.475520,0.467541,0.429454,0.470246,1.523604,0.729641,0.541646,0.477002,0.421380,0.364387
batch 2704,0.886639,0.678137,0.674651,0.655501,0.704038,0.612997,0.624521,0.489016,0.490993,0.551660,0.518181,0.758208,0.915144,0.230255,0.160022,0.122793,0.282146,0.414693,0.776815,0.590899,0.511734,0.437260,0.359258,0.474134,1.610694,0.745456,0.542926,0.433189,0.389433,0.371836
batch 2705,0.757583,0.641501,0.610004,0.612353,0.659685,0.590224,0.577645,0.451501,0.451312,0.513307,0.524037,0.731988,0.714346,0.260367,0.167662,0.133171,0.264248,0.383437,0.723862,0.574493,0.503335,0.427812,0.366851,0.459331,1.469508,0.741912,0.547896,0.453400,0.410431,0.376753
batch 2706,0.827731,0.693851,0.634783,0.618878,0.663674,0.578885,0.599908,0.458351,0.464956,0.524691,0.541684,0.749543,0.820378,0.245343,0.165879,0.139677,0.273722,0.392078,0.825245,0.639037,0.549298,0.425301,0.424200,0.426075,1.557884,0.732486,0.520487,0.438465,0.368776,0.313166
batch 2707,0.898965,0.660108,0.650449,0.596911,0.682695,0.645887,0.630170,0.471307,0.464621,0.522519,0.545897,0.759094,0.866969,0.231193,0.184699,0.136449,0.278362,0.422259,0.833086,0.617732,0.530166,0.465650,0.422720,0.437231,1.557396,0.730791,0.527425,0.412278,0.377760,0.332653
batch 2708,0.746550,0.612134,0.605265,0.620573,0.700582,0.607483,0.539531,0.464058,0.483717,0.537232,0.510682,0.762179,0.720674,0.248223,0.159617,0.136465,0.271537,0.425529,0.685420,0.504996,0.462581,0.472346,0.385435,0.480832,1.429912,0.697119,0.516427,0.452396,0.416252,0.383518
batch 2709,0.799131,0.662381,0.644454,0.628338,0.699757,0.619197,0.596808,0.478598,0.487870,0.539527,0.514444,0.773684,0.749741,0.251565,0.185541,0.153352,0.284284,0.411137,0.719963,0.565074,0.482568,0.453138,0.394652,0.482059,1.483432,0.710193,0.532150,0.458230,0.406558,0.362349
batch 2710,0.824270,0.643894,0.640878,0.601674,0.641663,0.553692,0.611513,0.469296,0.456428,0.517411,0.523937,0.733557,0.813548,0.244002,0.167824,0.137037,0.265398,0.388663,0.765754,0.598281,0.474438,0.401296,0.403007,0.483548,1.558504,0.715139,0.506092,0.440532,0.431685,0.380473
batch 2711,0.811307,0.658499,0.639366,0.625809,0.685676,0.601476,0.610600,0.482704,0.471415,0.527412,0.535892,0.799738,0.769143,0.250097,0.163878,0.137871,0.284953,0.444622,0.737612,0.521790,0.446554,0.502844,0.422065,0.485772,1.533190,0.737490,0.544587,0.442848,0.411897,0.372752
batch 2712,0.809293,0.657770,0.629240,0.632261,0.683591,0.593958,0.536877,0.472058,0.480243,0.530826,0.525830,0.740937,0.740358,0.218164,0.162051,0.134051,0.280132,0.389045,0.818442,0.600739,0.542182,0.434791,0.408795,0.440107,1.597030,0.734716,0.526576,0.428947,0.378170,0.329373
batch 2713,0.746225,0.619344,0.616896,0.611481,0.686692,0.568599,0.548290,0.467711,0.456384,0.522363,0.518340,0.741833,0.688952,0.250477,0.174371,0.148163,0.275838,0.397091,0.669745,0.511121,0.444954,0.422802,0.376166,0.468805,1.392916,0.721175,0.535339,0.450001,0.410826,0.390307
batch 2714,0.810923,0.628846,0.614743,0.614677,0.681287,0.590273,0.578003,0.473542,0.467399,0.539670,0.536377,0.740839,0.746550,0.234011,0.170124,0.132852,0.269014,0.401063,0.717960,0.561022,0.504312,0.423565,0.422732,0.471456,1.461794,0.725720,0.514673,0.456688,0.413069,0.385797
batch 2715,0.800989,0.646262,0.619309,0.609015,0.695331,0.616151,0.577511,0.478935,0.472118,0.533294,0.532793,0.756691,0.780202,0.234335,0.172728,0.120788,0.289571,0.414600,0.780166,0.598216,0.530600,0.418088,0.374939,0.471475,1.613207,0.718791,0.532275,0.443354,0.373843,0.337932
batch 2716,0.807572,0.638615,0.628476,0.634282,0.733662,0.635540,0.575749,0.470803,0.470156,0.543414,0.517077,0.785955,0.761680,0.243843,0.174185,0.151859,0.292289,0.442800,0.780799,0.552737,0.484433,0.427699,0.417859,0.443804,1.550290,0.739064,0.531916,0.483659,0.404409,0.378744
batch 2717,0.856416,0.689624,0.668160,0.668468,0.745819,0.657971,0.588201,0.492685,0.483925,0.540970,0.529976,0.779226,0.842608,0.250035,0.180314,0.138149,0.297447,0.440328,0.774458,0.586794,0.479891,0.430708,0.398214,0.468234,1.457679,0.705860,0.525866,0.447391,0.381793,0.320853
batch 2718,0.751256,0.603574,0.573570,0.584503,0.637328,0.592584,0.547858,0.454667,0.464297,0.521852,0.516826,0.736963,0.715610,0.242306,0.170375,0.147257,0.261558,0.403330,0.729452,0.554546,0.503240,0.420941,0.406281,0.447471,1.579944,0.748363,0.523203,0.448809,0.399321,0.346528
batch 2719,0.753828,0.628014,0.604666,0.610495,0.689072,0.597412,0.569374,0.466461,0.470938,0.521696,0.522762,0.751468,0.719210,0.262043,0.181614,0.146914,0.282671,0.413153,0.691895,0.539342,0.473106,0.428738,0.398095,0.465688,1.469394,0.738804,0.547060,0.441681,0.426741,0.381348
batch 2720,0.767405,0.629435,0.606608,0.604749,0.682646,0.605180,0.583997,0.476678,0.473752,0.526625,0.530479,0.750522,0.726799,0.264894,0.184996,0.142841,0.268182,0.411282,0.654316,0.514906,0.457945,0.441904,0.394243,0.481142,1.380879,0.723150,0.535661,0.450517,0.416071,0.384229
batch 2721,0.764263,0.615970,0.568812,0.595268,0.671987,0.564545,0.574060,0.476000,0.479449,0.529026,0.512623,0.714968,0.711165,0.266177,0.172721,0.141137,0.279978,0.373937,0.720849,0.532553,0.468678,0.445958,0.399073,0.485520,1.435538,0.708674,0.552707,0.461182,0.403076,0.355163
batch 2722,0.813293,0.630088,0.621362,0.624227,0.671082,0.561918,0.602111,0.479739,0.483142,0.542890,0.544361,0.763846,0.822775,0.240368,0.176517,0.128370,0.271315,0.395572,0.758080,0.531788,0.492258,0.429215,0.381765,0.469899,1.552884,0.708623,0.517969,0.456184,0.405817,0.342609
batch 2723,0.768993,0.636841,0.606467,0.631460,0.686890,0.575209,0.560474,0.456617,0.456869,0.516716,0.519266,0.722497,0.715471,0.257805,0.164716,0.137805,0.264569,0.395371,0.650082,0.510090,0.489245,0.413038,0.365174,0.473034,1.426289,0.699250,0.514189,0.439795,0.437867,0.386811
batch 2724,0.978597,0.698419,0.667104,0.669694,0.764592,0.660423,0.641926,0.490496,0.493082,0.548666,0.541395,0.733119,0.909962,0.223370,0.157917,0.131827,0.285022,0.405105,0.837262,0.590903,0.531528,0.433297,0.388828,0.478547,1.617226,0.664184,0.486011,0.404782,0.379563,0.328337
batch 2725,0.819724,0.646640,0.631519,0.650869,0.715772,0.592885,0.587814,0.473976,0.474280,0.547981,0.525585,0.755062,0.809063,0.243789,0.163690,0.131794,0.279223,0.398212,0.705454,0.568436,0.487494,0.431871,0.371572,0.501179,1.597288,0.764053,0.520625,0.484811,0.397250,0.369244
batch 2726,0.884709,0.702225,0.622893,0.591572,0.687710,0.598690,0.586256,0.477932,0.468722,0.506435,0.508746,0.733034,0.870676,0.221396,0.156424,0.118044,0.263948,0.398179,0.754459,0.639490,0.552067,0.435582,0.389856,0.442921,1.419723,0.716123,0.461424,0.379775,0.337883,0.297279
batch 2727,0.777353,0.599158,0.559161,0.573394,0.635842,0.543666,0.598264,0.460084,0.449128,0.507400,0.518369,0.675747,0.734865,0.230055,0.176295,0.162489,0.261538,0.342993,0.811939,0.626028,0.542905,0.448402,0.386952,0.441342,1.567397,0.680503,0.510897,0.420657,0.394006,0.328464
batch 2728,0.719523,0.601653,0.580324,0.583816,0.664246,0.552758,0.576991,0.463844,0.456803,0.522724,0.502914,0.733620,0.683318,0.262750,0.178817,0.138547,0.289744,0.395370,0.667049,0.481571,0.450035,0.478525,0.405426,0.456023,1.398132,0.716624,0.544480,0.477187,0.407754,0.391276
batch 2729,0.756383,0.646234,0.618350,0.628024,0.681187,0.579747,0.554888,0.457762,0.463582,0.522985,0.506628,0.757733,0.745613,0.241888,0.173063,0.146548,0.266986,0.414058,0.754464,0.556392,0.519236,0.455644,0.399555,0.455284,1.587291,0.775096,0.555858,0.451359,0.409389,0.374009
batch 2730,0.749536,0.639669,0.592546,0.612631,0.648056,0.582943,0.562396,0.456938,0.458314,0.520944,0.519023,0.776090,0.721520,0.252436,0.164517,0.135982,0.267881,0.427114,0.712832,0.533006,0.448627,0.459551,0.418240,0.454681,1.502515,0.747050,0.563161,0.458841,0.419615,0.379419
batch 2731,0.786379,0.617752,0.606011,0.612169,0.665369,0.559505,0.576278,0.467222,0.466351,0.521722,0.530175,0.747120,0.714733,0.247775,0.169692,0.134510,0.266345,0.400799,0.693763,0.529350,0.477277,0.434600,0.392655,0.471172,1.513406,0.738636,0.544372,0.456821,0.441547,0.391564
batch 2732,0.870594,0.668958,0.661777,0.635645,0.733944,0.618967,0.597462,0.486759,0.475971,0.537287,0.514925,0.757510,0.862239,0.225829,0.163685,0.125828,0.282691,0.419412,0.765499,0.593434,0.578444,0.443246,0.372849,0.470069,1.603693,0.714130,0.499258,0.436383,0.384867,0.337343
batch 2733,0.759504,0.642908,0.629868,0.663020,0.736032,0.597708,0.534775,0.474030,0.473410,0.544249,0.510896,0.755177,0.777077,0.239351,0.174185,0.135370,0.292015,0.408793,0.732630,0.545010,0.493471,0.427763,0.348456,0.475547,1.527492,0.706287,0.540846,0.469151,0.389361,0.370760
batch 2734,0.792577,0.654032,0.615862,0.623363,0.729544,0.631133,0.576690,0.454725,0.460825,0.523981,0.516190,0.699897,0.720397,0.246492,0.175717,0.154521,0.296317,0.374937,0.769393,0.612896,0.526664,0.430365,0.415527,0.453013,1.621350,0.773072,0.551751,0.439769,0.397911,0.350415
batch 2735,0.784187,0.652080,0.627438,0.633998,0.698449,0.600765,0.588863,0.472775,0.464852,0.527792,0.526476,0.744810,0.746919,0.241566,0.166686,0.129843,0.279404,0.397189,0.729403,0.568824,0.483986,0.435534,0.389968,0.456868,1.529475,0.740683,0.551094,0.452851,0.417549,0.367543
batch 2736,0.984960,0.725211,0.626945,0.597556,0.675472,0.593417,0.638204,0.494648,0.511329,0.532274,0.536888,0.768388,0.939079,0.220683,0.159968,0.128556,0.274311,0.405064,0.825119,0.599246,0.542549,0.419047,0.388777,0.425301,1.423123,0.661485,0.461969,0.375320,0.350156,0.296885
batch 2737,0.719814,0.596089,0.586093,0.597791,0.697108,0.644169,0.587625,0.474589,0.481968,0.539866,0.534404,0.835665,0.679439,0.273082,0.171279,0.135849,0.303490,0.480881,0.726408,0.525851,0.451636,0.518958,0.418392,0.453957,1.513763,0.718777,0.529382,0.434331,0.418516,0.381258
batch 2738,0.845590,0.671442,0.632247,0.637053,0.733949,0.616504,0.594460,0.476486,0.480503,0.542685,0.524336,0.778754,0.769730,0.256815,0.167848,0.135900,0.289707,0.424931,0.714194,0.540026,0.488710,0.453358,0.402433,0.453458,1.466644,0.735979,0.530953,0.461558,0.397893,0.363470
batch 2739,0.768008,0.613960,0.589326,0.578013,0.613106,0.563439,0.579059,0.458303,0.473360,0.524120,0.525452,0.730187,0.710931,0.248257,0.164299,0.136638,0.260670,0.393948,0.793407,0.641333,0.517477,0.423441,0.388330,0.445616,1.577829,0.769933,0.519638,0.433538,0.392400,0.333787
batch 2740,0.735246,0.623101,0.589104,0.599700,0.672986,0.562002,0.566990,0.470860,0.469036,0.538555,0.539616,0.733225,0.696865,0.238639,0.169093,0.134204,0.261854,0.377553,0.728952,0.532444,0.484914,0.424153,0.400055,0.482085,1.546346,0.719673,0.550359,0.461504,0.421817,0.380641
batch 2741,0.722367,0.612414,0.569678,0.589065,0.690258,0.570549,0.542008,0.457776,0.461109,0.516766,0.503546,0.741868,0.641802,0.271840,0.188284,0.146992,0.269215,0.403050,0.687309,0.523928,0.468980,0.451875,0.386455,0.467978,1.453225,0.729183,0.563228,0.468145,0.445430,0.387672
batch 2742,0.925760,0.708209,0.654316,0.633851,0.678776,0.613111,0.599946,0.480603,0.474729,0.522793,0.535987,0.779687,0.856016,0.223175,0.158566,0.130854,0.281121,0.411151,0.790642,0.623162,0.540988,0.458796,0.417468,0.417160,1.496300,0.739649,0.492100,0.374914,0.344141,0.303975
batch 2743,0.818580,0.637275,0.611190,0.600924,0.694512,0.574848,0.557663,0.464416,0.450040,0.512029,0.505010,0.724120,0.840173,0.243123,0.167098,0.126537,0.269653,0.395362,0.704909,0.591785,0.484259,0.385357,0.370530,0.464232,1.374235,0.643921,0.482672,0.441099,0.381405,0.338897
batch 2744,0.745275,0.629587,0.596652,0.611754,0.689596,0.575739,0.549260,0.452868,0.455164,0.517200,0.504377,0.773172,0.680462,0.244700,0.170581,0.141496,0.283059,0.419295,0.731179,0.544499,0.476140,0.453446,0.375023,0.460142,1.503243,0.751539,0.560358,0.470809,0.417097,0.372559
batch 2745,0.763645,0.640758,0.597886,0.611943,0.686943,0.578529,0.553339,0.462305,0.462555,0.527916,0.518674,0.766832,0.798670,0.259826,0.169996,0.144861,0.269431,0.408857,0.699405,0.564466,0.487925,0.453352,0.392239,0.440497,1.570651,0.745906,0.556312,0.433411,0.411645,0.364936
batch 2746,0.755884,0.624702,0.598865,0.616127,0.713104,0.614343,0.556690,0.482318,0.474560,0.535059,0.515810,0.765545,0.704713,0.262965,0.159148,0.136410,0.280039,0.419574,0.679198,0.528478,0.477926,0.472566,0.407546,0.459767,1.446820,0.712207,0.547683,0.451702,0.415509,0.379090
batch 2747,0.774997,0.638142,0.627570,0.659468,0.725483,0.620252,0.549928,0.465206,0.465832,0.535682,0.523075,0.726441,0.792691,0.227309,0.151934,0.134798,0.284849,0.401173,0.730213,0.533257,0.484127,0.484336,0.450652,0.482988,1.617530,0.718002,0.534143,0.479883,0.395871,0.370674
batch 2748,0.751814,0.654537,0.634152,0.663464,0.698747,0.597650,0.534363,0.475342,0.473886,0.525683,0.516494,0.762735,0.751306,0.238980,0.164831,0.135467,0.271961,0.413545,0.735210,0.538521,0.480433,0.434791,0.411638,0.480481,1.539773,0.734185,0.548182,0.496510,0.407272,0.389700
batch 2749,0.758784,0.647560,0.600433,0.623577,0.671401,0.581836,0.528824,0.454867,0.454083,0.522635,0.505967,0.762698,0.695163,0.251969,0.165340,0.135866,0.261910,0.413381,0.737688,0.553049,0.494114,0.446121,0.394000,0.473155,1.575810,0.763803,0.540632,0.475611,0.440600,0.385670
batch 2750,0.753293,0.606248,0.588940,0.598307,0.673532,0.604811,0.551539,0.466949,0.464782,0.519325,0.519392,0.782747,0.681458,0.247900,0.172412,0.131002,0.268312,0.429790,0.702575,0.528940,0.469091,0.437379,0.396052,0.467297,1.461828,0.714926,0.543523,0.467767,0.406073,0.370466
batch 2751,0.821940,0.649054,0.593505,0.585853,0.672990,0.562678,0.577365,0.464032,0.447123,0.506734,0.511020,0.718362,0.742862,0.269030,0.170020,0.140886,0.272246,0.370832,0.740034,0.549749,0.514308,0.435792,0.396942,0.477555,1.608181,0.721252,0.562121,0.478748,0.419421,0.373128
batch 2752,0.775420,0.627774,0.625816,0.624989,0.680407,0.589967,0.555554,0.469761,0.472951,0.516381,0.490049,0.760521,0.739315,0.260137,0.187239,0.152290,0.264861,0.409997,0.743720,0.549874,0.461759,0.415161,0.389319,0.476589,1.440414,0.718132,0.518072,0.461021,0.406831,0.368762
batch 2753,0.717573,0.607075,0.604423,0.611157,0.699212,0.610281,0.524935,0.461027,0.466211,0.522394,0.508588,0.763895,0.658979,0.256911,0.169442,0.144829,0.281343,0.419133,0.671845,0.497570,0.431535,0.418834,0.381581,0.465172,1.325446,0.687797,0.514852,0.444701,0.397894,0.379802
batch 2754,0.764873,0.617261,0.585691,0.610066,0.673896,0.582680,0.580885,0.476532,0.470081,0.528201,0.536958,0.705386,0.760049,0.273381,0.188286,0.135712,0.297881,0.368941,0.730871,0.549896,0.465549,0.451870,0.409369,0.473188,1.499220,0.750552,0.575370,0.488272,0.401387,0.375913
batch 2755,0.790720,0.639311,0.603028,0.622615,0.661465,0.585430,0.571221,0.456210,0.468902,0.525848,0.521470,0.722725,0.756348,0.255475,0.173479,0.132343,0.270233,0.379947,0.742620,0.556054,0.496357,0.441229,0.360748,0.471904,1.504901,0.753303,0.553661,0.469371,0.404552,0.371168
batch 2756,0.735945,0.601410,0.569088,0.573756,0.647675,0.596604,0.574420,0.455570,0.467632,0.521565,0.520196,0.680298,0.728275,0.225137,0.145396,0.122644,0.261368,0.361946,0.782043,0.590671,0.543636,0.443774,0.431432,0.470720,1.587697,0.725687,0.561568,0.440001,0.387391,0.334631
batch 2757,0.816809,0.673786,0.628987,0.631408,0.703483,0.601300,0.583176,0.485508,0.470094,0.532008,0.527456,0.767453,0.783946,0.265293,0.175960,0.138908,0.284567,0.418692,0.726389,0.565102,0.502780,0.445721,0.374107,0.465500,1.567020,0.763797,0.565225,0.466779,0.407901,0.375054
batch 2758,0.805347,0.632440,0.629211,0.592540,0.636575,0.569925,0.604644,0.473150,0.460462,0.524737,0.498521,0.705972,0.763143,0.234737,0.167203,0.132787,0.257669,0.390580,0.728029,0.550374,0.478415,0.458169,0.397007,0.502213,1.602155,0.703059,0.531062,0.446815,0.411303,0.374171
batch 2759,0.781301,0.656593,0.593958,0.624657,0.664995,0.576045,0.557060,0.458026,0.453248,0.514224,0.508234,0.735428,0.704474,0.257993,0.183599,0.141156,0.262579,0.398731,0.741729,0.551046,0.481126,0.427057,0.388961,0.449597,1.488883,0.740951,0.551442,0.458638,0.418327,0.367014
batch 2760,0.725742,0.617368,0.604163,0.611501,0.669855,0.570015,0.563364,0.475178,0.468758,0.539357,0.524382,0.730090,0.686923,0.247710,0.165752,0.134124,0.265449,0.390798,0.713481,0.540975,0.475259,0.429944,0.385956,0.472606,1.505658,0.732720,0.549621,0.465784,0.416177,0.387200
batch 2761,0.810124,0.667521,0.652813,0.667603,0.780703,0.648182,0.575387,0.480517,0.478983,0.547975,0.526509,0.785019,0.771656,0.222607,0.169105,0.139777,0.291741,0.424016,0.774451,0.552950,0.511527,0.431820,0.420587,0.468605,1.638084,0.711703,0.552523,0.458955,0.409167,0.380881
batch 2762,0.744974,0.613280,0.582832,0.593937,0.711081,0.594950,0.569667,0.460753,0.458158,0.519975,0.528221,0.729493,0.724073,0.266582,0.175747,0.151650,0.277121,0.387299,0.696597,0.533569,0.470372,0.452708,0.418441,0.487624,1.553895,0.725341,0.535681,0.472238,0.423867,0.386108
batch 2763,0.776030,0.617757,0.602292,0.608502,0.648056,0.558309,0.576721,0.479437,0.470620,0.536132,0.509995,0.723007,0.708503,0.250384,0.168895,0.145762,0.261132,0.372394,0.709032,0.531768,0.472075,0.419719,0.421301,0.445240,1.454123,0.689382,0.529584,0.449617,0.407529,0.363488
batch 2764,0.836224,0.659251,0.654219,0.649588,0.694883,0.618707,0.571822,0.478457,0.473737,0.535696,0.520775,0.785475,0.843029,0.231237,0.162053,0.141917,0.282588,0.437224,0.740680,0.570767,0.495106,0.418212,0.378965,0.486749,1.711954,0.742125,0.546152,0.480842,0.393199,0.369583
batch 2765,0.743863,0.630459,0.601719,0.618712,0.677601,0.582626,0.539516,0.466508,0.466028,0.526579,0.507640,0.751560,0.742169,0.246870,0.183223,0.147317,0.275307,0.409287,0.718770,0.547417,0.463432,0.421844,0.371967,0.460463,1.438950,0.712886,0.533572,0.465770,0.410234,0.372600
batch 2766,0.736471,0.638062,0.592046,0.594493,0.627369,0.571806,0.560444,0.463053,0.459779,0.505296,0.510933,0.731980,0.706103,0.256640,0.175841,0.147055,0.258243,0.405839,0.704204,0.544065,0.488149,0.434877,0.345978,0.451985,1.461032,0.706879,0.517399,0.433748,0.408591,0.369454
batch 2767,0.834426,0.643233,0.628623,0.637934,0.720737,0.592604,0.602690,0.478398,0.476312,0.537672,0.515369,0.717084,0.795594,0.240350,0.163183,0.127682,0.275527,0.371053,0.749860,0.555036,0.540393,0.453883,0.379056,0.485990,1.638496,0.662028,0.526960,0.447644,0.395168,0.360980
batch 2768,0.867820,0.692614,0.634665,0.633669,0.686436,0.610633,0.561124,0.477651,0.476945,0.536439,0.522824,0.762177,0.848776,0.231604,0.155228,0.134556,0.282850,0.419534,0.807090,0.644849,0.572486,0.450788,0.419263,0.412112,1.656099,0.792167,0.548416,0.426299,0.372101,0.336176
batch 2769,0.724953,0.632960,0.613254,0.622558,0.672459,0.579531,0.529106,0.462485,0.460825,0.524799,0.519197,0.746624,0.662710,0.233583,0.178683,0.138632,0.265241,0.399620,0.735409,0.569877,0.477564,0.412210,0.363486,0.454746,1.560429,0.718139,0.531169,0.448670,0.409752,0.384977
batch 2770,0.821714,0.673818,0.631374,0.641061,0.719029,0.602762,0.614920,0.474550,0.469305,0.545968,0.530024,0.804079,0.819152,0.230827,0.163511,0.137022,0.288324,0.424786,0.739014,0.533510,0.488990,0.509502,0.451932,0.469781,1.525317,0.713152,0.533867,0.454093,0.397369,0.349138
batch 2771,0.985267,0.694300,0.657418,0.616075,0.679767,0.648430,0.642667,0.482169,0.470195,0.539790,0.550743,0.797882,0.907518,0.228349,0.180183,0.137035,0.291696,0.433636,0.836219,0.646974,0.569484,0.466235,0.370017,0.454915,1.715763,0.810546,0.562188,0.420173,0.397821,0.353194
batch 2772,0.773128,0.632268,0.610620,0.644726,0.698490,0.584528,0.566874,0.467148,0.471848,0.525291,0.529441,0.737858,0.714874,0.251654,0.160394,0.138316,0.272450,0.391707,0.695339,0.528360,0.465405,0.436342,0.427576,0.471100,1.403451,0.675537,0.541743,0.457651,0.424100,0.376806
batch 2773,0.780849,0.615052,0.581461,0.581379,0.709304,0.614072,0.578977,0.461559,0.475088,0.544577,0.526830,0.710835,0.855585,0.268817,0.163007,0.132381,0.279615,0.390637,0.766781,0.580951,0.496737,0.471025,0.395202,0.499209,1.602503,0.695558,0.510588,0.449128,0.371211,0.335592
batch 2774,0.778048,0.659833,0.612886,0.628037,0.732773,0.631003,0.521410,0.465856,0.467820,0.518512,0.523619,0.724673,0.731489,0.218994,0.156660,0.129149,0.284418,0.393337,0.774828,0.558416,0.527528,0.456518,0.391770,0.457900,1.590582,0.724680,0.547482,0.455049,0.408951,0.355185
batch 2775,0.768187,0.619272,0.604880,0.615981,0.701065,0.613023,0.561444,0.472319,0.465725,0.522164,0.525079,0.771282,0.707883,0.237138,0.163831,0.129805,0.282394,0.430876,0.648994,0.501910,0.470850,0.438991,0.387016,0.485833,1.363726,0.702942,0.540731,0.442414,0.429393,0.371848
batch 2776,0.783410,0.637290,0.601965,0.617703,0.732023,0.606900,0.564140,0.469102,0.476193,0.535461,0.509684,0.695395,0.751974,0.251390,0.183839,0.140777,0.273130,0.376431,0.742817,0.584228,0.513204,0.407415,0.389130,0.460780,1.502543,0.715448,0.512102,0.422167,0.393513,0.348009
batch 2777,0.816474,0.656785,0.626656,0.624997,0.691433,0.613690,0.594058,0.482069,0.488000,0.536595,0.527706,0.749754,0.794242,0.259739,0.159376,0.140878,0.266695,0.395523,0.726764,0.527298,0.491530,0.429085,0.370202,0.455516,1.470307,0.656361,0.518130,0.433697,0.392769,0.368212
batch 2778,0.766433,0.630618,0.599696,0.627428,0.714183,0.607208,0.553792,0.472630,0.464448,0.524552,0.520852,0.757897,0.707753,0.281490,0.172891,0.141998,0.273864,0.406130,0.668949,0.526972,0.472937,0.421623,0.395027,0.438934,1.404740,0.697217,0.527570,0.443945,0.413936,0.368162
batch 2779,0.735691,0.644922,0.614989,0.641466,0.706919,0.595137,0.541754,0.470314,0.467087,0.523981,0.510232,0.762947,0.708911,0.259521,0.173847,0.147715,0.281245,0.419096,0.714275,0.556053,0.484000,0.427490,0.381689,0.472529,1.531802,0.750948,0.551385,0.474768,0.420626,0.383748
batch 2780,0.723805,0.639237,0.597300,0.630100,0.667076,0.597963,0.535763,0.451851,0.456085,0.512744,0.523061,0.753454,0.654607,0.257522,0.173921,0.148344,0.274582,0.404891,0.721483,0.539107,0.447563,0.460712,0.417914,0.474665,1.550072,0.727776,0.559874,0.454228,0.427488,0.386523
batch 2781,0.813037,0.703809,0.607077,0.637770,0.699280,0.602873,0.578308,0.482453,0.474005,0.527506,0.517011,0.720496,0.813740,0.266971,0.167301,0.124291,0.307112,0.377701,0.754902,0.542314,0.503956,0.428476,0.397316,0.454963,1.608353,0.741658,0.523385,0.465904,0.428860,0.379618
batch 2782,0.755010,0.669799,0.605316,0.634835,0.698732,0.613307,0.533285,0.454791,0.462310,0.527325,0.528883,0.784018,0.697708,0.241458,0.174010,0.142368,0.286620,0.414325,0.732396,0.545345,0.471602,0.484803,0.403376,0.432332,1.492333,0.729509,0.536512,0.459060,0.404423,0.354889
batch 2783,0.754160,0.603679,0.581235,0.577796,0.689023,0.564596,0.569065,0.490134,0.484337,0.536486,0.510859,0.736692,0.756244,0.222575,0.159030,0.118248,0.261532,0.394283,0.730964,0.565384,0.478234,0.437629,0.367997,0.471623,1.502805,0.691848,0.520580,0.457597,0.400373,0.365573
batch 2784,0.759520,0.612174,0.606809,0.613988,0.713239,0.601981,0.551921,0.459592,0.461538,0.528260,0.524165,0.755805,0.668904,0.252976,0.166621,0.145966,0.287977,0.422231,0.650350,0.495592,0.469586,0.466561,0.383532,0.486636,1.345805,0.660995,0.510946,0.435245,0.421950,0.386864
batch 2785,0.730960,0.607885,0.578622,0.577902,0.638864,0.573188,0.560509,0.468277,0.477916,0.516455,0.496003,0.735114,0.744313,0.271704,0.175653,0.142951,0.256027,0.398727,0.691571,0.520636,0.490079,0.446066,0.387684,0.493214,1.440562,0.709965,0.527871,0.459940,0.411705,0.384037
batch 2786,0.758463,0.635367,0.599448,0.613922,0.664233,0.589631,0.552468,0.461226,0.456401,0.518496,0.525732,0.729687,0.688224,0.250772,0.183150,0.139596,0.271484,0.392039,0.746181,0.593266,0.494631,0.420747,0.382630,0.459097,1.505619,0.734188,0.520309,0.441235,0.404270,0.374477
batch 2787,0.826654,0.673628,0.635177,0.649808,0.686344,0.595261,0.589319,0.483124,0.478125,0.537968,0.527565,0.761439,0.786631,0.246358,0.171839,0.133812,0.281157,0.416011,0.725875,0.585706,0.506862,0.450406,0.382000,0.433402,1.566416,0.742714,0.542296,0.439825,0.391895,0.362344
batch 2788,0.780936,0.629702,0.613945,0.620245,0.711272,0.589746,0.566141,0.462258,0.456872,0.516819,0.515522,0.753169,0.732378,0.240991,0.167273,0.147000,0.279395,0.404954,0.738063,0.571573,0.497195,0.453639,0.408785,0.448257,1.530355,0.745698,0.531780,0.495129,0.402065,0.369581
batch 2789,0.795971,0.647601,0.616603,0.608151,0.699122,0.605096,0.569149,0.475134,0.475187,0.527591,0.520269,0.802069,0.702700,0.247827,0.172973,0.140680,0.280391,0.416593,0.749004,0.558476,0.507562,0.491299,0.442197,0.443383,1.693423,0.745170,0.560681,0.474731,0.429328,0.374373
batch 2790,0.855447,0.650888,0.625132,0.600379,0.674012,0.602778,0.622940,0.476511,0.470727,0.526104,0.520566,0.742309,0.802528,0.240804,0.153361,0.125327,0.285549,0.403738,0.703693,0.549212,0.510681,0.422687,0.375566,0.488197,1.469083,0.667097,0.507792,0.442664,0.384744,0.381214
batch 2791,0.732248,0.624849,0.593216,0.589174,0.679693,0.600405,0.564846,0.458225,0.461459,0.509838,0.504932,0.700800,0.686949,0.274288,0.177662,0.154353,0.261542,0.373210,0.708526,0.534468,0.455753,0.434625,0.392893,0.465616,1.474014,0.745742,0.519377,0.462846,0.414698,0.377434
batch 2792,0.749305,0.623980,0.576615,0.587394,0.700557,0.594099,0.560166,0.467587,0.463673,0.527533,0.510650,0.763115,0.711700,0.253803,0.184190,0.144864,0.272442,0.411184,0.751374,0.554459,0.485334,0.450997,0.417947,0.482087,1.532619,0.754059,0.549409,0.486412,0.425837,0.373853
batch 2793,0.724005,0.599461,0.582054,0.590285,0.673728,0.575471,0.551238,0.477724,0.472674,0.519806,0.510105,0.749737,0.668309,0.255464,0.173090,0.141959,0.257235,0.409670,0.708029,0.532274,0.480876,0.422230,0.396332,0.449478,1.470513,0.708231,0.549276,0.441719,0.423148,0.380853
batch 2794,0.737463,0.637379,0.603178,0.610505,0.672036,0.552279,0.527899,0.448721,0.459030,0.496250,0.506723,0.713217,0.723285,0.230453,0.159001,0.143845,0.259423,0.385688,0.757322,0.595899,0.505387,0.435221,0.362515,0.457858,1.438530,0.710956,0.501686,0.434172,0.391220,0.353312
batch 2795,0.824084,0.653505,0.631106,0.620134,0.710025,0.633160,0.570742,0.473104,0.466981,0.520641,0.510584,0.774128,0.744853,0.268682,0.183070,0.137473,0.310691,0.437978,0.652852,0.505401,0.451728,0.450519,0.396870,0.469996,1.444324,0.724482,0.550392,0.461015,0.438415,0.386892
batch 2796,0.740898,0.597616,0.584286,0.618258,0.680577,0.618896,0.538508,0.461309,0.467868,0.523232,0.517801,0.744000,0.691858,0.256051,0.168844,0.138953,0.273483,0.407588,0.720583,0.555225,0.494151,0.425138,0.370710,0.459023,1.466564,0.757023,0.542028,0.457200,0.412964,0.387217
batch 2797,0.759220,0.621295,0.569015,0.572194,0.630674,0.534972,0.569692,0.444418,0.458691,0.517049,0.540050,0.736353,0.724038,0.220280,0.167230,0.131341,0.263293,0.380106,0.788256,0.612185,0.538678,0.429683,0.426131,0.408364,1.478184,0.780096,0.551792,0.438989,0.380529,0.321101
batch 2798,0.810121,0.658093,0.641209,0.623536,0.718044,0.599701,0.586739,0.478588,0.464685,0.533694,0.530922,0.753420,0.806455,0.246523,0.182487,0.141952,0.287096,0.407773,0.764362,0.558835,0.484843,0.439653,0.403670,0.454865,1.594822,0.759312,0.559301,0.486044,0.398522,0.360850
batch 2799,0.791781,0.668091,0.642318,0.653230,0.759172,0.641468,0.570233,0.486821,0.479215,0.534606,0.491272,0.746237,0.799255,0.246947,0.163632,0.143842,0.298664,0.406297,0.727544,0.574240,0.481751,0.440021,0.389669,0.493249,1.554627,0.724305,0.503934,0.466302,0.385187,0.361474
batch 2800,0.758393,0.623834,0.624126,0.633592,0.705315,0.609816,0.540157,0.461185,0.470422,0.529874,0.498026,0.745897,0.717096,0.260107,0.171246,0.140407,0.271203,0.415047,0.690983,0.515283,0.483266,0.423223,0.378701,0.478865,1.441267,0.680968,0.520450,0.453184,0.424698,0.397254
batch 2801,0.840349,0.663309,0.617219,0.632192,0.657430,0.610275,0.615967,0.468386,0.470876,0.527095,0.538112,0.756109,0.758974,0.233313,0.168024,0.135053,0.284631,0.405484,0.782423,0.589472,0.504388,0.444660,0.409534,0.434887,1.563418,0.797769,0.579709,0.489488,0.409212,0.353550
batch 2802,0.798571,0.651316,0.626447,0.648690,0.684647,0.582222,0.578449,0.479069,0.466782,0.536369,0.513190,0.738875,0.773624,0.256040,0.180428,0.151960,0.278964,0.399110,0.761445,0.565609,0.509682,0.428791,0.384321,0.448247,1.536604,0.751664,0.549317,0.485688,0.419938,0.371132
batch 2803,0.762063,0.646887,0.605720,0.628891,0.667066,0.568931,0.551727,0.466377,0.458365,0.522305,0.514366,0.736605,0.720207,0.243802,0.163659,0.138535,0.265644,0.386313,0.708518,0.571782,0.476853,0.424022,0.369195,0.449570,1.504589,0.716691,0.512195,0.447874,0.414023,0.368985
batch 2804,0.783996,0.646350,0.604697,0.613564,0.681837,0.574338,0.589239,0.472538,0.461230,0.523286,0.514548,0.743145,0.747398,0.260878,0.166458,0.140879,0.266539,0.391698,0.722531,0.543096,0.496303,0.443890,0.398369,0.477374,1.486468,0.722367,0.530782,0.454997,0.421389,0.361789
batch 2805,0.895862,0.701141,0.662815,0.636966,0.700211,0.655585,0.589443,0.486093,0.472573,0.530120,0.518814,0.769406,0.863395,0.233455,0.166776,0.127432,0.286369,0.438633,0.790521,0.587913,0.503821,0.497548,0.450219,0.451177,1.651496,0.721829,0.524257,0.447604,0.386492,0.323721
batch 2806,0.751748,0.622209,0.578960,0.596591,0.655741,0.578593,0.589874,0.479055,0.475923,0.533012,0.526287,0.760993,0.735975,0.273919,0.181060,0.144837,0.265051,0.415117,0.718674,0.567806,0.481187,0.472198,0.414519,0.466761,1.554401,0.766277,0.559834,0.447671,0.427937,0.369512
batch 2807,0.703081,0.613271,0.598908,0.611986,0.671592,0.590376,0.530880,0.451928,0.453371,0.519071,0.503784,0.791906,0.636886,0.246591,0.179381,0.145387,0.269165,0.438009,0.686960,0.508817,0.424556,0.459226,0.477366,0.465347,1.429435,0.696401,0.527627,0.438015,0.421702,0.382760
batch 2808,0.761189,0.657928,0.593741,0.612438,0.702490,0.599645,0.589887,0.486698,0.478550,0.544213,0.529901,0.701384,0.747116,0.278163,0.195925,0.161773,0.286398,0.377514,0.740141,0.535201,0.465084,0.474068,0.407801,0.472047,1.547096,0.727182,0.560678,0.477398,0.406060,0.375537
batch 2809,0.735321,0.632978,0.589735,0.628085,0.717967,0.578669,0.599432,0.486156,0.492582,0.526302,0.498076,0.697003,0.750223,0.285415,0.185683,0.144118,0.264142,0.369649,0.713531,0.530841,0.483903,0.441813,0.378214,0.481667,1.436249,0.714759,0.548131,0.465919,0.418968,0.378913
batch 2810,0.813045,0.642729,0.610871,0.618479,0.671109,0.550779,0.660084,0.484948,0.490892,0.546095,0.550011,0.733034,0.828711,0.249094,0.170224,0.129768,0.262735,0.374033,0.778518,0.592956,0.515365,0.440624,0.413127,0.449374,1.558584,0.739726,0.544351,0.459180,0.385165,0.353307
batch 2811,0.740009,0.642371,0.629606,0.666336,0.706358,0.615818,0.534089,0.458839,0.460257,0.511764,0.513443,0.768786,0.670149,0.237269,0.169046,0.140906,0.296568,0.418572,0.725423,0.528679,0.464864,0.445023,0.400082,0.482050,1.419060,0.716945,0.553069,0.490765,0.402049,0.392261
batch 2812,0.863014,0.676227,0.632841,0.631625,0.736737,0.647643,0.604706,0.481719,0.478429,0.542214,0.528172,0.733914,0.841429,0.241482,0.168108,0.138290,0.304600,0.417477,0.723454,0.541148,0.514154,0.406978,0.413236,0.489933,1.516134,0.641177,0.512899,0.408684,0.371785,0.363953
batch 2813,0.685785,0.604162,0.586370,0.598988,0.675308,0.605764,0.531236,0.453892,0.456126,0.522331,0.518277,0.784009,0.629581,0.252278,0.171737,0.146011,0.291334,0.435195,0.700248,0.530954,0.453759,0.464272,0.431252,0.467006,1.440079,0.726884,0.531207,0.433793,0.415209,0.383877
batch 2814,0.781338,0.664960,0.617558,0.622422,0.758176,0.589483,0.577628,0.471751,0.481014,0.535770,0.505757,0.752263,0.773080,0.265848,0.176610,0.146981,0.285613,0.406674,0.771480,0.579557,0.512234,0.472324,0.398752,0.454164,1.580642,0.776609,0.561565,0.464972,0.406303,0.375575
batch 2815,0.907971,0.663360,0.614784,0.610487,0.684327,0.620525,0.610761,0.476937,0.469972,0.536759,0.557764,0.761847,0.836926,0.249371,0.170453,0.149943,0.275899,0.411737,0.770720,0.644690,0.514078,0.413407,0.414739,0.415726,1.493643,0.738077,0.519049,0.412159,0.373544,0.314533
batch 2816,0.814437,0.667517,0.639923,0.636499,0.726809,0.628160,0.563096,0.475728,0.465631,0.516425,0.533694,0.751853,0.769446,0.257567,0.164949,0.133667,0.293914,0.409413,0.738187,0.544488,0.500630,0.453572,0.432805,0.459449,1.500858,0.704447,0.538317,0.436758,0.393548,0.346695
batch 2817,0.717800,0.615035,0.594105,0.617102,0.641920,0.587281,0.544551,0.456031,0.465163,0.534871,0.517688,0.786460,0.677434,0.240785,0.161883,0.143709,0.281955,0.421369,0.739122,0.547032,0.474299,0.460254,0.416490,0.473996,1.548305,0.732192,0.527295,0.446752,0.418310,0.373022
batch 2818,0.717236,0.636229,0.573347,0.602308,0.705716,0.591267,0.506978,0.451206,0.449056,0.509437,0.497968,0.742136,0.664308,0.249705,0.174865,0.129991,0.278713,0.396876,0.717722,0.502323,0.472923,0.448543,0.368959,0.483316,1.465613,0.724528,0.525290,0.470038,0.418468,0.391102
batch 2819,0.770081,0.636266,0.593204,0.605218,0.700275,0.601437,0.560379,0.468383,0.474650,0.525910,0.510641,0.767745,0.719317,0.261410,0.180853,0.157555,0.268437,0.411487,0.725661,0.554844,0.473375,0.451990,0.393921,0.467734,1.493751,0.747905,0.542340,0.475072,0.425768,0.371381
batch 2820,0.807703,0.652443,0.603398,0.607759,0.663344,0.589774,0.572271,0.444455,0.452617,0.524773,0.527334,0.735496,0.739166,0.230983,0.157588,0.133569,0.273795,0.393515,0.759069,0.598710,0.545145,0.420952,0.385940,0.436966,1.497427,0.737868,0.546047,0.436828,0.398421,0.344009
batch 2821,0.700520,0.579849,0.593130,0.588806,0.663796,0.578780,0.537147,0.454286,0.455861,0.522302,0.514546,0.735017,0.640581,0.241294,0.155189,0.138074,0.263708,0.391842,0.693693,0.516340,0.468304,0.451524,0.406585,0.489370,1.536368,0.727059,0.558313,0.462217,0.428772,0.385494
batch 2822,0.884854,0.656726,0.641561,0.620163,0.737036,0.633101,0.638264,0.476770,0.472548,0.539678,0.534147,0.733855,0.840288,0.243840,0.177098,0.144335,0.279308,0.394794,0.773879,0.603169,0.523229,0.449246,0.396186,0.461723,1.582506,0.697866,0.541073,0.415388,0.386275,0.343179
batch 2823,0.848183,0.675669,0.651133,0.683267,0.752536,0.639283,0.592221,0.491005,0.493788,0.556668,0.543909,0.772297,0.813804,0.241878,0.169382,0.144780,0.295359,0.423960,0.751731,0.577286,0.497252,0.433239,0.370333,0.469396,1.593343,0.723085,0.522527,0.455220,0.381872,0.370134
batch 2824,0.850071,0.672831,0.633858,0.643267,0.716414,0.630197,0.586195,0.482551,0.475184,0.530307,0.526159,0.756747,0.822560,0.244179,0.168570,0.137169,0.279380,0.410920,0.705967,0.521243,0.466365,0.436990,0.394761,0.494025,1.384904,0.656704,0.519864,0.469016,0.406445,0.385349
batch 2825,0.796295,0.647329,0.607617,0.603032,0.695132,0.544120,0.585554,0.466327,0.464831,0.519363,0.520322,0.715305,0.747666,0.227464,0.156556,0.129546,0.270143,0.371001,0.764186,0.634052,0.533077,0.424153,0.429628,0.449444,1.561851,0.794181,0.555301,0.440018,0.386851,0.334812
batch 2826,0.768997,0.644092,0.605433,0.610744,0.714810,0.601312,0.577851,0.472641,0.459530,0.527947,0.517433,0.777367,0.705008,0.241938,0.171186,0.148257,0.287752,0.417030,0.775881,0.581529,0.517977,0.442850,0.402248,0.464907,1.535076,0.766973,0.549976,0.452195,0.416674,0.383339
batch 2827,0.756173,0.622172,0.581432,0.588745,0.663149,0.583447,0.585022,0.476079,0.473331,0.530396,0.521348,0.735193,0.721351,0.246265,0.167104,0.132419,0.270335,0.388305,0.719962,0.555552,0.487983,0.443001,0.376311,0.469929,1.514914,0.749148,0.547402,0.458953,0.423679,0.366234
batch 2828,0.756610,0.631714,0.600204,0.624017,0.716888,0.611153,0.534036,0.464726,0.468452,0.522685,0.528049,0.720591,0.696268,0.243899,0.179533,0.147500,0.278424,0.395905,0.734369,0.511319,0.467562,0.439574,0.389760,0.473299,1.545439,0.726764,0.538131,0.459530,0.415967,0.395249
batch 2829,0.900402,0.701034,0.639579,0.636194,0.676672,0.610383,0.607921,0.472187,0.478739,0.526211,0.536231,0.754261,0.861009,0.224012,0.177561,0.129754,0.280603,0.407292,0.762660,0.627858,0.535596,0.475201,0.410144,0.425616,1.610023,0.735501,0.533310,0.394856,0.349047,0.303429
batch 2830,0.771074,0.636721,0.590327,0.595593,0.632132,0.576264,0.576639,0.459383,0.468076,0.510816,0.505352,0.765348,0.701717,0.270393,0.174666,0.136498,0.254189,0.411609,0.699593,0.514872,0.461691,0.448190,0.395710,0.449005,1.406774,0.729535,0.537640,0.468538,0.424968,0.363061
batch 2831,0.773132,0.611817,0.574404,0.577033,0.721451,0.557036,0.561843,0.455982,0.459065,0.505972,0.517608,0.757724,0.699259,0.242153,0.162606,0.141869,0.301479,0.402829,0.698782,0.540341,0.475189,0.459025,0.424581,0.455397,1.447065,0.749820,0.529761,0.473832,0.392383,0.367014
batch 2832,0.746252,0.643235,0.585648,0.597791,0.672519,0.582106,0.525539,0.447999,0.448696,0.515491,0.508566,0.729466,0.668865,0.243589,0.180066,0.156245,0.271060,0.389653,0.726657,0.529365,0.444369,0.451129,0.403814,0.445391,1.492213,0.732844,0.563383,0.477868,0.422394,0.366854
batch 2833,0.710746,0.622569,0.601570,0.616958,0.659485,0.582520,0.529293,0.448953,0.448035,0.515250,0.528008,0.749884,0.689644,0.233995,0.174526,0.139829,0.294665,0.397973,0.726851,0.525125,0.451860,0.441396,0.443954,0.468374,1.486045,0.750914,0.553996,0.483521,0.422837,0.387894
batch 2834,0.763645,0.624658,0.611057,0.633988,0.713070,0.626521,0.555460,0.472716,0.472975,0.535744,0.522496,0.745021,0.720524,0.262057,0.192099,0.155533,0.284436,0.411170,0.709126,0.521700,0.455643,0.427210,0.397453,0.484228,1.446721,0.716894,0.552944,0.462679,0.415273,0.383573
batch 2835,0.851597,0.682828,0.639675,0.628403,0.697973,0.634612,0.581742,0.482406,0.468209,0.528666,0.509288,0.701516,0.823939,0.250456,0.166074,0.140951,0.282402,0.378972,0.802288,0.565257,0.566121,0.456381,0.388000,0.487187,1.639624,0.729303,0.533064,0.470107,0.389554,0.340259
batch 2836,0.798167,0.638795,0.598447,0.608792,0.711390,0.571757,0.571616,0.476213,0.470081,0.533282,0.523581,0.745785,0.792805,0.238238,0.159999,0.134534,0.269583,0.384179,0.768467,0.551181,0.507071,0.496516,0.425547,0.477469,1.646693,0.729540,0.552538,0.470797,0.405117,0.357582
batch 2837,0.816539,0.671776,0.633311,0.643006,0.684033,0.603409,0.577346,0.467991,0.468165,0.539493,0.531146,0.759135,0.758464,0.235846,0.176336,0.137132,0.295902,0.406978,0.772378,0.628190,0.542158,0.445719,0.377815,0.447724,1.568588,0.789724,0.521519,0.445842,0.381528,0.326956
batch 2838,0.873014,0.690429,0.658803,0.639919,0.721323,0.608265,0.615512,0.485526,0.488603,0.553880,0.519785,0.794151,0.851167,0.238109,0.158171,0.125981,0.294434,0.426959,0.792898,0.644417,0.537132,0.436423,0.442055,0.454815,1.671572,0.756854,0.513718,0.442166,0.389812,0.335423
batch 2839,0.818214,0.647490,0.619536,0.634309,0.692886,0.632220,0.587505,0.482296,0.479981,0.530866,0.527767,0.732051,0.806951,0.292100,0.175253,0.150757,0.287752,0.402782,0.740683,0.566516,0.502149,0.400740,0.386197,0.449242,1.465969,0.714911,0.525664,0.444391,0.411587,0.356263
batch 2840,0.833223,0.676475,0.630610,0.619619,0.731991,0.578905,0.548302,0.467711,0.458864,0.531225,0.517502,0.730923,0.849705,0.222401,0.146948,0.120849,0.279876,0.384594,0.776031,0.593217,0.516901,0.419307,0.390740,0.485667,1.546277,0.660717,0.475950,0.416190,0.385771,0.336541
batch 2841,0.750915,0.645058,0.604826,0.618418,0.689165,0.618565,0.565296,0.456166,0.459144,0.521301,0.520844,0.793789,0.742507,0.267049,0.182711,0.150107,0.291923,0.435058,0.730933,0.531342,0.449192,0.482044,0.419587,0.470157,1.613631,0.776340,0.578051,0.459688,0.428588,0.383563
batch 2842,0.825796,0.656158,0.653973,0.632216,0.692287,0.617784,0.565309,0.475421,0.482271,0.543861,0.524165,0.752025,0.783393,0.236194,0.150645,0.132650,0.277613,0.402481,0.729553,0.576681,0.505744,0.428534,0.375263,0.457608,1.418689,0.725455,0.499141,0.431409,0.386278,0.331543
batch 2843,0.804726,0.642776,0.609923,0.621291,0.646543,0.562446,0.576602,0.473388,0.464199,0.535906,0.523521,0.737244,0.743642,0.252206,0.174285,0.146196,0.254125,0.395756,0.728514,0.562109,0.488269,0.401544,0.382212,0.451148,1.497820,0.678665,0.521395,0.438459,0.415338,0.369333
batch 2844,0.702349,0.589990,0.597034,0.584197,0.657026,0.589530,0.516196,0.459910,0.485563,0.510627,0.494108,0.745559,0.674254,0.254259,0.172504,0.142327,0.270715,0.414137,0.673228,0.510006,0.442491,0.446944,0.400803,0.455953,1.364149,0.680732,0.523937,0.441315,0.418447,0.373592
batch 2845,0.795086,0.666880,0.625459,0.640724,0.700421,0.624747,0.528387,0.464651,0.466274,0.518049,0.533480,0.732080,0.798525,0.228768,0.166337,0.134713,0.290496,0.391774,0.776589,0.608356,0.548954,0.419927,0.420949,0.427668,1.533307,0.756255,0.529792,0.433732,0.412178,0.332993
batch 2846,0.720548,0.602654,0.583997,0.604242,0.729786,0.563754,0.514426,0.449858,0.465616,0.522966,0.504546,0.711095,0.702140,0.225043,0.165145,0.129736,0.271330,0.378424,0.638021,0.505149,0.482978,0.444143,0.373746,0.489439,1.421860,0.673449,0.519497,0.449893,0.423729,0.362387
batch 2847,0.748389,0.617134,0.625519,0.605682,0.693727,0.626527,0.526687,0.456186,0.465007,0.535693,0.519249,0.764634,0.711403,0.243825,0.167179,0.133191,0.295567,0.423011,0.722729,0.549626,0.467537,0.418047,0.388261,0.471077,1.474358,0.716098,0.530892,0.463015,0.406556,0.369639
batch 2848,0.739109,0.611484,0.606513,0.602124,0.694561,0.590073,0.565880,0.468872,0.465316,0.517801,0.503389,0.735403,0.691324,0.246658,0.185104,0.142954,0.266837,0.400267,0.658422,0.515236,0.454898,0.445993,0.395284,0.479329,1.342307,0.707707,0.526185,0.476683,0.384980,0.346450
batch 2849,0.736721,0.622748,0.592624,0.615662,0.706999,0.603827,0.533664,0.469574,0.477174,0.529056,0.514882,0.774881,0.671464,0.241537,0.186441,0.148413,0.270760,0.414461,0.684071,0.537455,0.457261,0.457589,0.388481,0.451630,1.392478,0.696380,0.520204,0.425726,0.416041,0.364373
batch 2850,0.821333,0.654767,0.627587,0.636196,0.730074,0.622613,0.574782,0.476416,0.478964,0.535743,0.515237,0.741164,0.760881,0.249792,0.167180,0.136883,0.276212,0.405487,0.678801,0.521085,0.476184,0.450844,0.385575,0.471137,1.362094,0.706129,0.552295,0.456952,0.405387,0.366097
batch 2851,0.827070,0.684684,0.625141,0.624186,0.743984,0.618973,0.590429,0.474679,0.471556,0.550379,0.547298,0.763939,0.838532,0.220098,0.150677,0.123572,0.292932,0.412324,0.779188,0.597135,0.492623,0.389380,0.341320,0.487634,1.493232,0.680471,0.519095,0.395390,0.379768,0.343376
batch 2852,0.807677,0.655141,0.615873,0.618213,0.667013,0.609299,0.577673,0.473542,0.481147,0.539867,0.547946,0.749785,0.765410,0.261787,0.159581,0.130913,0.274175,0.406919,0.766910,0.559069,0.471301,0.443334,0.422484,0.444314,1.533864,0.738825,0.540794,0.449780,0.412097,0.364117
batch 2853,0.713650,0.610847,0.601485,0.605982,0.695903,0.586165,0.517959,0.456095,0.450261,0.519145,0.493578,0.747430,0.666935,0.264263,0.171304,0.136318,0.274251,0.415226,0.663757,0.502853,0.448241,0.447543,0.385051,0.470881,1.403636,0.717902,0.554728,0.458550,0.442961,0.398550
batch 2854,0.809776,0.645394,0.630509,0.632679,0.731913,0.600288,0.606138,0.483824,0.490909,0.548154,0.520651,0.765698,0.797493,0.232034,0.176189,0.156304,0.275920,0.413692,0.675731,0.521946,0.463433,0.444253,0.402207,0.479320,1.415214,0.713343,0.549032,0.505325,0.431767,0.382243
batch 2855,0.801991,0.641950,0.623531,0.642362,0.745673,0.635876,0.551266,0.472210,0.473677,0.526984,0.507386,0.750885,0.755721,0.232971,0.159913,0.139378,0.282745,0.425872,0.756566,0.568106,0.477877,0.422666,0.378094,0.466921,1.503913,0.726574,0.542448,0.459013,0.388740,0.386062
batch 2856,0.783768,0.649268,0.629582,0.611431,0.658267,0.560023,0.565045,0.455493,0.450737,0.519702,0.509312,0.750113,0.756815,0.247025,0.161596,0.132272,0.266347,0.404804,0.754778,0.568641,0.516277,0.435136,0.404733,0.467790,1.529197,0.747755,0.553855,0.446664,0.420662,0.378103
batch 2857,0.782432,0.666151,0.604869,0.636596,0.700757,0.589946,0.559794,0.470707,0.474668,0.531475,0.516017,0.789800,0.700887,0.262072,0.192180,0.163760,0.289434,0.419085,0.711518,0.544982,0.472354,0.478118,0.413270,0.432349,1.466887,0.759877,0.548411,0.453403,0.413717,0.368447
batch 2858,0.819009,0.641828,0.583225,0.615896,0.668638,0.553649,0.572230,0.459815,0.466796,0.505354,0.501660,0.744650,0.765788,0.238952,0.172937,0.138762,0.253452,0.405807,0.750799,0.552196,0.477036,0.434691,0.402399,0.477329,1.457318,0.714634,0.517168,0.481072,0.374969,0.360538
batch 2859,0.757806,0.638165,0.621880,0.614271,0.688168,0.600569,0.576362,0.470473,0.460014,0.519402,0.514238,0.788457,0.703524,0.251187,0.179275,0.152408,0.281647,0.424745,0.753541,0.564924,0.516980,0.416536,0.404305,0.450513,1.497105,0.749971,0.557976,0.431831,0.420733,0.368380
batch 2860,0.853083,0.677101,0.650453,0.635929,0.755033,0.658106,0.569199,0.489859,0.486148,0.542575,0.526797,0.816762,0.789547,0.248624,0.167969,0.140419,0.315707,0.468274,0.691911,0.547058,0.475270,0.476448,0.407806,0.462672,1.489445,0.752928,0.548923,0.468426,0.422023,0.371078
batch 2861,0.806917,0.644835,0.622904,0.603409,0.667350,0.581972,0.586945,0.484323,0.486069,0.520716,0.502291,0.713690,0.829118,0.238744,0.163137,0.124929,0.271868,0.377763,0.700352,0.543956,0.510331,0.439141,0.397755,0.530418,1.506336,0.688773,0.494395,0.445745,0.411618,0.360285
batch 2862,0.779830,0.654044,0.620208,0.634675,0.760899,0.599930,0.557811,0.462140,0.476025,0.531120,0.509079,0.764831,0.753863,0.239638,0.159049,0.139540,0.286911,0.421233,0.717180,0.537589,0.470910,0.448848,0.390943,0.479145,1.579813,0.743571,0.544773,0.488890,0.388847,0.381005
batch 2863,0.790308,0.642986,0.611912,0.614389,0.722878,0.588597,0.589089,0.483183,0.479241,0.535353,0.520066,0.751468,0.748834,0.248471,0.186768,0.153338,0.275756,0.400287,0.761837,0.566513,0.499464,0.442742,0.410685,0.480285,1.609999,0.773861,0.560771,0.471875,0.416588,0.375254
batch 2864,0.890207,0.651626,0.650284,0.637108,0.716840,0.643565,0.627276,0.477277,0.476606,0.540655,0.530379,0.763165,0.846118,0.222804,0.169027,0.132859,0.284498,0.430252,0.773343,0.584499,0.554377,0.441768,0.407464,0.462277,1.558738,0.764932,0.540015,0.437208,0.358920,0.327295
batch 2865,0.872776,0.661920,0.597176,0.635992,0.654622,0.560702,0.577232,0.464631,0.446011,0.520149,0.508486,0.733451,0.814653,0.269097,0.178379,0.131638,0.267865,0.402253,0.735234,0.518863,0.487650,0.400980,0.366880,0.456352,1.530266,0.708352,0.564668,0.451630,0.429124,0.393136
batch 2866,0.777292,0.645190,0.582702,0.618339,0.697803,0.641214,0.541143,0.450125,0.451907,0.527545,0.529404,0.795050,0.793156,0.214563,0.158867,0.132672,0.288323,0.426106,0.833435,0.607282,0.516952,0.438781,0.433763,0.458195,1.516479,0.721964,0.528228,0.416549,0.384378,0.317293
batch 2867,0.785805,0.654622,0.619840,0.634034,0.711880,0.603893,0.564677,0.469376,0.462361,0.524575,0.517915,0.753623,0.735861,0.273738,0.182177,0.147560,0.277165,0.410862,0.693699,0.524992,0.454875,0.439368,0.398867,0.454118,1.497366,0.688076,0.534497,0.447414,0.412179,0.357654
batch 2868,0.698421,0.609515,0.579957,0.609588,0.688400,0.592761,0.493050,0.445437,0.461058,0.514822,0.500763,0.759249,0.644753,0.259786,0.165889,0.133329,0.274793,0.406694,0.698122,0.525900,0.453731,0.443019,0.391298,0.487600,1.494773,0.739739,0.553795,0.469408,0.425189,0.388717
batch 2869,0.761842,0.647529,0.634199,0.650865,0.739700,0.602099,0.523061,0.472049,0.472234,0.537821,0.495900,0.690310,0.767333,0.224282,0.167238,0.135227,0.274052,0.374259,0.712887,0.525326,0.483599,0.404973,0.369845,0.511555,1.471891,0.649018,0.517789,0.419300,0.406669,0.375083
batch 2870,0.707484,0.616645,0.598073,0.616386,0.679534,0.588879,0.494945,0.448550,0.452015,0.507406,0.497921,0.719183,0.626392,0.234883,0.169719,0.145617,0.262784,0.386777,0.702695,0.521734,0.454788,0.431000,0.402439,0.460531,1.444334,0.735001,0.560385,0.492671,0.443186,0.379091
batch 2871,0.742666,0.629112,0.587149,0.603510,0.679106,0.562030,0.557744,0.462981,0.464951,0.523927,0.512927,0.725268,0.727787,0.278022,0.193951,0.157982,0.259037,0.399193,0.751530,0.535866,0.492890,0.444881,0.366467,0.464483,1.540514,0.726394,0.544103,0.441953,0.434104,0.393731
batch 2872,0.760486,0.620805,0.587903,0.606667,0.650625,0.569282,0.583639,0.466882,0.468378,0.529678,0.516119,0.707621,0.713786,0.276713,0.173377,0.149625,0.253276,0.379248,0.699052,0.538357,0.462065,0.442497,0.385002,0.484009,1.467998,0.748873,0.542929,0.473994,0.429313,0.380300
batch 2873,0.840128,0.662303,0.639602,0.653337,0.700282,0.613968,0.603288,0.482449,0.502812,0.537751,0.511711,0.727052,0.827165,0.242220,0.164536,0.137314,0.265273,0.400047,0.715933,0.555008,0.503621,0.458276,0.379661,0.465541,1.612818,0.693570,0.515833,0.444567,0.407887,0.383423
batch 2874,0.725137,0.625656,0.603683,0.620227,0.723392,0.615815,0.529119,0.459167,0.462898,0.521971,0.508994,0.767490,0.672944,0.261123,0.172381,0.144982,0.283505,0.423911,0.668684,0.492943,0.432111,0.435251,0.399837,0.460979,1.421336,0.728231,0.523664,0.444019,0.428441,0.383991
batch 2875,0.759254,0.616376,0.596015,0.611568,0.692581,0.559169,0.564593,0.454340,0.464407,0.520464,0.509398,0.715735,0.720429,0.264639,0.190899,0.152959,0.260651,0.374894,0.715130,0.533751,0.473933,0.452827,0.387517,0.486733,1.466486,0.707734,0.528021,0.438760,0.415266,0.381372
batch 2876,0.786624,0.622360,0.621562,0.621488,0.732075,0.595580,0.572342,0.474698,0.475401,0.534162,0.517214,0.754142,0.729502,0.270558,0.178729,0.140251,0.292943,0.408591,0.659711,0.509674,0.464793,0.439060,0.413518,0.502557,1.411318,0.701310,0.539472,0.439796,0.414965,0.386649
batch 2877,0.747124,0.631578,0.605843,0.614978,0.741144,0.588588,0.566465,0.470494,0.464162,0.522985,0.517373,0.751477,0.677746,0.241653,0.176978,0.153213,0.287960,0.402342,0.696686,0.544175,0.478267,0.445196,0.410025,0.475161,1.495479,0.727903,0.538100,0.467822,0.407034,0.380570
batch 2878,0.786742,0.648591,0.615378,0.652510,0.737153,0.671979,0.532137,0.471627,0.484318,0.533764,0.517545,0.754252,0.721715,0.226010,0.167123,0.136624,0.283556,0.422702,0.712409,0.498568,0.462787,0.453398,0.404923,0.485857,1.496347,0.697400,0.549069,0.482475,0.425236,0.385221
batch 2879,0.763083,0.643835,0.594798,0.624373,0.728564,0.599558,0.594495,0.473444,0.479782,0.536714,0.513847,0.716759,0.759776,0.263833,0.181424,0.143265,0.272161,0.385600,0.747894,0.561174,0.473589,0.489557,0.409761,0.474844,1.577063,0.742616,0.554932,0.483637,0.409031,0.368825
batch 2880,0.758590,0.615064,0.590688,0.591119,0.667737,0.570513,0.564302,0.477228,0.467789,0.517021,0.509631,0.738535,0.706479,0.249304,0.173140,0.135475,0.256481,0.404233,0.675249,0.507842,0.440521,0.455230,0.450314,0.455868,1.416395,0.689775,0.518912,0.435800,0.420663,0.380035
batch 2881,0.838529,0.674708,0.617890,0.640125,0.707330,0.589806,0.595456,0.466989,0.471787,0.539643,0.529427,0.749724,0.825459,0.235367,0.152891,0.124271,0.273259,0.404995,0.761570,0.606840,0.517495,0.440508,0.443563,0.428221,1.506873,0.692419,0.505764,0.410235,0.357879,0.337250
batch 2882,0.879999,0.662739,0.606412,0.642429,0.738485,0.597814,0.576520,0.476712,0.479913,0.531350,0.507363,0.728399,0.854327,0.237742,0.201728,0.156781,0.275064,0.402798,0.774420,0.600898,0.479636,0.447868,0.387353,0.468391,1.473969,0.706507,0.508516,0.470507,0.376499,0.368673
batch 2883,0.760731,0.635280,0.605369,0.597514,0.654449,0.577092,0.567650,0.460456,0.461797,0.529537,0.526512,0.743219,0.715353,0.265341,0.181311,0.138984,0.267410,0.404717,0.742767,0.553416,0.483643,0.438374,0.360986,0.446762,1.476928,0.727945,0.537317,0.448456,0.406508,0.369253
batch 2884,0.796974,0.667464,0.630722,0.644715,0.735123,0.599194,0.556591,0.472805,0.467501,0.537184,0.520312,0.773329,0.699650,0.231159,0.170580,0.135870,0.284789,0.401941,0.743824,0.532479,0.485040,0.481353,0.427380,0.439696,1.508051,0.734781,0.540715,0.461714,0.407884,0.364522
batch 2885,0.712168,0.612255,0.613705,0.628406,0.688805,0.605811,0.538801,0.469206,0.464989,0.547574,0.522789,0.777008,0.672418,0.223426,0.163641,0.133968,0.273712,0.416944,0.719813,0.520174,0.433279,0.481987,0.459795,0.470544,1.522576,0.708690,0.517814,0.444180,0.429308,0.375047
batch 2886,0.724568,0.604097,0.606379,0.606152,0.711473,0.584557,0.544358,0.462799,0.466056,0.520281,0.509064,0.744117,0.666339,0.250303,0.160010,0.137016,0.279682,0.401449,0.726466,0.549641,0.466091,0.419797,0.390733,0.451488,1.479421,0.718741,0.544688,0.470135,0.396613,0.372476
batch 2887,0.761491,0.621825,0.573372,0.597980,0.627570,0.532877,0.590108,0.468144,0.458558,0.522092,0.516586,0.739372,0.762890,0.239059,0.185458,0.148164,0.249176,0.400234,0.755482,0.582890,0.538136,0.419761,0.421953,0.483549,1.686770,0.698117,0.503299,0.458467,0.411238,0.354156
batch 2888,0.930489,0.663504,0.617896,0.595142,0.622960,0.604227,0.660309,0.492645,0.503195,0.534765,0.530737,0.791542,0.861301,0.235710,0.160259,0.135070,0.267217,0.428205,0.856548,0.635129,0.568530,0.449006,0.430588,0.416198,1.577299,0.762518,0.512717,0.423970,0.365885,0.285782
batch 2889,0.749801,0.629388,0.620300,0.623600,0.688463,0.603672,0.558188,0.464818,0.466755,0.514715,0.492394,0.757258,0.727782,0.262644,0.178892,0.148347,0.268564,0.421940,0.702824,0.534799,0.466867,0.429537,0.374902,0.477260,1.422427,0.696710,0.513961,0.421442,0.433515,0.395446
batch 2890,0.751415,0.653071,0.588127,0.619693,0.649195,0.582680,0.556822,0.455005,0.462118,0.517915,0.516661,0.755492,0.710679,0.246290,0.176183,0.138124,0.269418,0.409306,0.783544,0.582926,0.524012,0.412440,0.388582,0.453169,1.542856,0.771763,0.547235,0.450307,0.418976,0.368692
batch 2891,0.794899,0.641029,0.599112,0.606075,0.654986,0.574562,0.588106,0.471120,0.467415,0.536089,0.537930,0.750559,0.755635,0.237338,0.159539,0.133819,0.269043,0.393664,0.713705,0.530072,0.484103,0.430501,0.400476,0.452485,1.533567,0.723633,0.547255,0.496077,0.408509,0.379467
batch 2892,0.770222,0.598406,0.590648,0.586551,0.685351,0.568859,0.576827,0.457246,0.458453,0.521528,0.516090,0.746259,0.692477,0.252962,0.160334,0.130366,0.260817,0.395323,0.698594,0.514049,0.489546,0.442769,0.397987,0.475999,1.477939,0.714816,0.537748,0.451112,0.428443,0.372736
batch 2893,0.821699,0.664671,0.622717,0.612820,0.683586,0.629846,0.562816,0.469067,0.483620,0.536762,0.544163,0.731535,0.844509,0.216165,0.171294,0.123525,0.270959,0.396636,0.812042,0.642037,0.546833,0.427416,0.388501,0.456875,1.578691,0.743710,0.520991,0.398055,0.387819,0.340528
batch 2894,0.821356,0.638551,0.641081,0.657940,0.754488,0.624800,0.565807,0.468948,0.476187,0.533609,0.493629,0.738953,0.777222,0.233011,0.162658,0.138526,0.281133,0.419394,0.712278,0.532057,0.497297,0.467839,0.382846,0.497903,1.514223,0.697807,0.520265,0.455544,0.419367,0.392020
batch 2895,0.818231,0.649818,0.657043,0.623409,0.687729,0.596843,0.574238,0.476751,0.462048,0.526472,0.514343,0.751881,0.761845,0.255918,0.169339,0.134174,0.272290,0.414806,0.686300,0.523800,0.463321,0.439082,0.406481,0.468578,1.355494,0.690045,0.525646,0.455742,0.409970,0.371983
batch 2896,0.764391,0.627060,0.614057,0.630594,0.716130,0.613094,0.541759,0.460655,0.468487,0.529620,0.518759,0.752148,0.714028,0.242771,0.167427,0.133923,0.276282,0.414243,0.729942,0.519018,0.451802,0.440439,0.432472,0.462608,1.514898,0.714859,0.561931,0.471090,0.425080,0.376312
batch 2897,0.722016,0.626005,0.610795,0.622377,0.707895,0.606914,0.514304,0.453329,0.453063,0.515095,0.506652,0.750993,0.642756,0.250812,0.166386,0.141032,0.278273,0.409910,0.684755,0.506321,0.450483,0.435651,0.395183,0.478780,1.418326,0.734430,0.554780,0.460368,0.435400,0.389452
batch 2898,0.731419,0.630303,0.601040,0.618228,0.668665,0.595612,0.560300,0.460561,0.461847,0.525864,0.528237,0.780535,0.677341,0.265760,0.180178,0.143910,0.287200,0.421070,0.752333,0.525431,0.464389,0.488630,0.447785,0.450707,1.538955,0.742092,0.532547,0.444241,0.415920,0.376935
batch 2899,0.696220,0.618302,0.578289,0.606764,0.655068,0.547217,0.546468,0.458928,0.447011,0.513423,0.500004,0.702035,0.669081,0.258364,0.179092,0.149125,0.260418,0.379044,0.699411,0.520148,0.446666,0.437435,0.384319,0.477851,1.457576,0.729257,0.549833,0.483809,0.425729,0.378566
batch 2900,0.760368,0.628172,0.602703,0.611450,0.669819,0.569799,0.572133,0.461639,0.464337,0.529011,0.524328,0.729501,0.712645,0.258739,0.167536,0.139063,0.278536,0.389695,0.700673,0.546026,0.470844,0.417557,0.386185,0.457293,1.421410,0.721896,0.549800,0.459400,0.408512,0.373909
batch 2901,0.753782,0.630131,0.601648,0.619131,0.733563,0.638416,0.532855,0.467515,0.476155,0.532680,0.519294,0.782220,0.708899,0.266695,0.163769,0.143706,0.301792,0.441936,0.739473,0.539675,0.466766,0.447317,0.399196,0.449171,1.507730,0.693363,0.528041,0.459175,0.408584,0.372449
batch 2902,0.785986,0.651938,0.622582,0.664426,0.728639,0.606365,0.551091,0.476185,0.470948,0.533681,0.511631,0.755785,0.737313,0.239659,0.180740,0.147337,0.282888,0.411340,0.706097,0.534136,0.475028,0.439128,0.395213,0.467009,1.447016,0.693327,0.531158,0.465168,0.392822,0.380673
batch 2903,0.926382,0.700426,0.659379,0.620704,0.727630,0.667198,0.643611,0.489574,0.489198,0.554160,0.530711,0.749633,0.936271,0.237736,0.160113,0.135157,0.292489,0.417826,0.768168,0.600503,0.516908,0.429922,0.378723,0.503983,1.652839,0.708111,0.468862,0.428449,0.395047,0.365351
batch 2904,0.782743,0.636792,0.625387,0.632766,0.697011,0.597159,0.556301,0.469937,0.461948,0.521225,0.521866,0.761881,0.752711,0.247889,0.177340,0.149823,0.308265,0.400416,0.735204,0.572557,0.480814,0.433920,0.399906,0.475287,1.586294,0.785007,0.591527,0.501910,0.401074,0.356602
batch 2905,0.780659,0.640925,0.625485,0.641615,0.681713,0.617496,0.557049,0.475385,0.475102,0.535782,0.546165,0.739324,0.734707,0.227072,0.155448,0.137619,0.289790,0.397923,0.743092,0.564169,0.526613,0.451159,0.424971,0.469441,1.448763,0.714268,0.525521,0.440710,0.395761,0.333329
batch 2906,0.819471,0.629695,0.611135,0.616554,0.669888,0.557572,0.592067,0.470056,0.462941,0.524082,0.526755,0.725233,0.756294,0.245111,0.158161,0.127301,0.262783,0.384973,0.719520,0.525961,0.493833,0.429123,0.393678,0.469233,1.488106,0.717778,0.533784,0.454580,0.410361,0.388680
batch 2907,0.818908,0.634175,0.599556,0.605462,0.686167,0.583040,0.571178,0.472079,0.478162,0.537396,0.537279,0.749048,0.752887,0.260718,0.167822,0.137258,0.281434,0.399127,0.685104,0.505552,0.443460,0.429032,0.396932,0.469966,1.437523,0.706769,0.523777,0.459721,0.425694,0.373212
batch 2908,0.870545,0.654067,0.604063,0.589173,0.667770,0.565715,0.595336,0.474659,0.453529,0.524262,0.525175,0.738955,0.847206,0.250403,0.182304,0.133656,0.264360,0.393521,0.714796,0.558111,0.515061,0.456354,0.392684,0.447107,1.533382,0.728119,0.504123,0.458704,0.404445,0.353804
batch 2909,0.721471,0.593639,0.603685,0.605447,0.692330,0.577140,0.535853,0.460477,0.460479,0.528395,0.505665,0.719767,0.671974,0.254729,0.170551,0.134443,0.265163,0.393830,0.689737,0.516803,0.470158,0.422535,0.380179,0.491672,1.454739,0.677356,0.521449,0.436449,0.427444,0.394183
batch 2910,0.954130,0.715602,0.651400,0.637203,0.715017,0.650200,0.618371,0.493529,0.482169,0.544458,0.548147,0.783863,0.914079,0.220405,0.175334,0.128711,0.292105,0.424945,0.884880,0.624868,0.583932,0.449458,0.438959,0.417975,1.590392,0.738630,0.530805,0.401068,0.357363,0.307778
batch 2911,0.781572,0.663422,0.630003,0.661786,0.722568,0.634284,0.561238,0.468806,0.479886,0.535725,0.524004,0.759419,0.769672,0.211494,0.162629,0.128942,0.286553,0.406076,0.851625,0.617585,0.521301,0.429496,0.408065,0.470705,1.507958,0.705157,0.494896,0.395492,0.358694,0.311158
batch 2912,0.787551,0.664202,0.622222,0.644213,0.683239,0.612876,0.548918,0.472563,0.466180,0.536380,0.533169,0.751484,0.761290,0.236592,0.155359,0.123742,0.280184,0.416423,0.805519,0.590402,0.514134,0.442649,0.401736,0.422689,1.628259,0.707115,0.539550,0.440029,0.393370,0.361218
batch 2913,0.825116,0.665928,0.640354,0.648568,0.707270,0.634050,0.559910,0.472618,0.476201,0.529774,0.529274,0.750317,0.765848,0.225285,0.172524,0.139139,0.280758,0.405878,0.766583,0.612696,0.535575,0.447515,0.421857,0.482204,1.595851,0.776452,0.545064,0.420550,0.385911,0.325966
batch 2914,0.846872,0.652193,0.604841,0.587885,0.656658,0.610461,0.580396,0.464271,0.471819,0.526622,0.528556,0.747342,0.873191,0.242045,0.173918,0.141560,0.274481,0.401302,0.799577,0.623783,0.522178,0.470891,0.451052,0.462385,1.566046,0.726934,0.549188,0.429862,0.368280,0.319286
batch 2915,0.812797,0.638668,0.577452,0.570047,0.589347,0.542293,0.610886,0.473786,0.477728,0.517238,0.513838,0.720911,0.849427,0.254310,0.168285,0.129283,0.244214,0.380311,0.762256,0.616119,0.536661,0.439962,0.392442,0.457397,1.537164,0.741188,0.512987,0.418539,0.371260,0.330710
batch 2916,0.936119,0.682562,0.624815,0.621770,0.710526,0.636763,0.617674,0.471302,0.466957,0.527993,0.524141,0.766786,0.842126,0.228005,0.171048,0.143029,0.281666,0.408100,0.814282,0.612706,0.515113,0.467680,0.422084,0.438654,1.558613,0.743763,0.518377,0.426690,0.368372,0.334287
batch 2917,0.721243,0.629660,0.575682,0.588974,0.642453,0.578605,0.561087,0.452082,0.440700,0.513520,0.511702,0.751111,0.706903,0.267296,0.169836,0.142962,0.255548,0.408370,0.680812,0.515678,0.466565,0.446057,0.380021,0.464951,1.464873,0.704408,0.550543,0.439125,0.442536,0.387335
batch 2918,0.940269,0.702961,0.665945,0.589371,0.649128,0.577668,0.703932,0.483560,0.479632,0.525836,0.539663,0.749540,0.952558,0.238336,0.160391,0.123722,0.258553,0.396712,0.877587,0.647861,0.555444,0.432793,0.425467,0.413422,1.591374,0.716706,0.513274,0.378312,0.343377,0.293911
batch 2919,0.724157,0.636384,0.603799,0.622181,0.696881,0.584198,0.533322,0.462486,0.462768,0.518558,0.503510,0.746964,0.672919,0.262642,0.177419,0.149526,0.272096,0.405506,0.704900,0.540125,0.462742,0.435673,0.385616,0.470377,1.538731,0.769000,0.569126,0.454762,0.434226,0.375726
batch 2920,0.752844,0.619202,0.618610,0.638651,0.716853,0.612990,0.543958,0.472474,0.467471,0.530469,0.514188,0.777997,0.690222,0.246313,0.166467,0.140043,0.284873,0.436095,0.672487,0.528771,0.469331,0.440123,0.389415,0.461249,1.414250,0.721098,0.540619,0.440817,0.418786,0.373103
batch 2921,0.749632,0.619343,0.592266,0.595972,0.671957,0.575230,0.579296,0.485115,0.474162,0.520137,0.517262,0.748101,0.718940,0.254495,0.174169,0.133429,0.269155,0.391163,0.713809,0.540514,0.474247,0.466435,0.382157,0.453678,1.461366,0.711199,0.534799,0.448710,0.411249,0.367534
batch 2922,0.832393,0.674790,0.633609,0.619366,0.714493,0.623487,0.582950,0.479896,0.481395,0.522429,0.523177,0.754131,0.749347,0.249941,0.175717,0.142994,0.284568,0.413827,0.754914,0.578741,0.496098,0.459729,0.384137,0.475556,1.556361,0.758773,0.539276,0.461306,0.420135,0.372530
batch 2923,0.717413,0.607406,0.583026,0.602374,0.704940,0.602527,0.540580,0.461661,0.461431,0.514915,0.498861,0.719786,0.665108,0.250014,0.171785,0.138781,0.264241,0.390802,0.738776,0.541533,0.473572,0.466066,0.377224,0.460175,1.533701,0.722880,0.535480,0.443953,0.404624,0.363109
batch 2924,0.806202,0.654393,0.619627,0.617197,0.694711,0.605076,0.583643,0.470195,0.467916,0.517840,0.509165,0.749082,0.754118,0.258920,0.184497,0.152750,0.268921,0.419822,0.677490,0.524407,0.475678,0.448796,0.404985,0.478317,1.491346,0.702527,0.547277,0.459706,0.439021,0.369507
batch 2925,0.720112,0.643754,0.601919,0.628530,0.672329,0.628394,0.523383,0.459380,0.459873,0.520064,0.506357,0.717321,0.679422,0.241382,0.173167,0.136807,0.272684,0.392591,0.709329,0.516703,0.465505,0.437061,0.402352,0.465071,1.533385,0.714566,0.557737,0.459724,0.444701,0.394814
batch 2926,0.790389,0.656329,0.615803,0.625697,0.695898,0.595398,0.563078,0.464675,0.464861,0.520543,0.517917,0.737246,0.723418,0.264040,0.176342,0.140716,0.275929,0.404286,0.748181,0.553006,0.482194,0.432096,0.391005,0.449709,1.540272,0.732589,0.544040,0.457214,0.421645,0.379358
batch 2927,0.845328,0.672243,0.640047,0.652857,0.743308,0.610449,0.597353,0.484769,0.485892,0.536619,0.519752,0.768218,0.806468,0.260010,0.182997,0.146765,0.320497,0.421853,0.700950,0.528045,0.488823,0.452255,0.387220,0.469355,1.540249,0.757578,0.549594,0.476716,0.430143,0.388677
batch 2928,0.806744,0.635306,0.584188,0.588926,0.691344,0.598323,0.593985,0.467225,0.457150,0.520997,0.515352,0.687167,0.759311,0.288650,0.173801,0.140093,0.259161,0.364417,0.719062,0.545302,0.485082,0.426260,0.376688,0.466967,1.486897,0.705949,0.514288,0.444128,0.413826,0.390789
batch 2929,0.823970,0.656601,0.649590,0.632990,0.706523,0.631625,0.584563,0.486194,0.484477,0.542634,0.521932,0.746181,0.810351,0.242947,0.172835,0.143314,0.281143,0.401666,0.738493,0.555888,0.490715,0.420386,0.413681,0.488746,1.454934,0.681295,0.524860,0.444464,0.386598,0.351843
batch 2930,0.766692,0.655188,0.599952,0.620098,0.667185,0.577515,0.532813,0.457539,0.460799,0.514096,0.527355,0.740574,0.735608,0.245659,0.180902,0.131755,0.276694,0.389530,0.802222,0.606697,0.527639,0.448952,0.424168,0.442246,1.585929,0.743128,0.527530,0.442358,0.406476,0.348017
batch 2931,0.722612,0.619050,0.592845,0.595416,0.700031,0.582614,0.532904,0.459230,0.455428,0.523413,0.511344,0.740475,0.669498,0.254091,0.169967,0.127178,0.264594,0.398007,0.653674,0.510164,0.461103,0.440521,0.384612,0.459625,1.435327,0.727757,0.538513,0.446984,0.425113,0.401760
batch 2932,0.768320,0.613517,0.612450,0.615258,0.733707,0.613974,0.558863,0.474011,0.465436,0.526631,0.543977,0.749230,0.726238,0.260837,0.170307,0.138836,0.302171,0.402908,0.716138,0.531827,0.455910,0.430813,0.383272,0.475515,1.379385,0.725788,0.532756,0.479577,0.399099,0.354440
batch 2933,0.760168,0.626426,0.595105,0.625324,0.661311,0.574222,0.574393,0.467943,0.472518,0.524043,0.518175,0.731875,0.704204,0.252994,0.179521,0.143629,0.248879,0.387432,0.675649,0.550721,0.451527,0.448139,0.405912,0.446713,1.462354,0.714193,0.534143,0.442527,0.428380,0.380993
batch 2934,0.716475,0.601763,0.576081,0.582898,0.652889,0.563323,0.540711,0.464994,0.463819,0.528063,0.526166,0.739768,0.680111,0.265355,0.197636,0.147543,0.260145,0.395202,0.695666,0.550363,0.479596,0.425209,0.369611,0.464170,1.474599,0.732013,0.537787,0.445170,0.436905,0.391939
batch 2935,0.807147,0.645775,0.623864,0.621137,0.696405,0.569003,0.579736,0.472481,0.472138,0.527611,0.520391,0.743002,0.748441,0.263976,0.177898,0.148867,0.270366,0.394780,0.694081,0.534674,0.501638,0.429619,0.389852,0.495653,1.409162,0.696294,0.519688,0.438754,0.396972,0.333230
batch 2936,0.867748,0.672158,0.625096,0.594530,0.678589,0.591679,0.620997,0.471369,0.480096,0.520760,0.519804,0.721409,0.828081,0.218276,0.164836,0.130643,0.262900,0.378943,0.816743,0.615867,0.514470,0.455717,0.444473,0.455971,1.536051,0.690397,0.476559,0.388073,0.350439,0.295358
batch 2937,0.795515,0.655643,0.604881,0.618503,0.704296,0.606540,0.578359,0.482589,0.472399,0.523706,0.525638,0.734785,0.761173,0.238919,0.178209,0.142009,0.267957,0.395246,0.735667,0.528413,0.488477,0.454305,0.418143,0.471414,1.522842,0.700937,0.542642,0.448955,0.433473,0.369823
batch 2938,0.798092,0.621414,0.606306,0.592408,0.638234,0.572586,0.589507,0.465129,0.464525,0.525853,0.535096,0.742659,0.741442,0.238297,0.174722,0.152728,0.265175,0.406124,0.694278,0.568305,0.512618,0.433381,0.401325,0.463112,1.487622,0.716727,0.555133,0.470573,0.404047,0.358809
batch 2939,0.807833,0.664219,0.615718,0.623667,0.717224,0.622122,0.563322,0.463194,0.462059,0.520534,0.519248,0.756633,0.769712,0.243910,0.161431,0.142974,0.294182,0.408223,0.751378,0.558742,0.504505,0.441489,0.389811,0.459992,1.490228,0.714545,0.530291,0.470188,0.401835,0.353124
batch 2940,0.748608,0.620287,0.640433,0.654416,0.712501,0.606045,0.553510,0.473298,0.458088,0.520259,0.496708,0.710024,0.713358,0.228204,0.163464,0.132666,0.271633,0.368805,0.729878,0.538165,0.493479,0.424485,0.390398,0.492153,1.570741,0.705358,0.528722,0.465925,0.401588,0.370391
batch 2941,0.732829,0.614438,0.600854,0.632352,0.677918,0.569442,0.559694,0.459846,0.457393,0.530502,0.525893,0.745538,0.650118,0.238756,0.160212,0.134695,0.291994,0.390959,0.711543,0.506005,0.444685,0.486456,0.411952,0.469079,1.456106,0.712441,0.548033,0.449769,0.424213,0.387181
batch 2942,0.730197,0.623566,0.582310,0.614971,0.681740,0.575185,0.549015,0.461545,0.463913,0.529236,0.513896,0.780098,0.666275,0.252463,0.175550,0.149530,0.285933,0.408675,0.702842,0.540447,0.453082,0.466467,0.424375,0.458667,1.474825,0.715153,0.541307,0.453279,0.420152,0.397663
batch 2943,0.713843,0.604543,0.613620,0.621601,0.681657,0.585849,0.541445,0.466204,0.466265,0.520944,0.504972,0.751916,0.675131,0.245015,0.171744,0.131859,0.269092,0.415720,0.656269,0.501979,0.435691,0.435325,0.390340,0.461378,1.394546,0.703488,0.545724,0.458756,0.421443,0.383423
batch 2944,0.909409,0.686748,0.650764,0.637782,0.742702,0.603621,0.654325,0.491023,0.499407,0.541542,0.544055,0.767515,0.944778,0.255892,0.150834,0.129942,0.308275,0.399026,0.769586,0.564407,0.497710,0.417498,0.392922,0.498488,1.588496,0.726783,0.543155,0.425898,0.383196,0.321379
batch 2945,0.780765,0.628383,0.606086,0.614447,0.675869,0.576351,0.561591,0.460567,0.467354,0.515325,0.503486,0.719720,0.729021,0.244526,0.175492,0.145305,0.263264,0.400479,0.687786,0.547573,0.483345,0.434179,0.383008,0.463841,1.458544,0.712559,0.514821,0.463568,0.438675,0.372862
batch 2946,0.890480,0.673930,0.629474,0.629286,0.724347,0.630647,0.598628,0.477227,0.476560,0.531130,0.521019,0.756539,0.850280,0.231762,0.184530,0.132662,0.291202,0.416157,0.805077,0.595735,0.491244,0.419762,0.461125,0.430020,1.616760,0.726939,0.520579,0.434954,0.375785,0.318998
batch 2947,0.815680,0.686131,0.599253,0.595861,0.669605,0.579331,0.599700,0.457094,0.462775,0.540576,0.551925,0.756251,0.751402,0.241624,0.165462,0.131664,0.299445,0.393069,0.775398,0.567255,0.518524,0.461778,0.434033,0.441100,1.513683,0.743957,0.534963,0.487212,0.390316,0.340485
batch 2948,0.804447,0.672542,0.624925,0.631482,0.672232,0.647636,0.547862,0.464713,0.468460,0.524278,0.522762,0.736419,0.759042,0.237414,0.175815,0.133598,0.273162,0.409621,0.752409,0.594236,0.499897,0.441312,0.367572,0.464017,1.548380,0.712185,0.526852,0.447912,0.428012,0.355594
batch 2949,0.730214,0.600008,0.602391,0.620443,0.707581,0.594167,0.526401,0.459530,0.456275,0.510364,0.488646,0.758663,0.647371,0.255564,0.175764,0.140535,0.261067,0.416690,0.652948,0.523155,0.432460,0.416261,0.364564,0.475761,1.386716,0.706144,0.537070,0.452892,0.421517,0.394847
batch 2950,0.860917,0.680832,0.650610,0.624480,0.717218,0.635738,0.602824,0.484110,0.477235,0.552462,0.528533,0.770688,0.817446,0.208133,0.162583,0.133193,0.288717,0.419669,0.765148,0.555967,0.475870,0.424115,0.457830,0.468712,1.453864,0.684234,0.516286,0.428706,0.387287,0.352054
batch 2951,0.792839,0.661461,0.635616,0.636388,0.711676,0.629327,0.550943,0.469849,0.473404,0.529077,0.519495,0.779970,0.699323,0.246890,0.171946,0.138262,0.282386,0.431623,0.705227,0.556007,0.481667,0.453176,0.397719,0.453392,1.430255,0.716129,0.539725,0.462676,0.406171,0.383489
batch 2952,0.877003,0.713300,0.677305,0.640367,0.714635,0.638955,0.609165,0.491949,0.480877,0.544741,0.537144,0.791504,0.880831,0.210139,0.172040,0.130393,0.289519,0.425503,0.842076,0.628486,0.510567,0.432690,0.404399,0.468286,1.647807,0.722149,0.536586,0.394970,0.375782,0.346377
batch 2953,0.822253,0.633977,0.596950,0.600979,0.656592,0.566013,0.594991,0.463021,0.452466,0.523129,0.532290,0.725899,0.732253,0.233123,0.165616,0.131323,0.287721,0.370399,0.750960,0.570739,0.514367,0.433764,0.405929,0.458152,1.546411,0.764514,0.543762,0.476815,0.411282,0.371402
batch 2954,0.736712,0.601874,0.592291,0.598673,0.688394,0.588341,0.524417,0.453627,0.460468,0.518357,0.500788,0.739035,0.700415,0.258239,0.163572,0.140941,0.257376,0.407379,0.700594,0.507155,0.467349,0.495659,0.388789,0.461873,1.458344,0.688803,0.503551,0.431370,0.407209,0.363902
batch 2955,0.768649,0.623994,0.605608,0.621623,0.684183,0.580227,0.562860,0.468337,0.474958,0.529173,0.514715,0.726357,0.692908,0.246666,0.178578,0.143521,0.273796,0.388105,0.732974,0.571883,0.515791,0.443760,0.368181,0.463182,1.468775,0.757997,0.546753,0.457651,0.424799,0.381186
batch 2956,0.719153,0.621088,0.578297,0.604206,0.654670,0.575551,0.514296,0.457486,0.457462,0.515100,0.506114,0.738658,0.645319,0.256002,0.194240,0.156293,0.259840,0.390196,0.695937,0.521649,0.450030,0.454861,0.411702,0.450733,1.508426,0.750436,0.565118,0.467452,0.442673,0.387219
batch 2957,0.763110,0.616247,0.609061,0.627121,0.670501,0.558698,0.579619,0.471080,0.467950,0.531177,0.530723,0.726536,0.698111,0.240163,0.167977,0.136893,0.271179,0.387580,0.776505,0.599038,0.506245,0.423913,0.435546,0.467054,1.616577,0.748184,0.534582,0.495910,0.407278,0.352791
batch 2958,0.819283,0.627097,0.596308,0.601700,0.639551,0.567336,0.597021,0.455793,0.455517,0.519985,0.544061,0.730927,0.779823,0.241420,0.162328,0.131853,0.259663,0.389248,0.743053,0.553122,0.471926,0.464898,0.429378,0.456148,1.550899,0.754919,0.563553,0.471366,0.390340,0.355335
batch 2959,0.762041,0.632175,0.603570,0.601381,0.738525,0.605214,0.534574,0.470154,0.481896,0.519819,0.496843,0.774217,0.669535,0.259705,0.183111,0.172345,0.307795,0.425274,0.664350,0.503033,0.475469,0.470284,0.402825,0.450796,1.493917,0.736582,0.564259,0.461890,0.418367,0.372300
batch 2960,0.738239,0.620510,0.604275,0.618314,0.696529,0.606685,0.569644,0.470038,0.461931,0.533552,0.530529,0.742225,0.705472,0.264778,0.179611,0.148654,0.283198,0.408262,0.702663,0.533405,0.459866,0.433848,0.398366,0.463981,1.463741,0.763990,0.557448,0.465655,0.430464,0.377715
batch 2961,0.717284,0.618173,0.583519,0.595807,0.682646,0.593019,0.531457,0.456284,0.457157,0.520217,0.509465,0.719533,0.661730,0.257288,0.179108,0.149864,0.281589,0.390309,0.733291,0.555537,0.509749,0.438645,0.377022,0.457827,1.606491,0.755243,0.515163,0.446579,0.425508,0.373084
batch 2962,0.860702,0.705103,0.666861,0.656233,0.792584,0.624902,0.571582,0.485837,0.479504,0.540131,0.520823,0.744364,0.826100,0.242413,0.169541,0.132526,0.303869,0.397698,0.801014,0.599489,0.501164,0.418740,0.390669,0.466052,1.505902,0.692264,0.510018,0.430213,0.374477,0.340935
batch 2963,0.854063,0.678279,0.662020,0.672719,0.696109,0.567523,0.603114,0.483818,0.477366,0.540886,0.535664,0.738225,0.803018,0.239657,0.170414,0.143391,0.273534,0.376352,0.782686,0.543125,0.546622,0.451811,0.372823,0.460741,1.611850,0.749247,0.559270,0.461585,0.376929,0.364218
batch 2964,0.706231,0.612888,0.593208,0.617951,0.678761,0.585971,0.538129,0.463826,0.462793,0.518822,0.514569,0.754789,0.673581,0.245187,0.180434,0.137200,0.272702,0.409682,0.726671,0.530987,0.466814,0.430886,0.401979,0.466825,1.477323,0.752966,0.560817,0.453872,0.440378,0.386963
batch 2965,0.770473,0.633421,0.612236,0.629783,0.705239,0.603450,0.564639,0.472340,0.476781,0.533003,0.518548,0.749812,0.737175,0.255817,0.187611,0.153006,0.278848,0.412448,0.669808,0.512648,0.472221,0.432339,0.402728,0.461865,1.359890,0.662302,0.515847,0.461161,0.407231,0.365737
batch 2966,0.702912,0.578445,0.561527,0.573018,0.676714,0.573847,0.517166,0.444733,0.438831,0.513980,0.486663,0.711820,0.695406,0.246689,0.164344,0.137619,0.257600,0.390512,0.711854,0.532764,0.488587,0.465390,0.400599,0.479022,1.423136,0.698974,0.536954,0.471934,0.411348,0.368223
batch 2967,0.694112,0.582019,0.571692,0.603028,0.711206,0.597871,0.524439,0.451713,0.459769,0.521933,0.501829,0.765509,0.644942,0.256792,0.169560,0.137659,0.268681,0.420022,0.657269,0.490282,0.440463,0.465011,0.380479,0.465681,1.385459,0.694285,0.539501,0.458068,0.409221,0.381191
batch 2968,0.770619,0.630967,0.618480,0.624716,0.708875,0.614949,0.568611,0.466137,0.468399,0.536586,0.516134,0.755784,0.728196,0.248941,0.167146,0.134872,0.273879,0.416551,0.705091,0.536441,0.478880,0.436759,0.385475,0.479269,1.515434,0.734375,0.533324,0.462820,0.412817,0.374077
batch 2969,0.786504,0.646552,0.635117,0.631488,0.684447,0.598437,0.570844,0.475536,0.477619,0.533143,0.534515,0.756299,0.738702,0.240386,0.163408,0.134393,0.285984,0.400060,0.732306,0.539557,0.474369,0.446246,0.402973,0.482960,1.480955,0.714502,0.555428,0.445766,0.424030,0.376290
batch 2970,0.770165,0.636908,0.608785,0.620018,0.710608,0.581133,0.559521,0.460442,0.456715,0.519421,0.512403,0.711929,0.735563,0.261636,0.183640,0.145029,0.265921,0.378965,0.672587,0.530422,0.470558,0.423046,0.385021,0.501043,1.403988,0.673042,0.529345,0.455033,0.406479,0.377283
batch 2971,0.845004,0.641792,0.611295,0.633814,0.719963,0.597613,0.591567,0.481625,0.486233,0.532490,0.521207,0.791087,0.829970,0.234574,0.170898,0.143442,0.277077,0.423884,0.765407,0.619202,0.476921,0.478680,0.418802,0.451646,1.569329,0.726169,0.563016,0.467468,0.382596,0.346882
batch 2972,0.749242,0.602181,0.598773,0.580876,0.665454,0.570152,0.556609,0.468137,0.458502,0.522794,0.501918,0.730921,0.681093,0.244062,0.179387,0.131752,0.266044,0.396953,0.739929,0.563171,0.503066,0.427781,0.368763,0.464719,1.492366,0.702753,0.505088,0.435287,0.412340,0.364291
batch 2973,0.829015,0.653594,0.623057,0.624367,0.693714,0.593884,0.604354,0.479427,0.464401,0.524083,0.520621,0.773656,0.760288,0.262375,0.170306,0.136218,0.272002,0.420784,0.699327,0.515521,0.460185,0.439959,0.366136,0.488441,1.458003,0.712286,0.535264,0.464506,0.424025,0.388206
batch 2974,0.701868,0.621406,0.590637,0.644795,0.667863,0.596101,0.512233,0.454116,0.449543,0.532661,0.529950,0.753088,0.653870,0.254355,0.167010,0.148529,0.266946,0.411062,0.761289,0.582946,0.488453,0.449354,0.380457,0.428615,1.510558,0.746230,0.532256,0.461857,0.407700,0.383372
batch 2975,0.808406,0.629309,0.620275,0.600986,0.686977,0.570851,0.587394,0.482089,0.471692,0.545944,0.527555,0.755839,0.776452,0.241722,0.177482,0.141779,0.297388,0.415726,0.718503,0.556008,0.451651,0.441903,0.443342,0.491355,1.569939,0.722728,0.523075,0.466710,0.418828,0.398173
batch 2976,0.791402,0.650617,0.622349,0.628266,0.683005,0.603428,0.575995,0.461949,0.466581,0.532720,0.541776,0.780236,0.708302,0.242383,0.171952,0.142264,0.299532,0.413972,0.752503,0.546663,0.452390,0.456832,0.468714,0.436281,1.516586,0.754433,0.566333,0.450906,0.432330,0.368567
batch 2977,0.771587,0.639994,0.628877,0.648349,0.692193,0.574947,0.569894,0.468703,0.459856,0.538817,0.540229,0.745298,0.710137,0.235585,0.154340,0.125480,0.270424,0.384610,0.745773,0.565452,0.493870,0.448125,0.415880,0.462602,1.623876,0.760897,0.579719,0.484871,0.420356,0.386640
batch 2978,0.744392,0.628674,0.589072,0.616312,0.684426,0.593678,0.561178,0.460573,0.462586,0.521266,0.520737,0.727356,0.704828,0.264947,0.183611,0.157051,0.273273,0.400134,0.692714,0.546408,0.456744,0.433381,0.395164,0.466974,1.453092,0.714709,0.551212,0.452843,0.417695,0.388196
batch 2979,0.764479,0.645473,0.615260,0.635262,0.711808,0.586906,0.539943,0.464929,0.463831,0.522571,0.498155,0.740290,0.736724,0.244052,0.169884,0.137856,0.272330,0.391354,0.688977,0.505863,0.465293,0.432195,0.409391,0.500228,1.384351,0.679415,0.536983,0.472571,0.423200,0.384323
batch 2980,0.834546,0.656786,0.596266,0.614087,0.713003,0.599102,0.574876,0.465918,0.463550,0.532807,0.517096,0.724831,0.785399,0.255347,0.170654,0.132493,0.285637,0.383380,0.694327,0.527562,0.455901,0.429553,0.439463,0.437347,1.384688,0.705722,0.536268,0.455772,0.414393,0.352433
batch 2981,0.886756,0.685738,0.661217,0.626874,0.681213,0.585158,0.668321,0.484986,0.475829,0.540956,0.555118,0.743754,0.867483,0.244535,0.156488,0.128353,0.286207,0.380329,0.750184,0.575083,0.504238,0.439271,0.402661,0.465027,1.541404,0.745763,0.547096,0.494502,0.391907,0.349953
batch 2982,0.790403,0.628329,0.589188,0.580085,0.640632,0.569722,0.605502,0.471811,0.480780,0.531965,0.526647,0.723778,0.758796,0.273574,0.180380,0.142224,0.267683,0.376086,0.719887,0.552597,0.494026,0.440209,0.368091,0.492702,1.493650,0.712671,0.552802,0.473997,0.410946,0.355905
batch 2983,0.774175,0.631158,0.588455,0.609776,0.665384,0.603955,0.581154,0.477833,0.478885,0.530447,0.509938,0.733821,0.781425,0.260614,0.172724,0.141512,0.270874,0.401991,0.735999,0.550632,0.482375,0.443126,0.383768,0.503383,1.489938,0.714953,0.523979,0.453154,0.413835,0.355072
batch 2984,0.763593,0.633166,0.602016,0.614074,0.691693,0.584769,0.536139,0.453132,0.454607,0.520217,0.494285,0.739095,0.747454,0.251151,0.169942,0.126245,0.267255,0.407379,0.777212,0.598993,0.495610,0.453222,0.434059,0.443141,1.567897,0.770308,0.559375,0.476417,0.409907,0.355470
batch 2985,0.811267,0.634611,0.612158,0.604451,0.683151,0.609428,0.613159,0.482206,0.479610,0.533158,0.519866,0.715171,0.814772,0.212910,0.170532,0.137887,0.272436,0.379862,0.761901,0.575961,0.536674,0.445707,0.431954,0.451254,1.555955,0.719476,0.545723,0.455051,0.372219,0.320768
batch 2986,0.907989,0.704181,0.664719,0.673068,0.766153,0.645368,0.614674,0.475594,0.484062,0.538486,0.515597,0.734993,0.890222,0.235820,0.174784,0.133167,0.288482,0.402320,0.770974,0.592213,0.572674,0.427271,0.383988,0.440980,1.625532,0.718190,0.524446,0.427717,0.377048,0.340895
batch 2987,0.916751,0.699532,0.632233,0.677928,0.739237,0.631670,0.611889,0.493942,0.484530,0.540277,0.529082,0.739490,0.912861,0.236037,0.161352,0.133252,0.282145,0.400035,0.793883,0.600943,0.546423,0.466413,0.474606,0.472379,1.764791,0.701148,0.517646,0.422032,0.386398,0.340086
batch 2988,0.852477,0.651644,0.612521,0.618723,0.684831,0.627961,0.614392,0.482656,0.468024,0.524696,0.535885,0.729789,0.818727,0.258205,0.170851,0.142465,0.277067,0.388099,0.735388,0.571978,0.508397,0.453400,0.398363,0.477606,1.507858,0.738991,0.559356,0.458098,0.400280,0.351242
batch 2989,0.970358,0.729231,0.672538,0.663631,0.719847,0.651654,0.629456,0.507395,0.492454,0.555770,0.541706,0.795295,0.933693,0.237649,0.179548,0.132623,0.299258,0.446714,0.859338,0.655084,0.560348,0.495183,0.416201,0.426004,1.669468,0.794971,0.550108,0.447078,0.351295,0.312846
batch 2990,0.815501,0.663385,0.621420,0.619097,0.718037,0.621262,0.577020,0.477798,0.471013,0.528420,0.517407,0.785539,0.759960,0.287455,0.174409,0.154234,0.315982,0.445753,0.704224,0.528571,0.457333,0.464943,0.402895,0.463981,1.459510,0.761320,0.566582,0.467513,0.431086,0.380684
batch 2991,0.739873,0.615860,0.605911,0.629851,0.679653,0.592451,0.507427,0.458517,0.457142,0.528464,0.506854,0.739141,0.717979,0.237742,0.160000,0.135613,0.268218,0.399146,0.711795,0.565198,0.486853,0.428032,0.347230,0.468762,1.526041,0.686218,0.514159,0.429935,0.382650,0.365210
batch 2992,0.736891,0.602504,0.589398,0.588330,0.705912,0.557888,0.552421,0.449300,0.453974,0.500948,0.497778,0.715679,0.692225,0.261433,0.168276,0.137622,0.265274,0.377949,0.637901,0.479153,0.463197,0.446186,0.386262,0.471185,1.344572,0.692677,0.514258,0.448483,0.418286,0.394541
batch 2993,0.877920,0.725115,0.656349,0.651613,0.685608,0.620586,0.586138,0.471381,0.474412,0.517209,0.526157,0.764180,0.833080,0.227571,0.167035,0.134288,0.280047,0.410386,0.800973,0.633861,0.567393,0.442319,0.366698,0.453907,1.517856,0.726161,0.491656,0.405971,0.344964,0.325546
batch 2994,0.832914,0.679740,0.617395,0.632352,0.666288,0.557439,0.568684,0.465625,0.458794,0.517606,0.530263,0.743324,0.755823,0.239927,0.160993,0.129011,0.269594,0.381452,0.761023,0.605067,0.540659,0.449087,0.416838,0.449022,1.493827,0.716826,0.538470,0.418108,0.397960,0.339924
batch 2995,0.703355,0.591849,0.566614,0.557753,0.616555,0.560413,0.550399,0.450559,0.451368,0.526234,0.517114,0.723773,0.693470,0.271795,0.184055,0.145460,0.251849,0.386992,0.720376,0.560478,0.481419,0.441723,0.372922,0.470243,1.436761,0.707231,0.539072,0.462808,0.399054,0.367380
batch 2996,0.761756,0.608137,0.582523,0.562966,0.634861,0.556174,0.558062,0.462970,0.462930,0.512570,0.522032,0.738541,0.697374,0.246298,0.175976,0.135308,0.255032,0.390758,0.713477,0.526855,0.484452,0.486824,0.400760,0.462342,1.481435,0.704587,0.532156,0.446686,0.398416,0.361831
batch 2997,0.705284,0.616790,0.587782,0.620526,0.673309,0.574985,0.525993,0.459549,0.462316,0.512133,0.500830,0.709714,0.678513,0.267405,0.177854,0.139357,0.255282,0.381447,0.749029,0.576023,0.488785,0.425333,0.385080,0.445049,1.540244,0.759029,0.556323,0.451384,0.418020,0.393685
batch 2998,0.743911,0.637044,0.592327,0.617178,0.687456,0.605981,0.537332,0.449090,0.453753,0.506950,0.512685,0.728677,0.668650,0.260354,0.176019,0.144275,0.271634,0.401117,0.763697,0.570957,0.512948,0.443486,0.412906,0.420736,1.583227,0.765706,0.570889,0.459773,0.423093,0.363684
batch 2999,0.710723,0.579094,0.599507,0.585191,0.661563,0.580751,0.572619,0.461415,0.457377,0.514569,0.495222,0.751072,0.685390,0.269046,0.176012,0.142528,0.268309,0.415310,0.707949,0.520479,0.460736,0.432996,0.369902,0.478409,1.480032,0.705424,0.518320,0.437458,0.433649,0.391118
